Título,Fecha,País,Provincia/Estado,Lugar,Lugar específico,Colecciones,Video,ID,Slogan,Descripción,Miniatura,Verificado,Estado audiovisual,Videoxxx,URL
Asunción de las nuevas autoridades del Partido Justicialista de Capital Federal,27/04/2005,Argentina,Capital Federal,,Estadio de Obras Sanitarias,Acto partidario,,CFK-20050427-01,,,,No,🔍 Buscar video,,
Lanzamiento de la candidatura a Senadora Nacional por la provincia de Buenos Aires en el Teatro Argentino de La Plata,07/07/2005,Argentina,Buenos Aires,La Plata,Teatro Argentino de La Plata,Acto partidario,,CFK-20050707-01,,,,No,🔍 Buscar video,,
Homenaje a Evita en Berazategui,26/07/2005,Argentina,Buenos Aires,Berazategui,,Evita,,CFK-20050726-01,,,,No,🔍 Buscar video,,
Visita a José C. Paz,12/09/2005,Argentina,Buenos Aires,José C. Paz,,,,CFK-20051209-01,,,,No,🔍 Buscar video,,
"Conferencia ""Realidad de América Latina y la Argentina”",23/04/2007,México,,Ciudad de México,,Conferencias y disertaciones,,CFK-20070423-01,,,,No,🔍 Buscar video,,
Acto de inauguración de la sala de cine argentino en la embajada argentina en México,24/04/2007,México,,Ciudad de México,Embajada argentina en México,,,CFK-20070424-01,,,,No,🔍 Buscar video,,
Discurso en el Senado mexicano,24/04/2007,México,,Ciudad de México,Senado de México,,,CFK-20070424-02,,,,No,🔍 Buscar video,,
"Cena anual del American Jewish Committe, en Washington, Estados Unidos",03/05/2007,Estados Unidos,,Washington,,,,CFK-20070503-01,,,,No,🔍 Buscar video,,
Segundo Seminario internacional de modernización del Estado,30/05/2007,Argentina,,,,Conferencias y disertaciones,,CFK-20070530-01,,,,No,🔍 Buscar video,,
"Reunión con empresarios y sindicalistas realizada en Ginebra, Suiza",12/06/2007,Suiza,,Ginebra,,Organización Internacional del Trabajo,,CFK-20070612-01,,,,No,🔍 Buscar video,,
"Discurso en la Organización Internacional del Trabajo en Ginebra, Suiza",14/06/2007,Suiza,,Ginebra,Sede de la Organización Internacional del Trabajo,Organización Internacional del Trabajo,,CFK-20070614-02,,,,No,🔍 Buscar video,,
"Palabras al término de la reunión con el director de la Organización Mundial de Comercio, Pascual Lamy",14/06/2007,Suiza,,Ginebra,,Conferencias de prensa y entrevistas,,CFK-20070614-01,,,,No,🔍 Buscar video,,
Acto de clausura del segundo congreso internacional extraordinario de filosofía,12/07/2007,Argentina,San Juan,San Juan,,Conferencias y disertaciones,,CFK-20071207-01,,,,No,🔍 Buscar video,,
Presentación de la candidatura presidencial,19/07/2007,Argentina,Buenos Aires,La Plata,Teatro Argentino de La Plata,,,CFK-20070719-01,,,,No,🔍 Buscar video,,
Discurso en la localidad de Chivilcoy,02/10/2007,Argentina,Buenos Aires,Chivilcoy,,,,CFK-20071002-01,,,,No,🔍 Buscar video,,
"Declaraciones después de la reunión con el presidente de la República Federativa de Brasil, Luiz Inacio ""Lula"" da Silva, en Brasilia.",19/11/2007,Brasil,,Brasilia,,Conferencias de prensa y entrevistas,,CFK-20071119-01,,,,No,🔍 Buscar video,,
Acto de entrega de los premios Bernardo Boussay 2007,27/11/2007,Argentina,Capital Federal,,Casa de Gobierno - Salón Sur,,,CFK-20071127-01,,,,No,🔍 Buscar video,,
"Inauguración de obras del canal de desvío de las aguas del Arroyo Aguapey, en Paraguay",29/11/2007,Paraguay,,Ayolas,,,,CFK-20071129-01,,,,No,🔍 Buscar video,,
"Palabras al término de la audiencia con los representantes de las cámaras de supermercadistas, autoservicistas, almaceneros y distribuidores mayoristas",30/11/2007,Argentina,Capital Federal,,Casa de Gobierno,Conferencias de prensa y entrevistas,,CFK-20071130-01,,,,No,🔍 Buscar video,,
Acto de inauguración de la Plaza Colón,06/12/2007,Argentina,Capital Federal,,,,,CFK-20071206-01,,,,No,🔍 Buscar video,,
"Acto de asunción del intendente Sergio Massa del partido de Tigre, Provincia de Buenos Aires",07/12/2007,Argentina,Buenos Aires,Tigre,,,,CFK-20071207-02,,,,No,🔍 Buscar video,,
Cena agasajo a mandatarios extranjeros,09/12/2007,Argentina,Capital Federal,,Casa de Gobierno,,,CFK-20071209-01,,,,No,🔍 Buscar video,,
Asunción del mandato presidencial período 2007-2011,10/12/2007,Argentina,Capital Federal,,Congreso de la Nación,Asunciones y apertura de sesiones,,CFK-20071210-01,,,https://static.eldiario.es/clip/d77b3204-1556-4b6f-9f3a-d22abe7e20f9_16-9-discover-aspect-ratio_default_0.webp,No,🔍 Buscar video,https://goo.su/XYze8,https://goo.su/XYze8
"Acto de inauguración de obras en la ruta provincial 36, en Berazategui, provincia de Buenos Aires",12/12/2007,Argentina,Buenos Aires,Berazategui,,,,CFK-20071212-01,,,,No,🔍 Buscar video,,
"Ceremonia de egreso de las promociones 38, 39 y 40, del Instituto de Servicio Exterior de la Nación",13/12/2007,Argentina,Capital Federal,,Casa de Gobierno - Salón Blanco,,,CFK-20071213-02,,,,No,🔍 Buscar video,,
"Acto de presentación del programa erradicación, limpieza y cierre de basurales en la cuenca matanza-riachuelo",13/12/2007,Argentina,Capital Federal,,Casa de Gobierno - Salón Sur,,,CFK-20071213-01,,,,No,🔍 Buscar video,,
"Acto de firma de contrato para la construcción de una usina termoeléctrica en Rio Turbio, provincia de Santa Cruz",14/12/2007,Argentina,Santa Cruz,Rio Turbio,,,,CFK-20071214-01,,,,No,🔍 Buscar video,,
Inauguración del hotel de la UOCRA en Mar del Plata,17/12/2007,Argentina,Buenos Aires,Mar del Plata,,,,CFK-20071217-01,,,,No,🔍 Buscar video,,
Acto de asunción como presidenta pro tempore del MERCOSUR,18/12/2007,Uruguay,,Montevideo,,MERCOSUR,,CFK-20071218-01,,,,No,🔍 Buscar video,,
"Reunión del MERCOSUR realizada en Montevideo, República Oriental del Uruguay",18/12/2007,Uruguay,,Montevideo,,MERCOSUR,,CFK-20071219-02,,,,No,🔍 Buscar video,,
"Inauguración del campus de la Universidad San Martín, de la provincia de Buenos Aires",19/12/2007,Argentina,Buenos Aires,San Martín,Universidad Nacional de San Martín,Universidades Nacionales,,CFK-20071219-01,,,,No,🔍 Buscar video,,
"Ceremonia de egreso conjunto de los cadetes de las fuerzas armadas, realizado en el colegio militar de la nación",20/12/2007,Argentina,Buenos Aires,El Palomar,Colegio Militar de la Nación,Fuerzas Armadas,,CFK-20071220-01,,,,No,🔍 Buscar video,,
Firma del convenio marco de adhesión al programa nacional de uso racional y eficiente de la energía,21/12/2007,Argentina,Capital Federal,,Casa de Gobierno - Salón Blanco,,,CFK-20071221-01,,,,No,🔍 Buscar video,,
Anuncio de obras para el municipio de Puerto Deseado,26/12/2007,Argentina,Capital Federal,,Casa de Gobierno - Salón Sur,,,CFK-20071226-01,,,,No,🔍 Buscar video,,
Ceremonia de ascensos a oficiales superiores de las fuerzas armadas,27/12/2007,Argentina,Capital Federal,,Casa de Gobierno - Salón Blanco,Fuerzas Armadas,,CFK-20071227-01,,,,No,🔍 Buscar video,,
"Inauguración de obras de urbanización en la Villa La Cava, en San Isidro, provincia de Buenos Aires",27/12/2007,Argentina,Buenos Aires,San Isidro,,,,CFK-20071227-02,,,,No,🔍 Buscar video,,
Presentación del plan de gestión integral de recursos hídricos de la cuenca Salí-Dulce,08/01/2008,Argentina,Capital Federal,,Casa de Gobierno,,,CFK-20080108-01,,,,No,🔍 Buscar video,,
Presentación del plan de recursos hídricos de la cuenca Salí Dulce,09/01/2008,Argentina,Capital Federal,,Casa de Gobierno - Salón Sur,,,CFK-20080109-01,,,,No,🔍 Buscar video,,
Presentación del plan de capacitación de empleados jóvenes “Más y mejor trabajo”,10/01/2008,Argentina,Capital Federal,,Casa de Gobierno - Salón Sur,,,CFK-20080110-01,,,,No,🔍 Buscar video,,
"Firma de convenio con la municipalidad de Tigre, en el marco del programa de uso eficiente y racional de energía",11/01/2008,Argentina,Capital Federal,,Casa de Gobierno - Salón Sur,,,CFK-20081101-01,,,,No,🔍 Buscar video,,
Firma del decreto de adjudicación del tren de alta velocidad corredor Buenos Aires-Rosario-Córdoba,16/01/2008,Argentina,Capital Federal,,Casa de Gobierno - Salón Sur,,,CFK-20080116-01,,,,No,🔍 Buscar video,,
"Inauguración de viviendas en el municipio de José C. Paz, provincia de Buenos Aires",17/01/2008,Argentina,Buenos Aires,José C. Paz,,,,CFK-20080117-01,,,,No,🔍 Buscar video,,
Lanzamiento de la licitación de la obra de interconexión energética Comahue-Cuyo,18/01/2008,Argentina,Capital Federal,,Casa de Gobierno,,,CFK-20080118-01,,,,No,🔍 Buscar video,,
"Anuncio de la creación de un polo científico tecnológico, en el predio de las ex bodegas Giol, en Palermo",23/01/2008,Argentina,Capital Federal,,Casa de Gobierno,,,CFK-20080123-02,,,,No,🔍 Buscar video,,
Adjudicación del soterramiento del corredor ferroviario Caballito-Moreno de la línea Sarmiento,23/01/2008,Argentina,Capital Federal,,Casa de Gobierno,,,CFK-20080123-01,,,,No,🔍 Buscar video,,
"Inauguración de una planta de tratamiento de líquidos cloacales, en Villa Carlos Paz, en Córdoba",24/01/2008,Argentina,Córdoba,"Córdoba, Villa Carlos Paz",,,,CFK-20080124-01,,,,No,🔍 Buscar video,,
"Apertura de ofertas económicas para el gasoducto NEA con la presencia del presidente de la República de Bolivia, Evo Morales",25/01/2008,Argentina,Capital Federal,,Casa de Gobierno - Salón Blanco,,,CFK-20080125-01,,,,No,🔍 Buscar video,,
"Apertura de la licitación presa de embalse ""El Bolsón”",28/01/2008,Argentina,Capital Federal,,Casa de Gobierno - Salón Blanco,,,CFK-20080128-01,,,,No,🔍 Buscar video,,
"Firma de convenio con municipios del conurbano bonaerense del ""programa del uso racional y eficiente de la energía”",29/01/2008,Argentina,Capital Federal,,Casa de Gobierno - Salón Sur,,,CFK-20080129-01,,,,No,🔍 Buscar video,,
Firma del contrato de adjudicación de los nuevos accesos ferroviarios al puerto de Buenos Aires,30/01/2008,Argentina,Capital Federal,,Casa de Gobierno,,,CFK-20080130-01,,,,No,🔍 Buscar video,,
"Acto de adjudicación de obras para la ejecución del proyecto Circunvalar Rosario, provincia de Santa Fe",31/01/2008,Argentina,Capital Federal,,Casa de Gobierno - Salón Sur,,,CFK-20080131-02,,,,No,🔍 Buscar video,,
Llamado a licitación para la construcción de la planta potabilizadora Paraná de Las Palmas,31/01/2008,Argentina,Capital Federal,,Casa de Gobierno - Salón Sur,,,CFK-20080131-01,,,,No,🔍 Buscar video,,
"Visita a una granja avícola en Concepción del Uruguay, provincia de Entre Ríos",01/02/2008,Argentina,Entre Ríos,Concepción del Uruguay,,,,CFK-20080201-01,,,,No,🔍 Buscar video,,
"Visita a la ciudad de Necochea, provincia de Buenos Aires",04/02/2008,Argentina,Buenos Aires,Necochea,,,,CFK-20080204-01,,,,No,🔍 Buscar video,,
"Visita a la localidad de Máximo Paz, provincia de Buenos Aires",05/02/2008,Argentina,Buenos Aires,Cañuelas,,,,CFK-20080205-01,,,,No,🔍 Buscar video,,
Lanzamiento del plan nacional de seguridad vial,06/02/2008,Argentina,Capital Federal,,Casa de Gobierno,,,CFK-20080206-01,,,,No,🔍 Buscar video,,
Apertura de sobres al llamado de licitación para la construcción de la planta depuradora de líquidos cloacales en Berazategui,07/02/2008,Argentina,Buenos Aires,Berazategui,,,,CFK-20080207-01,,,,No,🔍 Buscar video,,
Presentación y apertura de ofertas para el corredor ferroviario de alta velocidad Buenos Aires-Mar del Plata,08/02/2008,Argentina,Capital Federal,,Casa de Gobierno - Salón Blanco,,,CFK-20080208-02,,,,No,🔍 Buscar video,,
"Inauguración del aeropuerto ""Gobernador Trejo Noel"", en la ciudad de Río Grande",08/02/2008,Argentina,Tierra del Fuego Antártida e Islas del Atlántico Sur,Río Grande,,,,CFK-20080208-01,,,,No,🔍 Buscar video,,
"Visita a la bodega Luigi Bosca, en Luján de Cuyo, Mendoza",11/02/2008,Argentina,Mendoza,"Luján de Cuyo, Mendoza",,,,CFK-20080211-01,,,,No,🔍 Buscar video,,
Incorporación de municipios bonaerenses al programa de uso racional y eficiente de la energía,12/02/2008,Argentina,Capital Federal,,Casa de Gobierno - Salón Sur,,,CFK-20080212-02,,,,No,🔍 Buscar video,,
Visita a la ciudad de Córdoba,12/02/2008,Argentina,Córdoba,Córdoba,Universidad Nacional de Córdoba,Universidades Nacionales,,CFK-20080212-01,,,,No,🔍 Buscar video,,
"Firma de inicio de obras autovía Trelew-Puerto Madryn, en el Salón Sur",13/02/2008,Argentina,Capital Federal,,Casa de Gobierno - Salón Sur,,,CFK-20080213-02,,,,No,🔍 Buscar video,,
"Recibimiento del presidente de Guinea Ecuatorial, Obiang Nguema Mbasogo y la comitiva que le acompaña, a la Casa Rosada",13/02/2008,Argentina,Capital Federal,,Casa de Gobierno - Salón Blanco,Visitas de mandatarios extranjeros,,CFK-20080213-01,,,,No,🔍 Buscar video,,
131º aniversario del Lago Argentino,15/02/2008,Argentina,Santa Cruz,El Calafate,,,,CFK-20080215-01,,,,No,🔍 Buscar video,,
Entrega de patrulleros y motos a la policía,19/02/2008,Argentina,Capital Federal,Palermo,,,,CFK-20080219-02,,,,No,🔍 Buscar video,,
"Firma de convenios con municipios del conurbano bonaerense, en el marco del programa de uso racional y eficiente de energía",19/02/2008,Argentina,Capital Federal,,Casa de Gobierno - Salón Sur,,,CFK-20080219-01,,,,No,🔍 Buscar video,,
Firma de contrato para la construcción de colectores cloacales y estación elevadora Moreno,20/02/2008,Argentina,Capital Federal,,Casa de Gobierno - Salón Sur,,,CFK-20080220-01,,,,No,🔍 Buscar video,,
"Almuerzo ofrecido en honor del presidente de la Republica Federativa del Brasil, Luiz Inacio ""Lula"" da Silva",22/02/2008,Argentina,Capital Federal,,Palacio San Martín,Visitas de mandatarios extranjeros,,CFK-20080222-01,,,,No,🔍 Buscar video,,
Apertura de ofertas para la licitación de obras de saneamiento en la cuenca Matanza-Riachuelo,26/02/2008,Argentina,Capital Federal,,Casa de Gobierno - Salón Blanco,,,CFK-20080226-02,,,,No,🔍 Buscar video,,
"Visita a Villa Gobernador Gálvez, provincia de Santa Fe",26/02/2008,Argentina,Santa Fe,"Santa Fe, Villa Gobernador Gálvez",,,,CFK-20080226-01,,,,No,🔍 Buscar video,,
"Firma de convenio con municipios del conurbano bonaerense, en el marco del programa de uso racional y eficiente de energía",27/02/2008,Argentina,Capital Federal,,Casa de Gobierno - Salón Sur,,,CFK-20080227-01,,,,No,🔍 Buscar video,,
Presentación del plan federal de infraestructura para la ciencia y la tecnología año 2008-2011,28/02/2008,Argentina,Capital Federal,,Casa de Gobierno - Salón Sur,,,CFK-20080228-01,,,,No,🔍 Buscar video,,
Apertura del 126° período de sesiones ordinarias del Congreso,01/03/2008,Argentina,Capital Federal,,Congreso de la Nación,Asunciones y apertura de sesiones,,CFK-20080301-01,,,https://www.cfkargentina.com/wp-content/uploads/2013/03/asamblea1-530x383.jpg,No,🔍 Buscar video,https://1drv.ms/v/c/0acaa6780c141b17/IQAXGxQMeKbKIIAKigEAAAAAASmPE4f2ROm4DMiJ_T0dupk?e=qI55gW,https://goo.su/9ASFr
Acto realizado por la federación nacional de camioneros,04/03/2008,Argentina,Capital Federal,,,Acto partidario,,CFK-20080304-01,,,,No,🔍 Buscar video,,
"Lanzamiento de línea de financiación para las pymes, del Banco de la Nación Argentina",05/03/2008,Argentina,Capital Federal,,Banco Nación,,,CFK-20080503-01,,,,No,🔍 Buscar video,,
Palabras al recibir las llaves de la ciudad de Caracas,06/03/2008,Venezuela,,Caracas,,Viajes al exterior,,CFK-20080306-02,,,,No,🔍 Buscar video,,
"Firma de convenio y la declaración conjunta con la República Bolivariana de Venezuela, en el palacio de Miraflores, Venezuela",06/03/2008,Venezuela,,Caracas,Palacio de Miraflores,Viajes al exterior,,CFK-20080306-01,,,,No,🔍 Buscar video,,
Visita a la República de Haití,06/03/2008,Haití,,Puerto Príncipe,,Viajes al exterior,,CFK-20080306-03,,,,No,🔍 Buscar video,,
XX Cumbre de Jefes Estado del Grupo de Río en Santo Domingo,07/03/2008,República Dominicana,,Santo Domingo,,Grupo de Río,,CFK-20080307-01,,,,No,🔍 Buscar video,,
"Inauguración escuela en Larroque, Entre Ríos",10/03/2008,Argentina,Entre Ríos,Larroque,,,,CFK-20080310-02,,,,No,🔍 Buscar video,,
Presentación del programa Energía Total,10/03/2008,Argentina,Capital Federal,,Casa de Gobierno - Salón Sur,,,CFK-20080310-01,,,,No,🔍 Buscar video,,
Licitación de obras ferrocarril General Roca,11/03/2008,Argentina,Capital Federal,,Casa de Gobierno - Salón Sur,,,CFK-20080311-01,,,,No,🔍 Buscar video,,
Firma de convenios para el Programa de Uso Racional de Energía,12/03/2008,Argentina,Capital Federal,,Casa de Gobierno - Salón Sur,,,CFK-20080312-01,,,,No,🔍 Buscar video,,
"Anuncio crédito fiscal 2008 para proyectos de Ciencia, Tecnología e Innovación Productiva",13/03/2008,Argentina,Capital Federal,,Casa de Gobierno - Salón Sur,,,CFK-20080313-01,,,,No,🔍 Buscar video,,
"Inauguración de la Ruta Nacional 81, Salta",13/03/2008,Argentina,Salta,Salta,,,,CFK-20080313-02,,,,No,🔍 Buscar video,,
Licitación para la extensión del Tranvía del Este de Retiro a La Boca,14/03/2008,Argentina,Capital Federal,,Casa de Gobierno - Salón Sur,,,CFK-20080314-01,,,,No,🔍 Buscar video,,
"Acto de inauguración de la muestra fotográfica de Walter Roil, en el calafate, provincia de Santa Cruz",17/03/2008,Argentina,Santa Cruz,El Calafate,,,,CFK-20080317-02,,,,No,🔍 Buscar video,,
Presentación del Plan Estratégico Territorial “Argentina del Bicentenario”,17/03/2008,Argentina,Capital Federal,,Casa de Gobierno - Salón Blanco,,,CFK-20080317-01,,,,No,🔍 Buscar video,,
Inauguración Central Termoeléctrica Manuel Belgrano,18/03/2008,Argentina,Buenos Aires,Campana,,,,CFK-20080318-01,,,,No,🔍 Buscar video,,
Apertura de ofertas para el Centro Cultural del Bicentenario,18/03/2008,Argentina,Capital Federal,,Casa de Gobierno - Salón Sur,Bicentenario,,CFK-20080318-02,,,,No,🔍 Buscar video,,
Inauguración de planta de tratamiento en la mina Martha en Gobernador Gregores,19/03/2008,Argentina,Santa Cruz,Gobernador Gregores,,,,CFK-20080319-01,,,,No,🔍 Buscar video,,
"Conmemoración del 86° aniversario de la ciudad de Gobernador Gregores, Santa Cruz",19/03/2008,Argentina,Santa Cruz,Gobernador Gregores,,,,CFK-20080319-02,,,,No,🔍 Buscar video,,
Encuentro en Parque Norte,27/03/2008,Argentina,Capital Federal,,Parque Norte,Acto partidario,,CFK-20080327-01,,,,No,🔍 Buscar video,,
Firma del convenio entre AYSA y municipios del conurbano bonaerense,27/03/2008,Argentina,Capital Federal,,Casa de Gobierno - Salón Sur,,,CFK-20080325-01,,,,No,🔍 Buscar video,,
Inauguración de la sede Caseros II de la Universidad de Tres de Febrero,28/03/2008,Argentina,Buenos Aires,Tres de Febrero,Universidad Nacional de Tres de Febrero,Universidades Nacionales,,CFK-20080328-01,,,,No,🔍 Buscar video,,
Anuncio medidas sector agropecuario,31/03/2008,Argentina,Capital Federal,,Casa de Gobierno - Salón Blanco,,,CFK-20080331-01,,,,No,🔍 Buscar video,,
Encuentro por la convivencia y el diálogo en Plaza de Mayo,01/04/2008,Argentina,Capital Federal,,Plaza de Mayo,Acto partidario,,CFK-20080401-01,,,,No,🔍 Buscar video,,
Día del veterano y de los caídos en la guerra de Malvinas,02/04/2008,Argentina,Buenos Aires,El Palomar,Colegio Militar de la Nación,Malvinas,,CFK-20080402-01,,,,No,🔍 Buscar video,,
Visita al partido de Lanús,03/04/2008,Argentina,Buenos Aires,Lanús,,,,CFK-20080403-01,,,,No,🔍 Buscar video,,
Cristina Fernández en el acto de entrega de Viviendas,04/04/2008,Argentina,Capital Federal,,Casa de Gobierno - Salón Sur,,,CFK-20080404-01,,,,No,🔍 Buscar video,,
Encuentro con el mandatario francés Nicolás Sarkozy,07/04/2008,Francia,,Paris,,Viajes al exterior,,CFK-20080407-05,,,,No,🔍 Buscar video,,
Inauguración de la plaza “Jardín de las Abuelas y Madres de Plaza de Mayo” en París,07/04/2008,Francia,,Paris,,Viajes al exterior,,CFK-20080407-06,,,,No,🔍 Buscar video,,
Palabras en la sede de la UNESCO,07/04/2008,Francia,,Paris,Sede de la UNESCO,Viajes al exterior,,CFK-20080407-01,,,,No,🔍 Buscar video,,
Presentación del programa nacional de cardiopatías congénitas,08/04/2008,Argentina,Capital Federal,,Casa de Gobierno - Salón Sur,,,CFK-20080408-01,,,,No,🔍 Buscar video,,
Inauguración de planta potabilizadora de agua y obras de infraestructura en Quilmes,09/04/2008,Argentina,Buenos Aires,Quilmes,,,,CFK-20080409-01,,,,No,🔍 Buscar video,,
Llamado a licitación para obras de electrificación e ingeniería del ferrocarril San Martin,10/04/2008,Argentina,Capital Federal,,Casa de Gobierno - Salón Sur,,,CFK-20080410-01,,,,No,🔍 Buscar video,,
Lanzamiento del Plan de Abordaje Integral,11/04/2008,Argentina,Capital Federal,,Casa de Gobierno - Salón Blanco,,,CFK-20080411-01,,,,No,🔍 Buscar video,,
Apertura a licitación de la represa Cóndor Cliff,14/04/2008,Argentina,Capital Federal,,Casa de Gobierno - Salón Sur,,,CFK-20080414-01,,,,No,🔍 Buscar video,,
Inauguración de un hospital en la ciudad tucumana de Aguilares,15/04/2008,Argentina,Tucumán,Aguilares,,,,CFK-20080415-01,,,,No,🔍 Buscar video,,
Entrega de certificados del programa municipios y comunidades saludables,15/04/2008,Argentina,Capital Federal,,Casa de Gobierno - Salón Sur,,,CFK-20080415-02,,,,No,🔍 Buscar video,,
"Firma del contrato de reconstrucción del muelle Parque España, en Rosario",16/04/2008,Argentina,Capital Federal,,Casa de Gobierno - Salón Sur,,,CFK-20080416-01,,,,No,🔍 Buscar video,,
Inauguración de la planta industrial Sigdopack en Campana,17/04/2008,Argentina,Buenos Aires,Campana,,,,CFK-20080417-02,,,,No,🔍 Buscar video,,
Firma de convenios con el Banco Interamericano de Desarrollo,17/04/2008,Argentina,Capital Federal,,Casa de Gobierno - Salón Blanco,,,CFK-20080417-01,,,,No,🔍 Buscar video,,
Visita a Zárate,19/04/2008,Argentina,Buenos Aires,Zárate,,,,CFK-20080419-01,,,,No,🔍 Buscar video,,
"Almuerzo ofrecido por Rafael Correa, presidente de la República de Ecuador en Quito",21/04/2008,Ecuador,,Quito,,Viajes al exterior,,CFK-20080421-06,,,,No,🔍 Buscar video,,
Firma de convenios con la República de Ecuador en Quito,21/04/2008,Ecuador,,Quito,,Viajes al exterior,,CFK-20080421-05,,,,No,🔍 Buscar video,,
"Visita a una iglesia jesuita en Quito, Ecuador",21/04/2008,Ecuador,,Quito,,Viajes al exterior,,CFK-20080421-02,,,,No,🔍 Buscar video,,
"Inauguración del Centro Argentino de Estudios Políticos y Sociales y del fondo Bibliográfico “Arturo Jauretche” en la sede de FLACSO, Quito",21/04/2008,Ecuador,,Quito,Sede de FLACSO,Viajes al exterior,,CFK-20080421-01,,,,No,🔍 Buscar video,,
Convenios con municipios por proyecto hortícola del oeste,22/04/2008,Argentina,Capital Federal,,Casa de Gobierno - Salón Blanco,,,CFK-20080422-01,,,,No,🔍 Buscar video,,
Apertura de sobres para la refacción y equipamiento del Hospital Posadas,23/04/2008,Argentina,Capital Federal,,Casa de Gobierno - Salón Sur,,,CFK-20080423-01,,,,No,🔍 Buscar video,,
"Inauguración de viviendas, Posadas, Misiones",24/04/2008,Argentina,Capital Federal,Posadas,,,,CFK-20080424-02,,,,No,🔍 Buscar video,,
Presentación del Plan Federal para la finalización de la educación primaria y secundaria,24/04/2008,Argentina,Capital Federal,,Casa de Gobierno,,,CFK-20080424-01,,,,No,🔍 Buscar video,,
Seminario “La mujer y la alianza de las civilizaciones: oportunidades y desafios”,28/04/2008,Argentina,Capital Federal,,Palacio San Martín,Conferencias y disertaciones,,CFK-20080428-02,,,,No,🔍 Buscar video,,
"Visita a Añatuya, Santiago del Estero",28/04/2008,Argentina,Santiago del Estero,Añatuya,,,,CFK-20080428-01,,,,No,🔍 Buscar video,,
Adjudicación de la obra del tren de alta velocidad Buenos Aires-Rosario-Córdoba,29/04/2008,Argentina,Capital Federal,,Casa de Gobierno - Salón Sur,,,CFK-20080429-01,,,,No,🔍 Buscar video,,
Inauguración de la estación transformadora Santa Cruz Norte del sistema argentino de interconexion,30/04/2008,Argentina,Santa Cruz,Pico Truncado,,,,CFK-20080430-01,,,,No,🔍 Buscar video,,
Presentación del Museo del Hielo,02/05/2008,Argentina,Santa Cruz,El Calafate,Museo del Hielo,,,CFK-20080502-02,,,,No,🔍 Buscar video,,
Modernización de Equipamiento de la Agencia Nacional de Promoción Científica y Tecnológica,05/05/2008,Argentina,Capital Federal,,Casa de Gobierno,,,CFK-20080505-01,,,,No,🔍 Buscar video,,
Entrega de Premios a la Educación 2008,06/05/2008,Argentina,Capital Federal,,Casa de Gobierno,,,CFK-20080506-01,,,,No,🔍 Buscar video,,
Acto de inauguración del Hospital Federico Abete,06/05/2008,Argentina,Buenos Aires,Malvinas Argentinas,,,,CFK-20080506-02,,,,No,🔍 Buscar video,,
"Firma del acta inicio de obras para el NOA ",07/05/2008,Argentina,Capital Federal,,Casa de Gobierno - Salón Sur,,,CFK-20080507-01,,,,No,🔍 Buscar video,,
Inauguración Cooperativa Textil Tupac Amaru,08/05/2008,Argentina,Jujuy,San Salvador de Jujuy,,,,CFK-20080508-03,,,,No,🔍 Buscar video,,
Inauguración del edificio del colegio secundario n°3 “Éxodo jujeño”,08/05/2008,Argentina,Jujuy,San Salvador de Jujuy,,,,CFK-20080508-02,,,,No,🔍 Buscar video,,
Visita al colegio “Exodo jujeño”,08/05/2008,Argentina,Jujuy,San Salvador de Jujuy,,,,CFK-20080508-01,,,,No,🔍 Buscar video,,
Firma de Convenios Bilaterales con la República de Austria,09/05/2008,Argentina,Capital Federal,,Casa de Gobierno - Salón Blanco,Visitas de mandatarios extranjeros,,CFK-20080509-03,,,,No,🔍 Buscar video,,
Almuerzo de honor ofrecido canciller de federal de la República de Austria,09/05/2008,Argentina,Capital Federal,,Palacio San Martín,Visitas de mandatarios extranjeros,,CFK-20080509-01,,,,No,🔍 Buscar video,,
Presentación del Centro de Estudios Estratégicos para la Defensa Manuel Belgrano,09/05/2008,Argentina,Capital Federal,,Edificio Libertador,,,CFK-20080509-02,,,,No,🔍 Buscar video,,
Acto de entrega de certificados al primer curso universitario de formación de posgrado para médicos de cabecera de PAMI,12/05/2008,Argentina,Capital Federal,,Casa de Gobierno - Salón Sur,,,CFK-20080512-01,,,,No,🔍 Buscar video,,
Inicio de obra para la Autopista Río Cuarto- Córdoba,13/05/2008,Argentina,Capital Federal,,Casa de Gobierno - Salón Sur,,,CFK-20080513-01,,,,No,🔍 Buscar video,,
Asunción de Néstor Kirchner como presidente del Partido Justicialista,14/05/2008,Argentina,Buenos Aires,Tres de Febrero,Estadio Tres de Febrero (Club Almagro),Acto partidario,,CFK-20080514-01,,,,No,🔍 Buscar video,,
Inicio de obras habitacionales del noreste argentino,15/05/2008,Argentina,Capital Federal,,Casa de Gobierno - Salón Blanco,,,CFK-20080515-01,,,,No,🔍 Buscar video,,
"Disertación en la V Cumbre ALC-UE en el panel sobre “Pobreza, desigualdad e inclusión”",16/05/2008,Perú,,Lima,,Cumbre América Latina y el Caribe - Unión Europea,,CFK-20080516-01,,,,No,🔍 Buscar video,,
"Clausura del panel sobre “Pobreza, desigualdad e inclusión” en la V Cumbre ALC-UE",16/05/2008,Perú,,Lima,,Cumbre América Latina y el Caribe - Unión Europea,,CFK-20080516-02,,,,No,🔍 Buscar video,,
"Intervenciones en la cumbre presidencial ALC-UE ",17/05/2008,Perú,,Lima,,Cumbre América Latina y el Caribe - Unión Europea,,CFK-20080517-01,,,,No,🔍 Buscar video,,
Firma de obras habitacionales para las provincias de la región de Cuyo,19/05/2008,Argentina,Capital Federal,,Casa de Gobierno - Salón Sur,,,CFK-20080519-01,,,,No,🔍 Buscar video,,
Inauguración de la segunda turbina de la central hidroeléctrica Manuel Belgrano en Campana,20/05/2008,Argentina,Buenos Aires,Campana,,,,CFK-20080520-02,,,,No,🔍 Buscar video,,
Presentación del proyecto de ley de desarrollo y consolidación de sector autopartista nacional,20/05/2008,Argentina,Capital Federal,,Casa de Gobierno - Salón Blanco,,,CFK-20080520-01,,,,No,🔍 Buscar video,,
"Inauguración de la fabrica textil Santa Ana en Puerto Tirol, Chaco",21/05/2008,Argentina,Chaco,Puerto Tirol,,,,CFK-20080521-01,,,,No,🔍 Buscar video,,
Inauguración del policlínico San Antonio de Anchorena,22/05/2008,Argentina,Capital Federal,,Estadio Luna Park,,,CFK-20080522-02,,,,No,🔍 Buscar video,,
Firma de inicio de obras para soluciones habitacionales para la región patagónica,22/05/2008,Argentina,Capital Federal,,Casa de Gobierno - Salón Sur,,,CFK-20080522-01,,,,No,🔍 Buscar video,,
198° aniversario de la revolución de mayo,25/05/2008,Argentina,Salta,Salta,,Revolución de mayo,,CFK-20080525-01,,,,No,🔍 Buscar video,https://goo.su/sDoTuaQ,https://goo.su/sDoTuaQ
Acto por la firma del acuerdo de construcción de la represa Los Chihuidos I,26/05/2008,Argentina,Capital Federal,,Casa de Gobierno - Salón Sur,,,CFK-20080526-01,,,,No,🔍 Buscar video,,
Entrega de viviendas en Avellaneda,27/05/2008,Argentina,Buenos Aires,Avellaneda,,,,CFK-20080527-01,,,,No,🔍 Buscar video,,
Anuncio de obras para la Autopista Luján - Carlos Casares,28/05/2008,Argentina,Capital Federal,,Casa de Gobierno - Salón Sur,,,CFK-20080528-01,,,,No,🔍 Buscar video,,
Firma de convenios para obras en Entre Ríos,30/05/2008,Argentina,Capital Federal,,Casa de Gobierno - Salón Sur,,,CFK-20080530-01,,,,No,🔍 Buscar video,,
Cena de trabajo de la FAO,03/06/2008,Italia,,Roma,Sede de la FAO,FAO,,CFK-20080603-03,,,,No,🔍 Buscar video,,
"Cumbre mundial de la alimentación en Roma, Italia",03/06/2008,Italia,,Roma,Sede de la FAO,FAO,,CFK-20080603-05,,,,No,🔍 Buscar video,,
Reunión con representantes de organizaciones de derechos humanos en la embajada argentina en Roma,03/06/2008,Italia,,Roma,Embajada argentina en Italia,Viajes al exterior,,CFK-20080603-01,,,,No,🔍 Buscar video,,
Licitación de obras viales para Tres de Febrero y Berazategui,04/06/2008,Argentina,Capital Federal,,Casa de Gobierno - Salón Sur,,,CFK-20080604-01,,,,No,🔍 Buscar video,,
Ampliación de la Red de Agua Corriente en Rafael Castillo,05/06/2008,Argentina,Buenos Aires,La Matanza,,,,CFK-20080605-01,,,,No,🔍 Buscar video,,
Firma de acuerdo para incentivar la exportación de vacas de conserva,06/06/2008,Argentina,Capital Federal,,Casa de Gobierno,,,CFK-20080606-02,,,,No,🔍 Buscar video,,
Visita a oficinas de Google,06/06/2008,Argentina,Capital Federal,Puerto Madero,,,,CFK-20080606-01,,,,No,🔍 Buscar video,,
"Creación del fondo de redistribución social para hospitales, viviendas populares urbanas y rurales y caminos rurales",09/06/2008,Argentina,Capital Federal,,Casa de Gobierno - Salón Blanco,,,CFK-20080609-01,,,,No,🔍 Buscar video,,
Adjudicación de Obras Autopista Rosario-Córdoba,10/06/2008,Argentina,Capital Federal,,Casa de Gobierno - Salón Sur,,,CFK-20080610-02,,,,No,🔍 Buscar video,,
Apertura de sobres de la licitación de la obra que unirá la red eléctrica Comahue con Cuyo,10/06/2008,Argentina,Capital Federal,,Casa de Gobierno - Salón Sur,,,CFK-20080610-01,,,,No,🔍 Buscar video,,
"Presentación del programa HADOB (hipertensión arterial, diabetes y obesidad)",11/06/2008,Argentina,Buenos Aires,La Plata,,,,CFK-20080611-02,,,,No,🔍 Buscar video,,
Licitación de obras para el gasoducto cruce estrecho Magallanes,11/06/2008,Argentina,Capital Federal,,Casa de Gobierno - Salón Sur,,,CFK-20080611-01,,,,No,🔍 Buscar video,,
Firma de fideicomiso con la República de Cuba,12/06/2008,Argentina,Capital Federal,,Casa de Gobierno - Salón Sur,,,CFK-20080612-01,,,,No,🔍 Buscar video,,
Presentación del programa de Políticas Ambientales Territoriales,13/06/2008,Argentina,Capital Federal,,Casa de Gobierno - Salón Sur,,,CFK-20080613-01,,,,No,🔍 Buscar video,,
Reunión con entidades arroceras,13/06/2008,Argentina,Capital Federal,,Casa de Gobierno - Sala de situación,,,CFK-20080613-02,,,,No,🔍 Buscar video,,
Homenaje a víctimas del bombardeo a Plaza de Mayo,17/06/2008,Argentina,Capital Federal,,Casa de Gobierno - Salón Blanco,Homenajes y conmemoraciones,,CFK-20080617-01,,,,No,🔍 Buscar video,,
Acto por la Democracia en Plaza de Mayo,18/06/2008,Argentina,Capital Federal,,Plaza de Mayo,Acto partidario,,CFK-20080618-01,,,,No,🔍 Buscar video,,
Entrega de viviendas para Pablo Podestá,19/06/2008,Argentina,Buenos Aires,Tres de Febrero,,,,CFK-20080619-01,,,,No,🔍 Buscar video,,
La Presidenta tomó promesa de lealtad a la Bandera,20/06/2008,Argentina,Buenos Aires,Hurlingham,,20 de junio,,CFK-20080620-02,,,,No,🔍 Buscar video,,
Conmemoración del Día de la Bandera,20/06/2008,Argentina,Buenos Aires,Hurlingham,,20 de junio,,CFK-20080620-01,,,,No,🔍 Buscar video,,
Inauguración del campus de Tenaris University,23/06/2008,Argentina,Buenos Aires,Campana,,,,CFK-20080623-02,,,,No,🔍 Buscar video,,
Firma de convenio con el Banco Internacional de Reconstrucción y Fomento destinado a obras viales para Corrientes,23/06/2008,Argentina,Capital Federal,,Casa de Gobierno,,,CFK-20080623-01,,,,No,🔍 Buscar video,,
Anuncio de obras del encauzamiento del Río Salado,24/06/2008,Argentina,Capital Federal,,Casa de Gobierno,,,CFK-20080624-01,,,,No,🔍 Buscar video,,
Acto de licitación de obras para represa Los Blancos,25/06/2008,Argentina,Capital Federal,,Casa de Gobierno,,,CFK-20080625-01,,,,No,🔍 Buscar video,,
Firma de convenio de cooperación entre los ministerios de Defensa y Salud,26/06/2008,Argentina,Capital Federal,,Casa de Gobierno - Sala de situación,,,CFK-20080626-03,,,,No,🔍 Buscar video,,
Inauguración calle Ituzaingó en San Martín,26/06/2008,Argentina,Buenos Aires,San Martín,,,,CFK-20080626-02,,,,No,🔍 Buscar video,,
Convenio entre el Ministerio de Economía e industria aceitera,26/06/2008,Argentina,Capital Federal,,Casa de Gobierno - Sala de situación,,,CFK-20080626-01,,,,No,🔍 Buscar video,,
Inauguración de la Cementera Pico Truncado,27/06/2008,Argentina,Santa Cruz,Pico Truncado,,,,CFK-20080627-01,,,,No,🔍 Buscar video,,
Brindis ofrecido a los señores presidentes y jefes de estado participantes de la cumbre del MERCOSUR,30/06/2008,Argentina,Tucumán,San Miguel de Tucumán,,MERCOSUR,,CFK-20080630-01,,,,No,🔍 Buscar video,,
Cierre de la Cumbre de jefes de Estado del MERCOSUR,01/07/2008,Argentina,Tucumán,San Miguel de Tucumán,,MERCOSUR,,CFK-20080107-01,,,,No,🔍 Buscar video,,
Inauguración de la Cumbre Mercosur,01/07/2008,Argentina,Tucumán,San Miguel de Tucumán,,MERCOSUR,,CFK-20080701-02,,,,No,🔍 Buscar video,,
Homenaje a los caídos de la Policía Federal,02/07/2008,Argentina,Capital Federal,,,,,CFK-20080702-02,,,,No,🔍 Buscar video,,
"Inauguración de una planta láctea y otra de autopartes ",02/07/2008,Argentina,Buenos Aires,Chivilcoy,,,,CFK-20080702-01,,,,No,🔍 Buscar video,,
Acuerdo con productores lácteos,02/07/2008,Argentina,Capital Federal,,Casa de Gobierno - Sala de situación,,,CFK-20080702-03,,,,No,🔍 Buscar video,,
Firma de convenio de viviendas para las Fuerzas Armadas,03/07/2008,Argentina,Buenos Aires,San Miguel,,Fuerzas Armadas,,CFK-20080703-01,,,,No,🔍 Buscar video,,
Despedida a los atletas que participarán de los Juegos Olímpicos en Beijing,04/07/2008,Argentina,Capital Federal,,ENARD,Deporte,,CFK-20080704-01,,,,No,🔍 Buscar video,,
Firma de convenio para el programa de asistencia financiera para la pavimentación de áreas periurbanas de grandes ciudades,07/07/2008,Argentina,Capital Federal,,Casa de Gobierno,,,CFK-20080707-03,,,,No,🔍 Buscar video,,
Palabras de la Presidenta en acto homenaje al Dr. Norberto Centeno,07/07/2008,Argentina,Capital Federal,,,Homenajes y conmemoraciones,,CFK-20080707-02,,,,No,🔍 Buscar video,,
Cena de camaradería de las Fuerzas Armadas,07/07/2008,Argentina,Capital Federal,,Edificio Libertador,Fuerzas Armadas,,CFK-20080707-01,,,,No,🔍 Buscar video,,
Licitación del ramal Puerto Deseado-Las Heras de la línea General Roca,08/07/2008,Argentina,Capital Federal,,Casa de Gobierno - Salón Sur,,,CFK-20080708-02,,,,No,🔍 Buscar video,,
Acto del llamado a licitación para la construcción de nuevas escuelas,08/07/2008,Argentina,Capital Federal,,Casa de Gobierno - Salón Sur,,,CFK-20080708-01,,,,No,🔍 Buscar video,,
"192° aniversario de la declaración de la independencia ",09/07/2008,Argentina,Tucumán,San Miguel de Tucumán,,9 de julio,,CFK-20080709-01,,,,No,🔍 Buscar video,,
Presentación de la maestria en Defensa Nacional y Estrategia,10/07/2008,Argentina,Capital Federal,,Casa de Gobierno - Salón Blanco,Fuerzas Armadas,,CFK-20080710-01,,,,No,🔍 Buscar video,,
"Inauguración de un frigorífico en Pontevedra, Merlo, provincia de Buenos Aires",11/07/2008,Argentina,Buenos Aires,Merlo,,,,CFK-20080711-01,,,,No,🔍 Buscar video,,
Presentación de la línea de financiamiento para la producción nacional de la vacuna triple bacteriana,14/07/2008,Argentina,Capital Federal,,Casa de Gobierno - Salón Sur,,,CFK-20080714-01,,,,No,🔍 Buscar video,,
Inauguración de obras en el aeropuerto de Resistencia,17/07/2008,Argentina,Chaco,Resistencia,,,,CFK-20080717-02,,,,No,🔍 Buscar video,,
Palabras después de terminado acto inauguración aeropuerto de Resistencia,17/07/2008,Argentina,Chaco,Resistencia,,Conferencias de prensa y entrevistas,,CFK-20080717-01,,,,No,🔍 Buscar video,,
"Firma de convenios con el Presidente de Lituania, Valdas Adamkus",18/07/2008,Argentina,Capital Federal,,Casa de Gobierno - Salón Blanco,Visitas de mandatarios extranjeros,,CFK-20080718-02,,,,No,🔍 Buscar video,,
Almuerzo con el presidente de Lituania,18/07/2008,Argentina,Capital Federal,,Palacio San Martín,Visitas de mandatarios extranjeros,,CFK-20080718-01,,,,No,🔍 Buscar video,,
Firma del acta acuerdo de transferencia al estado nacional de Aerolíneas Argentinas,21/07/2008,Argentina,Capital Federal,,Casa de Gobierno - Salón Blanco,Aerolíneas Argentinas,,CFK-20080721-01,,,,No,🔍 Buscar video,,
Inauguración suministro gasífero en Berazategui,22/07/2008,Argentina,Buenos Aires,Berazategui,,,,CFK-20080722-01,,,,No,🔍 Buscar video,,
Firma de acuerdo entre la provincia de Entre Ríos y el Banco de la Nación Argentina para dar solución definitiva a las deudas de productores agropecuarios,23/07/2008,Argentina,Capital Federal,,Casa de Gobierno - Salón Sur,,,CFK-20080723-01,,,,No,🔍 Buscar video,,
Entrega de becas universitarias para carreras tecnológicas,24/07/2008,Argentina,Capital Federal,,Ministerio de Educación,,,CFK-20080724-01,,,,No,🔍 Buscar video,,
Conmemoración del 56° aniversario del fallecimiento de Evita,25/07/2008,Argentina,Buenos Aires,Berazategui,,Evita,,CFK-20080725-02,,,,No,🔍 Buscar video,,
"Acto en José C. Paz, provincia de Buenos Aires",25/07/2008,Argentina,Buenos Aires,José C. Paz,,,,CFK-20080725-01,,,,No,🔍 Buscar video,,
Anuncio de obras de pavimentación en el municipio de Ezeiza,28/07/2008,Argentina,Buenos Aires,Ezeiza,,,,CFK-20080728-01,,,,No,🔍 Buscar video,,
Inauguración de nueva turbina en la Central Térmica Güemes,29/07/2008,Argentina,Buenos Aires,"General Güemes, Salta",,,,CFK-20080729-01,,,,No,🔍 Buscar video,,
Presentación de la encuesta sobre drogadicción realizada por el Ministerio del Justicia,30/07/2008,Argentina,Buenos Aires,,Ministerio de Justicia,,,CFK-20080730-01,,,,No,🔍 Buscar video,,
Firma del convenio de política de salud para poblaciones carcelarias,31/07/2008,Argentina,Capital Federal,,Ministerio de Salud,,,CFK-20080731-02,,,,No,🔍 Buscar video,,
Firma de convenio con la municipalidad de San Martin,31/07/2008,Argentina,Buenos Aires,San Martín,,,,CFK-20080731-01,,,,No,🔍 Buscar video,,
Conferencia de prensa en la residencia de Olivos,02/08/2008,Argentina,Buenos Aires,,Residencia Presidencial de Olivos,Conferencias de prensa y entrevistas,,CFK-20080802-01,,,,No,🔍 Buscar video,,
Inauguración del encuentro empresarial “Argentina-Brasil: una alianza productiva clave”,04/08/2008,Argentina,Capital Federal,,,,,CFK-20080804-03,,,,No,🔍 Buscar video,,
Almuerzo en honor al presidente de Brasil Lula Da Silva,04/08/2008,Argentina,Capital Federal,,Palacio San Martín,Visitas de mandatarios extranjeros,,CFK-20080804-02,,,,No,🔍 Buscar video,,
Visita al partido de Almirante Brown,04/08/2008,Argentina,Buenos Aires,Almirante Brown,,,,CFK-20080804-05,,,,No,🔍 Buscar video,,
Conferencia de prensa con motivo de la suspensión del viaje a Bolivia,05/08/2008,Argentina,Capital Federal,,Casa de Gobierno - Sala de conferencias,Conferencias de prensa y entrevistas,,CFK-20080805-01,,,,No,🔍 Buscar video,,
"Visita a Berazategui, Buenos Aires",05/08/2008,Argentina,Buenos Aires,Berazategui,,,,CFK-20080805-02,,,,No,🔍 Buscar video,,
Visita a Mendoza,08/08/2008,Argentina,Mendoza,"Mendoza, Santa Rosa",,,,CFK-20080808-05,,,,No,🔍 Buscar video,,
Inauguración de escuelas en San Juan,08/08/2008,Argentina,San Juan,San Juan,,,,CFK-20080808-04,,,,No,🔍 Buscar video,,
Lanzamiento del plan de finalización de estudios,08/08/2008,Argentina,San Juan,San Juan,,,,CFK-20080808-03,,,,No,🔍 Buscar video,,
"Visita a Pocito, San Juan",08/08/2008,Argentina,San Juan,"Pocito, San Juan",,,,CFK-20080808-02,,,,No,🔍 Buscar video,,
Visita al dique Los Caracoles,08/08/2008,Argentina,San Juan,San Juan,,,,CFK-20080808-01,,,,No,🔍 Buscar video,,
Lanzamiento del nuevo Ford Focus 2008,11/08/2008,Argentina,Buenos Aires,Tigre,,,,CFK-20080811-01,,,,No,🔍 Buscar video,,
"Entrega de viviendas en Santa Rosa, La Pampa",12/08/2008,Argentina,La Pampa,Santa Rosa,,,,CFK-20080812-01,,,,No,🔍 Buscar video,,
Visita al Instituto Nacional de Tecnología Industrial,13/08/2008,Argentina,Buenos Aires,San Martín,Instituto Nacional de Tecnología Industrial,,,CFK-20080813-01,,,,No,🔍 Buscar video,,
"Anuncio de obras para Malvinas Argentinas, Buenos Aires",19/08/2008,Argentina,Buenos Aires,Malvinas Argentinas,,,,CFK-20080819-01,,,,No,🔍 Buscar video,,
Firma de convenios para obras de mejoras de infraestructura y programas de capacitación laboral,20/08/2008,Argentina,Buenos Aires,Mar del Plata,,,,CFK-20080820-03,,,,No,🔍 Buscar video,,
Visita al aeropuerto internacional de Mar del Plata “Astor Piazzola”,20/08/2008,Argentina,Buenos Aires,Mar del Plata,,,,CFK-20080820-01,,,,No,🔍 Buscar video,,
Puesta en marcha del programa nacional “Jóvenes Padre Mugica”,20/08/2008,Argentina,Buenos Aires,Mar del Plata,,,,CFK-20080820-02,,,,No,🔍 Buscar video,,
"Visita a Frías, Santiago del Estero",22/08/2008,Argentina,Santiago del Estero,Frías,,,,CFK-20080822-01,,,,No,🔍 Buscar video,,
"Visita a la escuela EGB1010 de Roque Saénz Peña, Chaco",25/08/2008,Argentina,Chaco,Roque Sáenz Peña,,,,CFK-20080825-02,,,,No,🔍 Buscar video,,
"Visita al Club Deportivo La Unión, en Chaco",25/08/2008,Argentina,Chaco,Roque Sáenz Peña,Club Deportivo La Unión,,,CFK-20080825-01,,,,No,🔍 Buscar video,,
Presentación del nuevo modelo Citröen C4 y visita a la planta automotriz de Peugeot,26/08/2008,Argentina,Buenos Aires,Tres de Febrero,,,,CFK-20080826-01,,,,No,🔍 Buscar video,,
Palabras en relación al informa del Banco Central de España,27/08/2008,Argentina,Capital Federal,,Casa de Gobierno - Salón Blanco,,,CFK-20080827-01,,,,No,🔍 Buscar video,,
Presentación de la ley 26355 de marca colectiva,27/08/2008,Argentina,Capital Federal,,Jefatura de gabinete,,,CFK-20080827-02,,,,No,🔍 Buscar video,,
Inauguración de la extensión de energía eléctrica asociada a la central Yaciretá,28/08/2008,Argentina,Entre Ríos,Villa Paranacito,,,,CFK-20080828-01,,,,No,🔍 Buscar video,,
Inauguración de la exposición industrial 2008,29/08/2008,Argentina,Buenos Aires,Avellaneda,,,,CFK-20080829-01,,,,No,🔍 Buscar video,,
"Visita a Florencio Varela, Buenos Aires",01/09/2008,Argentina,Buenos Aires,Florencio Varela,,,,CFK-20080901-02,,,,No,🔍 Buscar video,,
Saludo a medallistas olímpicos,01/09/2008,Argentina,Capital Federal,,Casa de Gobierno - Salón Sur,Deporte,,CFK-20080901-01,,,,No,🔍 Buscar video,,
Acto por el día de la industria,02/09/2008,Argentina,Capital Federal,,Casa de Gobierno - Salón Blanco,Día de la industria,,CFK-20080902-01,,,,No,🔍 Buscar video,,
Declaración de interés público de la construcción de un túnel de baja altura en la traza del ferrocarril trasandino central,03/09/2008,Argentina,Capital Federal,,Ministerio de Economía,,,CFK-20080903-01,,,,No,🔍 Buscar video,,
"Recorrido por la planta de Grimoldi en Arroyo Seco, Santa Fe",05/09/2008,Argentina,Santa Fe,"Arroyo Seco, Santa Fe",,,,CFK-20080905-01,,,,No,🔍 Buscar video,,
Inauguración de la empresa IMPBA en Brasil,06/09/2008,Brasil,,Recife,,,,CFK-20080906-01,,,,No,🔍 Buscar video,,
Almuerzo ofrecido por el presidente de la República Federativa de Brasil,08/09/2008,Brasil,,Brasilia,,Viajes al exterior,,CFK-20080908-08,,,,No,🔍 Buscar video,,
Firma de contrato para la construcción de la autopista Córdoba-Rosario,09/09/2008,Argentina,Capital Federal,,Correo Central,Viajes al exterior,,CFK-20080909-01,,,,No,🔍 Buscar video,,
"Visita a La Matanza, Buenos Aires",10/09/2008,Argentina,Buenos Aires,La Matanza,,,,CFK-20080910-01,,,,No,🔍 Buscar video,,
Celebración del día del maestro,11/09/2008,Argentina,Capital Federal,,Casa de Gobierno,,,CFK-20080911-02,,,,No,🔍 Buscar video,,
Inauguración de la expo Pyme 2008,11/09/2008,Argentina,Buenos Aires,San Martín,,,,CFK-20080911-01,,,,No,🔍 Buscar video,,
"Visita a Punta Tombo, Chubut",12/09/2008,Argentina,Chubut,Punta Tombo,,,,CFK-20080912-01,,,,No,🔍 Buscar video,,
32° aniversario de La Noche de los Lápices y visita al Colegio Nacional de La Plata,16/09/2008,Argentina,Buenos Aires,La Plata,,,,CFK-20080916-02,,,,No,🔍 Buscar video,,
Anuncio de la firma del contrato para la concreción del tendido de línea eléctrica NOA-NEA,16/09/2008,Argentina,Capital Federal,,Ministerio de Economía,,,CFK-20080916-01,,,,No,🔍 Buscar video,,
Apertura de la licitación de la electrificación del Ferrocarril Roca,17/09/2008,Argentina,Buenos Aires,La Plata,,,,CFK-20080917-01,,,,No,🔍 Buscar video,,
Conmemoración del día de la industria,18/09/2008,Argentina,Capital Federal,,,Día de la industria,,CFK-20080918-01,,,,No,🔍 Buscar video,,
Anuncio de obras de desagüe en Dock Sud,19/09/2008,Argentina,Buenos Aires,Avellaneda,,,,CFK-20080919-01,,,,No,🔍 Buscar video,,
Cierre del mercado electrónico NADAQ,22/09/2008,Estados Unidos,,Nueva York,,Viajes al exterior,,CFK-20080922-04,,,,No,🔍 Buscar video,,
Declaraciones en Nueva York,22/09/2008,Estados Unidos,,Nueva York,,Conferencias de prensa y entrevistas,,CFK-20080922-03,,,,No,🔍 Buscar video,,
Disertación en el Council of Foreign Relations,22/09/2008,Estados Unidos,,Nueva York,,Conferencias y disertaciones,,CFK-20080922-02,,,,No,🔍 Buscar video,,
Encuentro con ejecutivos del NASDAQ,22/09/2008,Estados Unidos,,Nueva York,,Viajes al exterior,,CFK-20080922-01,,,,No,🔍 Buscar video,,
63° Asamblea de la Organización de las Naciones Unidas,23/09/2008,Estados Unidos,,Nueva York,Sede de las Naciones Unidas,Naciones Unidas,,CFK-20080923-01,,,,No,🔍 Buscar video,,
Inauguración de la muestra “Abuelas de Plaza de Mayo: 30 años” en el edificio de las Naciones Unidas,24/09/2008,Estados Unidos,,Nueva York,Sede de las Naciones Unidas,Naciones Unidas,,CFK-20080924-03,,,,No,🔍 Buscar video,,
"Conferencia “Los niños en América Latinas: un futuro sin pobreza”, organizado por la Fundación ALAS",24/09/2008,Estados Unidos,,Nueva York,,Conferencias y disertaciones,,CFK-20080924-02,,,,No,🔍 Buscar video,,
Reunión de trabajo con miembros de UNASUR,24/09/2008,Estados Unidos,,Nueva York,,UNASUR,,CFK-20080924-01,,,,No,🔍 Buscar video,,
Audiencia con el mandatario marroquí Abas el Farsi,25/09/2008,Estados Unidos,,Nueva York,,Conferencias de prensa y entrevistas,,CFK-20080925-02,,,,No,🔍 Buscar video,,
Consejo de las Américas,25/09/2008,Estados Unidos,,Nueva York,Consejo de las Américas,Consejo de las Américas,,CFK-20080925-01,,,,No,🔍 Buscar video,,
Apertura del centro de desarrollo tecnológico para Latinoamérica de la empresa NEC,29/09/2008,Argentina,Capital Federal,,,,,CFK-20080929-01,,,,No,🔍 Buscar video,,
Presentación del plan habitacional “Casa propia”,29/09/2008,Argentina,Capital Federal,,Banco Nación,,,CFK-20080929-02,,,,No,🔍 Buscar video,,
Homenaje al ex presidente Raúl Alfonsín,30/09/2008,Argentina,Capital Federal,,Casa de Gobierno - Galería de Bustos Presidenciales,Homenajes y conmemoraciones,,CFK-20080930-01,,,,No,🔍 Buscar video,,
Acuerdo de precios con empresarios del sector de artículos de limpieza,02/10/2008,Argentina,Capital Federal,,Casa de Gobierno - Salón Norte,,,CFK-20081002-02,,,,No,🔍 Buscar video,,
Presentación de un nuevo sistema de pago en moneda local entre Argentina y Brasil,02/10/2008,Argentina,Capital Federal,,Banco Central de la República Argentina,,,CFK-20081002-01,,,,No,🔍 Buscar video,,
Inauguración de los nuevos centros tecnológicos de IBM Argentina S.A,03/10/2008,Argentina,Buenos Aires,San Isidro,,,,CFK-20081003-01,,,,No,🔍 Buscar video,,
"Encuentro cuatripartito de partidos políticos de Brasil, Chile, Uruguay y Argentina",03/10/2008,Argentina,Buenos Aires,Pilar,,Acto partidario,,CFK-20081003-02,,,,No,🔍 Buscar video,,
Puesta en funcionamiento de la plataforma off shore de exploración de petróleo en el Golfo de San Jorge,06/10/2008,Argentina,Santa Cruz,Golfo de San Jorge,,,,CFK-20081006-01,,,,No,🔍 Buscar video,,
"Inauguración de un jardín de infantes en Tigre, Buenos Aires",07/10/2008,Argentina,Buenos Aires,Tigre,,,,CFK-20081007-03,,,,No,🔍 Buscar video,,
Almuerzo ofrecido en honor al príncipe Felipe de Bélgica,07/10/2008,Argentina,Capital Federal,,Palacio San Martín,Visitas de mandatarios extranjeros,,CFK-20081007-02,,,,No,🔍 Buscar video,,
Inauguración de Casa FOA,07/10/2008,Argentina,Buenos Aires,Tigre,,,,CFK-20081007-01,,,,No,🔍 Buscar video,,
Firma de convenio con la cámara de empresas de software y servicios informáticos para la capacitación de los trabajadores de todo el país,08/10/2008,Argentina,Capital Federal,,Ministerio de Trabajo,,,CFK-20081008-03,,,,No,🔍 Buscar video,,
Tercera cumbre de la organización Vital Voices de las Américas “Mujeres como un puente y un futuro más próspero”,08/10/2008,Argentina,Capital Federal,,,Conferencias y disertaciones,,CFK-20081008-02,,,,No,🔍 Buscar video,,
Recibimiento a los atletas paraolímpicos que participaron en Beijing 2008,08/10/2008,Argentina,Capital Federal,,Casa de Gobierno - Salón Sur,Deporte,,CFK-20081008-01,,,,No,🔍 Buscar video,,
Inauguración de las nuevas instalaciones de la escuela nacional de náutica,09/10/2008,Argentina,Capital Federal,,,,,CFK-20081009-03,,,,No,🔍 Buscar video,,
Lanzamiento de la subsecretaría de desarrollo rural y agricultura familiar,09/10/2008,Argentina,Buenos Aires,Moreno,,,,CFK-20081009-02,,,,No,🔍 Buscar video,,
Primera declaración del proyecto “Gas Plus”,09/10/2008,Argentina,Capital Federal,,Ministerio de Economía,,,CFK-20081009-01,,,,No,🔍 Buscar video,,
Apertura de ofertas económicas para la construcción de las represas Cóndor Cliff y la Barrancosa,10/10/2008,Argentina,Santa Cruz,Puerto Deseado,,,,CFK-20081010-02,,,,No,🔍 Buscar video,,
Llenado de la represa Los Caracoles,10/10/2008,Argentina,Buenos Aires,,Residencia Presidencial de Olivos,,,CFK-20081010-01,,,,No,🔍 Buscar video,,
"Visita a Viedma, Río Negro",15/10/2008,Argentina,Río Negro,Viedma,,,,CFK-20081015-01,,,,No,🔍 Buscar video,,
Firma del plan frutihortícola integral,15/10/2008,Argentina,Río Negro,Villa Regina,,,,CFK-20081015-02,,,,No,🔍 Buscar video,,
Inauguración de la segunda etapa de las obras de construcción del estadio polideportivo en Villa Adelina,16/10/2008,Argentina,Buenos Aires,Vicente López,,,,CFK-20081016-01,,,,No,🔍 Buscar video,,
"Conmemoración histórica del 17 de octubre, Día de la lealtad peronista",17/10/2008,Argentina,Buenos Aires,La Matanza,Universidad Nacional de La Matanza,17 de octubre,,CFK-20081017-02,,,,No,🔍 Buscar video,,
Visita a la Universidad de La Matanza,17/10/2008,Argentina,Buenos Aires,La Matanza,,Universidades Nacionales,,CFK-20081017-01,,,,No,🔍 Buscar video,,
Entrega de títulos de tierras y del otorgamiento de créditos de financiamiento para la mejora del sistema productivo,20/10/2008,Argentina,Formosa,"Formosa, Laguna Yema",,,,CFK-20081020-02,,,,No,🔍 Buscar video,,
Firma de acuerdos con el sector lácteo,20/10/2008,Argentina,Buenos Aires,,Residencia Presidencial de Olivos,,,CFK-20081020-01,,,,No,🔍 Buscar video,,
Anuncio de la finalización del sistema de AFJP,21/10/2008,Argentina,Capital Federal,,ANSES,,,CFK-20081021-01,,,,No,🔍 Buscar video,,
Cena de honor ofrecida al rey Abdullah bin Al-Hussein y a la reina Rania Al-Abdullah del Reino Hachemita de Jordania,22/10/2008,Argentina,Capital Federal,,Palacio San Martín,Visitas de mandatarios extranjeros,,CFK-20081022-01,,,,No,🔍 Buscar video,,
Inauguración de las instalaciones de Fox Latin American Channel,23/10/2008,Argentina,Capital Federal,Palermo,,,,CFK-20081023-01,,,,No,🔍 Buscar video,,
Presentación del proyecto de ley de enfermeria,23/10/2008,Argentina,Capital Federal,,Jefatura de gabinete,,,CFK-20081023-02,,,,No,🔍 Buscar video,,
Presentación del Plan Nacional de Deportes,24/10/2008,Argentina,Buenos Aires,Mar del Plata,,Deporte,,CFK-20081024-02,,,,No,🔍 Buscar video,,
Clausura de los Juegos Evita 2008,24/10/2008,Argentina,Buenos Aires,Mar del Plata,,Deporte,,CFK-20081024-01,,,,No,🔍 Buscar video,,
Firma de convenio por obras de dragado en el acceso al puerto de Mar del Plata,24/10/2008,Argentina,Buenos Aires,Mar del Plata,,,,CFK-20081024-03,,,,No,🔍 Buscar video,,
"Apertura de sobres de antecedentes técnicos para la construcción, operación y mantenimiento de la interconexión eléctrica Comahue-Cuyo",27/10/2008,Argentina,Capital Federal,,Ministerio de Economía,,,CFK-20081027-02,,,,No,🔍 Buscar video,,
"Inauguración de la escuela media N°14 en Morón, Buenos Aires",27/10/2008,Argentina,Buenos Aires,Morón,,,,CFK-20081027-01,,,,No,🔍 Buscar video,,
"Visita al centro de rehabilitación de Pilar, Buenos Aires",28/10/2008,Argentina,Buenos Aires,Pilar,,,,CFK-20081028-03,,,,No,🔍 Buscar video,,
Reapertura de los talleres ferroviarios de Tafí Viejo,28/10/2008,Argentina,Buenos Aires,,Residencia Presidencial de Olivos,,,CFK-20081028-01,,,,No,🔍 Buscar video,,
Anuncio de los ganadores del concurso de ideas de arquitectura para el bicentenario,28/10/2008,Argentina,Capital Federal,,,Bicentenario,,CFK-20081028-02,,,,No,🔍 Buscar video,,
Primera sesión plenaria de la XVIII Cumbre Iberoamericana,30/10/2008,El Salvador,,San Salvador,,Cumbre Iberoamericana,,CFK-20081030-01,,,,No,🔍 Buscar video,,
Firma de convenio para la pavimentación de varias arterias y otras de infraestructura,03/11/2008,Argentina,Buenos Aires,Merlo,,,,CFK-20081103-01,,,,No,🔍 Buscar video,,
"Visita a Andresito, Misiones",04/11/2008,Argentina,Misiones,Comandante Andresito,,,,CFK-20081104-01,,,,No,🔍 Buscar video,,
"Visita a Moreno, Buenos Aires",05/11/2008,Argentina,Buenos Aires,Moreno,,,,CFK-20081105-01,,,,No,🔍 Buscar video,,
Inauguración de la XXIII edición del Festival internacional del cine de Mar del Plata,05/11/2008,Argentina,Buenos Aires,Mar del Plata,,,,CFK-20081105-02,,,,No,🔍 Buscar video,,
Entrega de 1058 viviendas en Hurlingham,10/11/2008,Argentina,Buenos Aires,Hurlingham,,,,CFK-20081110-01,,,,No,🔍 Buscar video,,
"Almuerzo ofrecido en honor al presidente de Bulgaria, Georgi Parvanov",11/11/2008,Argentina,Capital Federal,,Palacio San Martín,Visitas de mandatarios extranjeros,,CFK-20081111-01,,,,No,🔍 Buscar video,,
Homenaje a personalidades de la democracia,11/11/2008,Argentina,Capital Federal,,,Homenajes y conmemoraciones,,CFK-20081111-03,,,,No,🔍 Buscar video,,
Anuncio del proyecto e ley de incentivos para la producción de motocicletas y motopartes,11/11/2008,Argentina,Capital Federal,,Ministerio de Economía,,,CFK-20081111-02,,,,No,🔍 Buscar video,,
Presentación del programa “Jóvenes por más y mejor trabajo”,12/11/2008,Argentina,Buenos Aires,La Matanza,,,,CFK-20081112-02,,,,No,🔍 Buscar video,,
Presentación de los programas “Petróleo Plus” y “Refinación Plus”,12/11/2008,Argentina,Buenos Aires,,Residencia Presidencial de Olivos,,,CFK-20081112-01,,,,No,🔍 Buscar video,,
Colocación del busto del presidente Héctor Cámpora en el Salón de los Bustos de la Casa de Gobierno,13/11/2008,Argentina,Capital Federal,,Casa de Gobierno - Galería de Bustos Presidenciales,,,CFK-20081113-01,,,,No,🔍 Buscar video,,
"Declaraciones en Washington, Estados Unidos",15/11/2008,Argentina,,Washington,,Conferencias de prensa y entrevistas,,CFK-20081115-01,,,,No,🔍 Buscar video,,
Visita al Museo El Moudjahid,17/11/2008,Argelia,,Argel,,Viajes al exterior,,CFK-20081117-03,,,,No,🔍 Buscar video,,
Firma de convenios con la República Democrática y Popular de Argelia,17/11/2008,Argelia,,,,Viajes al exterior,,CFK-20081117-02,,,,No,🔍 Buscar video,,
Cena ofrecida en honor a la presidenta por el presidente de Argelia,17/11/2008,Argelia,,,,Viajes al exterior,,CFK-20081117-01,,,,No,🔍 Buscar video,,
"Palabras sobre el llamado que le realizó el presidente electo de Estados Unidos, Barack Obama",18/11/2008,Túnez,,,,Conferencias de prensa y entrevistas,,CFK-20081118-01,,,,No,🔍 Buscar video,,
"Inauguración del seminario “Oportunidades de comercio, negocios e inversión entre Argentina y Túnez”",19/11/2008,Túnez,,,,Viajes al exterior,,CFK-20081119-01,,,,No,🔍 Buscar video,,
Cena ofrecida al empresariado egipcio y argentino en el marco de la misión comercial multisectorial,20/11/2008,Egipto,,El Cairo,,Viajes al exterior,,CFK-20081120-01,,,,No,🔍 Buscar video,,
"Cena ofrecida en honor a la presidenta por el líder de la revolución de Libia, Muammar Ghaddafi",21/11/2008,Libia,,Trípoli,,Viajes al exterior,,CFK-20081121-01,,,,No,🔍 Buscar video,,
"Apertura del seminario económico de “Oportunidades de comercio, negocios e inversiones entre Argentina y Libia”",22/11/2008,Libia,,Trípoli,,Viajes al exterior,,CFK-20081122-01,,,,No,🔍 Buscar video,,
"Almuerzo en honor al presidente de México, Felipe Calderón",24/11/2008,Argentina,Capital Federal,,Palacio San Martín,Visitas de mandatarios extranjeros,,CFK-20081124-01,,,,No,🔍 Buscar video,,
Firma de acuerdos con México,24/11/2008,Argentina,Capital Federal,,Casa de Gobierno - Salón Blanco,Visitas de mandatarios extranjeros,,CFK-20081124-02,,,,No,🔍 Buscar video,,
Cierre de la 14° conferencia de la Unión Industrial Argentina,25/11/2008,Argentina,Buenos Aires,Pilar,,,,CFK-20081125-01,,,,No,🔍 Buscar video,,
Cierre del seminario “Oportunidad de comercio e inversiones entre Argentina y México”,25/11/2008,Argentina,Capital Federal,,Palacio San Martín,Visitas de mandatarios extranjeros,,CFK-20081125-02,,,,No,🔍 Buscar video,,
Encuentro anual de la Cámara Argentina de la Construcción,26/11/2008,Argentina,Capital Federal,,,,,CFK-20081126-01,,,,No,🔍 Buscar video,,
Inauguración de la terminal de ómnibus de Santiago del Estero,27/11/2008,Argentina,Capital Federal,,Casa de Gobierno,,,CFK-20081127-01,,,,No,🔍 Buscar video,,
Presentación del programa Raíces,02/12/2008,Argentina,Capital Federal,,Biblioteca Nacional,,,CFK-20081202-02,,,,No,🔍 Buscar video,,
Firma de convenios con empresas de la industria pesquera,03/12/2008,Argentina,Buenos Aires,Mar del Plata,,,,CFK-20081203-01,,,,No,🔍 Buscar video,,
"Inauguración de la muestra plástica “Camino del Bicentenario, 25 años de democracia”",04/12/2008,Argentina,Capital Federal,,Casa de Gobierno,Bicentenario,,CFK-20081204-01,,,,No,🔍 Buscar video,,
Anuncio de nuevas medidas económicas,04/12/2008,Argentina,Buenos Aires,,Residencia Presidencial de Olivos,,,CFK-20081204-02,,,,No,🔍 Buscar video,,
Cena ofrecida en honor a la presidenta en Chile,05/12/2008,Chile,,Punta Arenas,,Viajes al exterior,,CFK-20081205-02,,,,No,🔍 Buscar video,,
Acto de conmemoración de los 30 años de la mediación papal que evito el conflicto armado por la soberanía sobre el canal de Beagle,05/12/2008,Chile,,Monte Aymond,,Viajes al exterior,,CFK-20081205-01,,,,No,🔍 Buscar video,,
Firma de acuerdos con la presidenta Bachelet,05/12/2008,Chile,,Punta Arenas,,Viajes al exterior,,CFK-20081205-03,,,,No,🔍 Buscar video,,
"Cierre del seminario “Oportunidades de comercio, negocios e inversiones entre Argentina y Rusia”",09/12/2008,Rusia,,Moscú,,Viajes al exterior,,CFK-20081209-01,,,,No,🔍 Buscar video,,
"Encuentro bilateral con Vladimir Putin ",09/12/2008,Rusia,,Moscú,,Viajes al exterior,,CFK-20081209-02,,,,No,🔍 Buscar video,,
Almuerzo ofrecido en honor a la presidenta en Rusia,10/12/2008,Rusia,,Moscú,,Viajes al exterior,,CFK-20081210-01,,,,No,🔍 Buscar video,,
Firma de acuerdos con la Federación Rusa,10/12/2008,Rusia,,Moscú,,Viajes al exterior,,CFK-20081210-02,,,,No,🔍 Buscar video,,
Anuncios referidos a la canasta navideña y a políticas sobre el fomento del turismo y el consumo,11/12/2008,Argentina,Buenos Aires,,Residencia Presidencial de Olivos,,,CFK-20081112-05,,,,No,🔍 Buscar video,,
Plan de renovación del parque automotor de taxis,12/12/2008,Argentina,Buenos Aires,,Residencia Presidencial de Olivos,,,CFK-20081212-02,,,,No,🔍 Buscar video,,
Inauguración del taller de la filial local de la automotriz Mercedes Benz,15/12/2008,Argentina,Capital Federal,Mataderos,,,,CFK-20081215-02,,,,No,🔍 Buscar video,,
Anuncio de plan de obras públicas,15/12/2008,Argentina,Buenos Aires,,Residencia Presidencial de Olivos,,,CFK-20081215-04,,,,No,🔍 Buscar video,,
Inauguración del paseo El Rosedal,15/12/2008,Argentina,Capital Federal,Palermo,,,,CFK-20081215-01,,,,No,🔍 Buscar video,,
"Ceremonia de egresados conjuntos de subtenientes, guardiamarinas y alféreces",15/12/2008,Argentina,Buenos Aires,El Palomar,Colegio Militar de la Nación,Fuerzas Armadas,,CFK-20081215-03,,,,No,🔍 Buscar video,,
Apertura de la XXXVI Cumbre de Jefes de Estado del MERCOSUR y países asociados,16/12/2008,Brasil,,Salvador de Bahía,,MERCOSUR,,CFK-20081216-01,,,,No,🔍 Buscar video,,
Declaraciones en la reunión del Grupo de Rio,17/12/2008,Brasil,,Salvador de Bahía,,Grupo de Río,,CFK-20081217-03,,,,No,🔍 Buscar video,,
Segunda sesión plenaria de la Cumbre de América Latina y el Caribe (CALC),17/12/2008,Brasil,,Salvador de Bahía,,MERCOSUR,,CFK-20081217-02,,,,No,🔍 Buscar video,,
Declaraciones a la salida de la Cumbre de América Latina y el Caribe,17/12/2008,Brasil,,Salvador de Bahía,,Conferencias de prensa y entrevistas,,CFK-20081217-01,,,,No,🔍 Buscar video,,
Almuerzo con directivos de la AMIA y la DAIA,18/12/2008,Argentina,Capital Federal,,,,,CFK-20081218-04,,,,No,🔍 Buscar video,,
Inauguración de la plaza “Declaración universal de los Derechos Humanos” y entrega de los premios Azucena Villaflor,18/12/2008,Argentina,Capital Federal,,Ex ESMA,Día de los Derechos Humanos,,CFK-20081218-02,,,,No,🔍 Buscar video,,
"Visita a Ezeiza, Buenos Aires",18/12/2008,Argentina,Buenos Aires,Ezeiza,,,,CFK-20081218-01,,,,No,🔍 Buscar video,,
Anuncio de medidas para el mantenimiento de la actividad economica y el fortalecimiento del empleo,18/12/2008,Argentina,Buenos Aires,,Residencia Presidencial de Olivos,,,CFK-20081218-03,,,,No,🔍 Buscar video,,
Acto en el Centro Administrativo Provincial de La Rioja,19/12/2008,Argentina,La Rioja,La Rioja,,,,CFK-20081219-01,,,,No,🔍 Buscar video,,
"Inauguración del centro comercial Las Toscas en Ezeiza, Buenos Aires",19/12/2008,Argentina,Buenos Aires,Ezeiza,,,,CFK-20081219-02,,,,No,🔍 Buscar video,,
Anuncio de medidas para el sector del campo,22/12/2008,Argentina,Buenos Aires,,Residencia Presidencial de Olivos,,,CFK-20081222-02,,,,No,🔍 Buscar video,,
"Recorrido por la curtiembre de Chilecito, La Rioja",22/12/2008,Argentina,La Rioja,"Chilecito, La Rioja",,,,CFK-20081222-01,,,,No,🔍 Buscar video,,
Suscripción del contrato para la ejecución del soterramiento del corredor ferroviario Caballito-Moreno de la línea Sarmiento,23/12/2008,Argentina,Buenos Aires,,Residencia Presidencial de Olivos,,,CFK-20081223-01,,,,No,🔍 Buscar video,,
Palabras al llegar a Chaco,29/12/2008,Argentina,Chaco,Barranqueras,,,,CFK-20081229-01,,,,No,🔍 Buscar video,,
Remodelación del ramal del ferrocarril Belgrano en la provincia de Chaco,30/12/2008,Argentina,Chaco,Barranqueras,,,,CFK-20081230-01,,,,No,🔍 Buscar video,,
Firma de contratos para la construcción de centrales térmicas en Buenos Aires y Santa Fe,06/01/2009,Argentina,Buenos Aires,,Residencia Presidencial de Olivos,,,CFK-20090106-01,,,,No,🔍 Buscar video,,
Anuncio de medidas para la actividad agrícola ganadera,14/01/2009,Argentina,Buenos Aires,,Residencia Presidencial de Olivos,,,CFK-20090114-01,,,,No,🔍 Buscar video,,
"Anuncio de obras de pavimentación, cloacas y refacciones para el Hospital zonal de Berazategui, Buenos Aires",15/01/2009,Argentina,Buenos Aires,Berazategui,,,,CFK-20090115-01,,,,No,🔍 Buscar video,,
Entrega de unidades viales a la Agencia de Seguridad Vial,16/01/2009,Argentina,Capital Federal,,,,,CFK-20090116-01,,,,No,🔍 Buscar video,,
Palabras luego de la visita al centro de ingeniería genética y biotecnología de Cuba,19/01/2009,Cuba,,La Habana,,Conferencias de prensa y entrevistas,,CFK-20090119-01,,,,No,🔍 Buscar video,,
"Clausura del seminario “Oportunidades de comercio, inversiones y negocios entre Argentina y Cuba”",20/01/2009,Cuba,,La Habana,,Viajes al exterior,,CFK-20090120-02,,,,No,🔍 Buscar video,,
Disertación en la Universidad de La Habana,20/01/2009,Cuba,,La Habana,Universidad de La Habana,Conferencias y disertaciones,,CFK-20090120-01,,,,No,🔍 Buscar video,,
Palabras luego del encuentro con Fidel Castro,21/01/2009,Cuba,,La Habana,,Conferencias de prensa y entrevistas,,CFK-20090121-01,,,,No,🔍 Buscar video,,
Escuela Latinoamericana de Medicina de La Habana,21/01/2009,Cuba,,La Habana,,Viajes al exterior,,CFK-20090121-02,,,,No,🔍 Buscar video,,
Teleconferencia con estados del interior de Venezuela y firma de acuerdos con la República Bolivariana de Venezuela,22/01/2009,Venezuela,,Caracas,,Viajes al exterior,,CFK-20090122-01,,,,No,🔍 Buscar video,,
Firma de convenio para la ejecución de obras y medidas de emergencia por la sequia en zonas agropecuarias,26/01/2009,Argentina,Buenos Aires,,Residencia Presidencial de Olivos,,,CFK-20090126-01,,,,No,🔍 Buscar video,,
Firma de reconversión del acuerdo de adhesión al programa federal plurianual de construcción de viviendas,27/01/2009,Argentina,Buenos Aires,,Residencia Presidencial de Olivos,,,CFK-20090127-01,,,,No,🔍 Buscar video,,
Firma de convenio para la realización de obras públicas,28/01/2009,Argentina,Capital Federal,,Casa de Gobierno,,,CFK-20090128-01,,,,No,🔍 Buscar video,,
Firma del Plan Canje para electrodomésticos,29/01/2009,Argentina,Buenos Aires,,Residencia Presidencial de Olivos,,,CFK-20090129-02,,,,No,🔍 Buscar video,,
"Inauguración del Teatro Griego en Villa Dolores, Córdoba",29/01/2009,Argentina,Córdoba,"Córdoba, Villa Dolores",,,,CFK-20090129-01,,,,No,🔍 Buscar video,,
Anuncio del Sistema Único de Boleto Electrónico para el área metropolitana,04/02/2009,Argentina,Buenos Aires,,Residencia Presidencial de Olivos,,,CFK-20090204-01,,,,No,🔍 Buscar video,,
Firma del acuerdo institucional con trabajadores de Aerolíneas Argentina,05/02/2009,Argentina,Buenos Aires,,Residencia Presidencial de Olivos,Aerolíneas Argentinas,,CFK-20090205-01,,,,No,🔍 Buscar video,,
"Conferencia de prensa junto al presidente de España, José Luis Rodríguez Zapatero en Madrid, España",09/02/2009,España,,Madrid,,Viajes al exterior,,CFK-20090902-02,,,,No,🔍 Buscar video,,
Ayuntamiento de Madrid,09/02/2009,España,,Madrid,Ayuntamiento de Madrid,Viajes al exterior,,CFK-20090209-01,,,,No,🔍 Buscar video,,
"Cena de gala ofrecida en honor a la Presidenta en Madrid, España",10/02/2009,España,,Madrid,,Viajes al exterior,,CFK-20090210-02,,,,No,🔍 Buscar video,,
Reunión del Foro Tribuna Iberoamericana,10/02/2009,España,,Madrid,,Conferencias y disertaciones,,CFK-20090210-04,,,,No,🔍 Buscar video,,
Recepción en el Palacio El Pardo,10/02/2009,España,,Madrid,Palacio Real de El Pardo,Viajes al exterior,,CFK-20090210-01,,,,No,🔍 Buscar video,,
Palabras ante el parlamento español,10/02/2009,España,,Madrid,Parlamento español,Viajes al exterior,,CFK-20090210-03,,,,No,🔍 Buscar video,,
"Visita a Tartagal, Salta",11/02/2009,Argentina,Salta,"Salta, Tartagal",,Conferencias de prensa y entrevistas,,CFK-20090211-01,,,,No,🔍 Buscar video,,
Anuncio de políticas públicas,12/02/2009,Argentina,Buenos Aires,,Residencia Presidencial de Olivos,,,CFK-20090212-01,,,,No,🔍 Buscar video,,
Presentación de políticas nacionales sobre bosques nativos,13/02/2009,Argentina,Buenos Aires,,Residencia Presidencial de Olivos,,,CFK-20090213-02,,,,No,🔍 Buscar video,,
Firma de acuerdo para la creación del Centro Internacional para la Promoción de los Derechos Humanos,13/02/2009,Argentina,Capital Federal,,Ex ESMA,,,CFK-20090213-01,,,,No,🔍 Buscar video,,
Acto por el 132° aniversario del bautismo del Lago Argentino,15/02/2009,Argentina,Santa Cruz,El Calafate,,,,CFK-20090215-01,,,,No,🔍 Buscar video,,
Firma de convenios de obra pública para la provincia de Entre Ríos,16/02/2009,Argentina,Buenos Aires,,Residencia Presidencial de Olivos,,,CFK-20090216-01,,,,No,🔍 Buscar video,,
Firma de convenios de obra pública para la provincia de Salta,17/02/2009,Argentina,Buenos Aires,,Residencia Presidencial de Olivos,,,CFK-20090217-01,,,,No,🔍 Buscar video,,
Teleconferencia con Coronel Suarez y General Lamadrid,18/02/2009,Argentina,Buenos Aires,,Residencia Presidencial de Olivos,,,CFK-20090218-01,,,,No,🔍 Buscar video,,
Teleconferencia con Coronel Suarez y General Lamadrid,18/02/2009,Argentina,Buenos Aires,,Residencia Presidencial de Olivos,,,CFK-20090218-02,,,,No,🔍 Buscar video,,
Inauguración de un centro de medicina robótica,19/02/2009,Argentina,Buenos Aires,Malvinas Argentinas,,,,CFK-20090219-01,,,,No,🔍 Buscar video,,
Firma del decreto reglamentario de la Ley de Propiedad Intelectual,19/02/2009,Argentina,Buenos Aires,,Residencia Presidencial de Olivos,,,CFK-20090219-02,,,,No,🔍 Buscar video,,
Visita a la provincia de Catamarca,23/02/2009,Argentina,Catamarca,San Fernando del Valle de Catamarca,,,,CFK-20090223-01,,,,No,🔍 Buscar video,,
"Visita a Almirante Brown, Buenos Aires",24/02/2009,Argentina,Buenos Aires,Almirante Brown,,,,CFK-20090224-02,,,,No,🔍 Buscar video,,
"Anuncio del plan de renovación para bicicletas, utilitarios y camiones",24/02/2009,Argentina,Buenos Aires,,Residencia Presidencial de Olivos,,,CFK-20090224-01,,,,No,🔍 Buscar video,,
"Reconstrucción del Parque España y entrega de viviendas en la villa Corrientes, Rosario",25/02/2009,Argentina,Santa Fe,"Rosario, Santa Fe",,,,CFK-20090225-02,,,,No,🔍 Buscar video,,
Firma de convenios de obras públicas para la provincia de Córdoba,25/02/2009,Argentina,Buenos Aires,,Residencia Presidencial de Olivos,,,CFK-20090225-01,,,,No,🔍 Buscar video,,
"Visita a Tres Arroyos, Buenos Aires",26/02/2009,Argentina,Buenos Aires,Tres Arroyos,,,,CFK-20090226-01,,,,No,🔍 Buscar video,,
Firma de un convenio para la realización de obras de remodelación y refacción de la Biblioteca Nacional,27/02/2009,Argentina,Capital Federal,,Biblioteca Nacional,,,CFK-20090227-01,,,,No,🔍 Buscar video,,
Apertura del 127° período de sesiones ordinarias del Congreso,01/03/2009,Argentina,Capital Federal,,Congreso de la Nación,Asunciones y apertura de sesiones,,CFK-20090301-01,,,https://www.lapoliticaonline.com/files/image/1/1388/5271262e00fc2_940_529!.jpg?s=90f004e6ce6702c0a045326e4498040d&d=1752673372,No,🔍 Buscar video,https://goo.su/kidwH5a,https://goo.su/kidwH5a
"Apertura del ciclo lectivo 2009 en Salta (teleconferencia con Antártida, Chaco y San Juan)",02/03/2009,Argentina,Salta,"Salta, Santa Victoria",,,,CFK-20090302-01,,,,No,🔍 Buscar video,,
Anuncio de obras de refacción de estaciones ferroviarias,03/03/2009,Argentina,Buenos Aires,,Residencia Presidencial de Olivos,,,CFK-20090303-01,,,,No,🔍 Buscar video,,
Presentación del plan “Mi PC”,04/03/2009,Argentina,Buenos Aires,,Residencia Presidencial de Olivos,,,CFK-20090304-01,,,,No,🔍 Buscar video,,
"Inauguración de obras públicas en Villa María, Córdoba",05/03/2009,Argentina,Córdoba,"Córdoba, Villa María",,,,CFK-20090305-01,,,,No,🔍 Buscar video,,
Inauguración del Salón Mujeres Argentinas del Bicentenario,06/03/2009,Argentina,Capital Federal,,Casa de Gobierno - Salón de las Mujeres Argentinas del Bicentenario,Inauguraciones de salas y salones en Casa de Gobierno,,CFK-20090306-01,,,,No,🔍 Buscar video,,
Cierre de la XI asamblea ordinaria de la Cámara Interamericana de Transporte,06/03/2009,Argentina,Capital Federal,,,Conferencias y disertaciones,,CFK-20090306-02,,,,No,🔍 Buscar video,,
Licitación de la autopista presidente Perón,06/03/2009,Argentina,Buenos Aires,,Residencia Presidencial de Olivos,,,CFK-20090306-03,,,,No,🔍 Buscar video,,
Visita a la provincia de Mendoza,07/03/2009,Argentina,Mendoza,Mendoza,,,,CFK-20090307-01,,,,No,🔍 Buscar video,,
Seminario-taller “El rol de la cancillería en el desarrollo de los mercados en el mundo”,09/03/2009,Argentina,Capital Federal,,Palacio San Martín,Conferencias y disertaciones,,CFK-20090309-01,,,,No,🔍 Buscar video,,
Inauguración del Hospital de Ojos de Hurlingham,10/03/2009,Argentina,Buenos Aires,Hurlingham,,,,CFK-20090310-01,,,,No,🔍 Buscar video,,
Visita a Avellaneda,11/03/2009,Argentina,Buenos Aires,Avellaneda,,,,CFK-20090311-02,,,,No,🔍 Buscar video,,
Encuentro de mujeres militantes de la provincia de Buenos Aires,11/03/2009,Argentina,Buenos Aires,Avellaneda,,Acto partidario,,CFK-20090311-01,,,,No,🔍 Buscar video,,
Anuncio de crédito para renovación y ampliación del hogar,12/03/2009,Argentina,Buenos Aires,,Residencia Presidencial de Olivos,,,CFK-20090312-01,,,,No,🔍 Buscar video,,
Visita a la escuela EGB1 y EGB2 en Trelew,13/03/2009,Argentina,Chubut,Trelew,,,,CFK-20090313-02,,,,No,🔍 Buscar video,,
Discurso en la Casa de Gobierno de Chubut,13/03/2009,Argentina,Chubut,Rawson,,,,CFK-20090313-03,,,,No,🔍 Buscar video,,
Declaraciones a propósito de la llamada telefónica de Barack Obama,13/03/2009,Argentina,Chubut,Trelew,,Conferencias de prensa y entrevistas,,CFK-20090313-01,,,,No,🔍 Buscar video,,
Envío del proyecto de renacionalización del Área Material Córdoba,17/03/2009,Argentina,Córdoba,Córdoba,,,,CFK-20090317-01,,,,No,🔍 Buscar video,,
VIsita a la Fábrica de Aviones de Córdoba,17/03/2009,Argentina,Córdoba,Córdoba,,,,CFK-20090317-02,,,,No,🔍 Buscar video,,
Declaraciones a la salida del Teatro Argentino de La Plata,18/03/2009,Argentina,Buenos Aires,La Plata,Teatro Argentino de La Plata,Conferencias de prensa y entrevistas,,CFK-20090318-01,,,,No,🔍 Buscar video,,
Presentación del Proyecto de Ley “Servicios de comunicación audiovisual”,18/03/2009,Argentina,Buenos Aires,La Plata,Teatro Argentino de La Plata,,,CFK-20090318-03,,,,No,🔍 Buscar video,,
Inauguración de la sede administrativa y creativa de la empresa MTV,18/03/2009,Argentina,Capital Federal,,,,,CFK-20090318-02,,,,No,🔍 Buscar video,,
Anuncio de medidas para el mantenimiento de la actividad económica y el empleo,19/03/2009,Argentina,Buenos Aires,,Residencia Presidencial de Olivos,,,CFK-20090319-01,,,,No,🔍 Buscar video,,
Clausura del encuentro entre empresarios argentinos y brasileños y cierre de la “Semana argentina en San Pablo”,20/03/2009,Brasil,,San Pablo,,Viajes al exterior,,CFK-20090320-01,,,,No,🔍 Buscar video,,
Conferencia de prensa conjunta con Lula Da Silva después del encuentro de empresarios de ambas naciones,20/03/2009,Brasil,,San Pablo,,Viajes al exterior,,CFK-20090320-02,,,,No,🔍 Buscar video,,
Asunción de Gerardo Zamora como Gobernador de Santiago del Estero,23/03/2009,Argentina,Santiago del Estero,,,,,CFK-20090323-01,,,,No,🔍 Buscar video,,
"Inauguración de viviendas y obras de infraestructura en San Fernando, Buenos Aires",25/03/2009,Argentina,Buenos Aires,San Fernando,,,,CFK-20090325-01,,,,No,🔍 Buscar video,,
Palabras antes del acto de ceremonia de madrinazgo del buque doctor Manuel Belgrano,26/03/2009,Argentina,Capital Federal,,,Conferencias de prensa y entrevistas,,CFK-20090326-03,,,,No,🔍 Buscar video,,
Reunión de autoridades nacionales en materia de trata de personas,26/03/2009,Argentina,Capital Federal,,,,,CFK-20090326-04,,,,No,🔍 Buscar video,,
Firma del convenio de adhesión al Fondo Federal Solidario,26/03/2009,Argentina,Capital Federal,,Casa de Gobierno - Salón de las Mujeres Argentinas del Bicentenario,,,CFK-20090326-01,,,,No,🔍 Buscar video,,
Madrinazgo del buque escuela pesquero “Doctor Manuel Belgrano”,26/03/2009,Argentina,Capital Federal,,,,,CFK-20090326-02,,,,No,🔍 Buscar video,,
Presentación del plan “Convivencia ciudadana”,27/03/2009,Argentina,Buenos Aires,,Residencia Presidencial de Olivos,,,CFK-20090327-01,,,,No,🔍 Buscar video,,
"Apertura de la Cumbre Progresista en Viña del Mar, Chile",28/03/2009,Chile,,Viña del Mar,,Viajes al exterior,,CFK-20090328-01,,,,No,🔍 Buscar video,,
"Declaraciones en Doha, Qatar",31/03/2009,Qatar,,Doha,,Conferencias de prensa y entrevistas,,CFK-20090331-01,,,,No,🔍 Buscar video,,
II Cumbre de presidentes de América del Sur y de los países árabes,31/03/2009,Qatar,,Doha,,Cumbre América del Sur - Países Árabes,,CFK-20090331-02,,,,No,🔍 Buscar video,,
"Declaraciones tras la cena ofrecida por el Primer Ministro de Gran Bretaña, Gordon Brown, a los líderes del G-20",01/04/2009,Inglaterra,,Londres,,Conferencias de prensa y entrevistas,,CFK-20090401-01,,,,No,🔍 Buscar video,,
Declaraciones en Londres,02/04/2009,Inglaterra,,Londres,,Conferencias de prensa y entrevistas,,CFK-20090402-02,,,,No,🔍 Buscar video,,
Día del veterano y de los caídos en la guerra de Malvinas,02/04/2009,Inglaterra,,Londres,,Malvinas,,CFK-20090402-01,,,,No,🔍 Buscar video,https://1drv.ms/v/c/0acaa6780c141b17/IQAOW5KfvkMhTpqOBoVWk25bATgYGBMN94VLcshB0fsTrEU?e=pHBGSz,
Inauguración del nuevo hospital en Jujuy,06/04/2009,Argentina,Jujuy,San Salvador de Jujuy,,,,CFK-20090406-01,,,,No,🔍 Buscar video,,
Visita a la organización Tupac Amaru en Jujuy,06/04/2009,Argentina,Jujuy,San Salvador de Jujuy,,,,CFK-20090406-02,,,,No,🔍 Buscar video,,
Declaraciones a la prensa en la inauguración del Parque Industrial de La Matanza,07/04/2009,Argentina,Buenos Aires,La Matanza,,,,CFK-20090407-02,,,,No,🔍 Buscar video,,
Inauguración del Parque Industrial de La Matanza,07/04/2009,Argentina,Buenos Aires,La Matanza,,,,CFK-20090407-03,,,,No,🔍 Buscar video,,
Anuncios para la provincia de La Rioja,07/04/2009,Argentina,Capital Federal,,Casa de Gobierno,,,CFK-20090407-01,,,,No,🔍 Buscar video,,
"Inauguración de la ruta nacional 23, Los Menucos, Río Negro.",08/04/2009,Argentina,Río Negro,Los Menucos,,,,CFK-20090408-02,,,,No,🔍 Buscar video,,
"Declaraciones a su llegada a Los Menucos, Río Negro",08/04/2009,Argentina,Río Negro,Los Menucos,,Conferencias de prensa y entrevistas,,CFK-20090408-01,,,,No,🔍 Buscar video,,
"Prórroga de la Ley Forestal, en San Fernando",13/04/2009,Argentina,Buenos Aires,San Fernando,,,,CFK-20090413-01,,,,No,🔍 Buscar video,,
Anuncio de las Becas del Bicentenario,14/04/2009,Argentina,Capital Federal,,Casa de Gobierno - Salón de las Mujeres Argentinas del Bicentenario,,,CFK-20090414-01,,,,No,🔍 Buscar video,,
Inauguración de la V Cumbre de las Américas,17/04/2009,Trinidad y Tobago,,Puerto España,,Cumbre de las Américas,,CFK-20090417-01,,,,No,🔍 Buscar video,,
Declaraciones en Trinidad y Tobago,18/04/2009,Trinidad y Tobago,,Puerto España,,Conferencias de prensa y entrevistas,,CFK-20090418-03,,,,No,🔍 Buscar video,,
Cierre de la sesión plenaria de la V Cumbre de las Américas,18/04/2009,Trinidad y Tobago,,Puerto España,,Cumbre de las Américas,,CFK-20090418-01,,,,No,🔍 Buscar video,,
Declaraciones en Trinidad y Tobago,18/04/2009,Trinidad y Tobago,,Puerto España,,Conferencias de prensa y entrevistas,,CFK-20090418-02,,,,No,🔍 Buscar video,,
Lanzamiento de una línea de créditos para PyMES,20/04/2009,Argentina,Capital Federal,,Casa de Gobierno - Salón de las Mujeres Argentinas del Bicentenario,,,CFK-20090420-01,,,,No,🔍 Buscar video,,
Cierre del Seminario de la Organización Internacional del Trabajo,21/04/2009,Argentina,Capital Federal,,Palacio San Martín,Organización Internacional del Trabajo,,CFK-20090421-02,,,,No,🔍 Buscar video,,
Entrega de Becas en Quilmes,21/04/2009,Argentina,Buenos Aires,Quilmes,,,,CFK-20090421-04,,,,No,🔍 Buscar video,,
Anuncios de obra pública para La Pampa,21/04/2009,Argentina,La Pampa,,,,,CFK-20090421-01,,,,No,🔍 Buscar video,,
Declaraciones en Quilmes al término del acto de entrega de becas,21/04/2009,Argentina,Buenos Aires,Quilmes,,,,CFK-20090421-03,,,,No,🔍 Buscar video,,
Presentación de programas para la asistencia judicial,22/04/2009,Argentina,Capital Federal,,Casa de Gobierno - Salón de las Mujeres Argentinas del Bicentenario,,,CFK-20090422-01,,,,No,🔍 Buscar video,,
Conferencia conjunta con Lula da Silva,23/04/2009,Argentina,Capital Federal,,Casa de Gobierno - Salón de los Pueblos Originarios,Visitas de mandatarios extranjeros,,CFK-20090423-02,,,,No,🔍 Buscar video,,
Almuerzo en honor al presidente Luiz Inacio “Lula” Da Silva,23/04/2009,Argentina,Capital Federal,,Palacio San Martín,Visitas de mandatarios extranjeros,,CFK-20090423-01,,,,No,🔍 Buscar video,,
Inauguración de la ampliación del aeropuerto Tierra del Fuego,24/04/2009,Argentina,Tierra del Fuego Antártida e Islas del Atlántico Sur,Ushuaia,,,,CFK-20090424-02,,,,No,🔍 Buscar video,,
Visita a una fábrica de electrodomésticos en Ushuaia,24/04/2009,Argentina,Tierra del Fuego Antártida e Islas del Atlántico Sur,Ushuaia,,,,CFK-20090424-01,,,,No,🔍 Buscar video,,
Entrega de la Memoria final por los límites demarcatorios entre Paraguay y Bolivia,27/04/2009,Argentina,Capital Federal,,Casa de Gobierno - Salón Blanco,,,CFK-20090427-02,,,,No,🔍 Buscar video,,
Lanzamiento programa deportivo en el CENARD,27/04/2009,Argentina,Capital Federal,,ENARD,Deporte,,CFK-20090427-01,,,,No,🔍 Buscar video,,
Visita al Centro Islámico,29/04/2009,Argentina,Capital Federal,,Centro Islámico de la República Argentina,,,CFK-20090429-02,,,,No,🔍 Buscar video,,
Encuentro con intendentes de Córdoba,29/04/2009,Argentina,Capital Federal,,Casa de Gobierno,,,CFK-20090429-01,,,,No,🔍 Buscar video,,
Reunión con intendentes en San Juan,30/04/2009,Argentina,San Juan,San Juan,,,,CFK-20090430-02,,,,No,🔍 Buscar video,,
Inauguración de Centro Cívico en San Juan,30/04/2009,Argentina,San Juan,San Juan,,,,CFK-20090430-01,,,,No,🔍 Buscar video,,
Firma acuerdo marco del trigo,04/05/2009,Argentina,Capital Federal,,Casa de Gobierno - Salón de las Mujeres Argentinas del Bicentenario,,,CFK-20090504-02,,,,No,🔍 Buscar video,,
Inauguración de la Escuela Nacional Fluvial,04/05/2009,Argentina,Capital Federal,,,,,CFK-20090405-01,,,,No,🔍 Buscar video,,
Anuncios en  Tucumán,05/05/2009,Argentina,Tucumán,,,,,CFK-20090505-01,,,,No,🔍 Buscar video,,
Firma de un convenio para la construcción de un gasoducto para La Rioja,06/05/2009,Argentina,Capital Federal,,Casa de Gobierno - Salón de las Mujeres Argentinas del Bicentenario,,,CFK-20090506-01,,,,No,🔍 Buscar video,,
"Visita a Paraná, Entre Ríos",07/05/2009,Argentina,Entre Ríos,Paraná,,,,CFK-20090507-01,,,,No,🔍 Buscar video,,
Anuncio de obras para La Plata,08/05/2009,Argentina,Buenos Aires,La Plata,,,,CFK-20090508-01,,,,No,🔍 Buscar video,,
"Visita a Merlo, Buenos Aires",11/05/2009,Argentina,Buenos Aires,Merlo,,,,CFK-20090511-01,,,,No,🔍 Buscar video,,
Anuncio del Programa de Apoyo para el Desarrollo de la Infraestructura para la Educación Superior,12/05/2009,Argentina,Capital Federal,,Casa de Gobierno - Salón de las Mujeres Argentinas del Bicentenario,,,CFK-20090512-01,,,,No,🔍 Buscar video,,
Declaraciones a la prensa al termino de la apertura del Congreso de Microsoft,13/05/2009,Argentina,Buenos Aires,Escobar,,Conferencias de prensa y entrevistas,,CFK-20090513-02,,,,No,🔍 Buscar video,,
Encuentro Nacional de Jóvenes de la Agricultura Familiar,13/05/2009,Argentina,Capital Federal,,,,,CFK-20090513-01,,,,No,🔍 Buscar video,,
Apertura del Congreso de Microsoft,13/05/2009,Argentina,Buenos Aires,Escobar,,Conferencias y disertaciones,,CFK-20090513-03,,,,No,🔍 Buscar video,,
"Conferencia de Prensa junto al Ministro de Ciencia, tecnología e Innovación Productiva",14/05/2009,Argentina,Capital Federal,,Casa de Gobierno,Conferencias de prensa y entrevistas,,CFK-20090514-01,,,,No,🔍 Buscar video,,
Conferencia de prensa ofrecida junto a Hugo Chávez,15/05/2009,Argentina,Capital Federal,,Casa de Gobierno - Salón Sur,Conferencias de prensa y entrevistas,,CFK-20090515-01,,,,No,🔍 Buscar video,,
"Visita a Chos Malal, Neuquén",18/05/2009,Argentina,Neuquén,Chos Malal,,,,CFK-20090518-01,,,,No,🔍 Buscar video,,
Visita a la Casa del Teatro,19/05/2009,Argentina,Capital Federal,,Casa del Teatro,,,CFK-20090519-01,,,,No,🔍 Buscar video,,
Presentación del Programa de generación eléctrica con fuentes renovables,20/05/2009,Argentina,Capital Federal,,Casa de Gobierno - Salón de las Mujeres Argentinas del Bicentenario,,,CFK-20090520-02,,,,No,🔍 Buscar video,,
Anuncios en Mar del Plata,20/05/2009,Argentina,Buenos Aires,Mar del Plata,,,,CFK-20090520-01,,,,No,🔍 Buscar video,,
Firma de convenio para adquisición de aviones,21/05/2009,Argentina,Capital Federal,,Casa de Gobierno - Salón de las Mujeres Argentinas del Bicentenario,,,CFK-20090521-02,,,,No,🔍 Buscar video,,
Presentación del rodaje del film “Cruce de los Andes”,21/05/2009,Argentina,Capital Federal,,Casa de Gobierno - Salón de las Mujeres Argentinas del Bicentenario,,,CFK-20090521-01,,,,No,🔍 Buscar video,,
Visita a Coronel Suárez,21/05/2009,Argentina,Buenos Aires,Coronel Suárez,,,,CFK-20090521-03,,,,No,🔍 Buscar video,,
Inauguración de la Feria Sembrando Esperanzas,22/05/2009,Argentina,Buenos Aires,Berazategui,,,,CFK-20090522-01,,,,No,🔍 Buscar video,,
"Declaraciones a la prensa en Iguazú, Misiones",25/05/2009,Argentina,Misiones,Puerto Iguazú,,Conferencias de prensa y entrevistas,,CFK-20090525-02,,,,No,🔍 Buscar video,,
199° aniversario de la revolución de mayo,25/05/2009,Argentina,Misiones,Puerto Iguazú,,Revolución de mayo,,CFK-20090525-01,,,,No,🔍 Buscar video,https://goo.su/9LU1z,https://goo.su/9LU1z
Presentación del Cronograma de Viajes a familiares de los Caídos en Malvinas,26/05/2009,Argentina,Buenos Aires,,Residencia Presidencial de Olivos,,,CFK-20090526-03,,,,No,🔍 Buscar video,,
Presentación de la nueva línea de créditos del Banco Hipotecario Nacional,26/05/2009,Argentina,Capital Federal,,,,,CFK-20090526-02,,,,No,🔍 Buscar video,,
Inauguración de empresas en Berazategui,26/05/2009,Argentina,Buenos Aires,Berazategui,,,,CFK-20090526-01,,,,No,🔍 Buscar video,,
Firma de convenio para la cancelación de pasivos fiscales para pequeños y medianos medios de comunicación,27/05/2009,Argentina,Capital Federal,,Casa de Gobierno - Salón de las Mujeres Argentinas del Bicentenario,,,CFK-20090527-01,,,,No,🔍 Buscar video,,
"Acto firma contrato línea Comahue-Cuyo, Mendoza",28/05/2009,Argentina,Mendoza,"Mendoza, San Rafael",,,,CFK-20090528-01,,,,No,🔍 Buscar video,,
"Visita a Río Tercero, Córdoba",29/05/2009,Argentina,Córdoba,"Córdoba, Río Tercero",,,,CFK-20090529-01,,,,No,🔍 Buscar video,,
"Visita a Comodoro Rivadavia, Chubut",01/06/2009,Argentina,Chubut,Comodoro Rivadavia,,,,CFK-20090601-02,,,,No,🔍 Buscar video,,
"Visita a Río Gallegos, Santa Cruz",01/06/2009,Argentina,Santa Cruz,Río Gallegos,,,,CFK-20090601-01,,,,No,🔍 Buscar video,,
Visita a Almirante Brown,03/06/2009,Argentina,Buenos Aires,Almirante Brown,,,,CFK-20090603-01,,,,No,🔍 Buscar video,,
Declaraciones a la prensa en Rosario,04/06/2009,Argentina,Santa Fe,"Rosario, Santa Fe",,Conferencias de prensa y entrevistas,,CFK-20090604-01,,,,No,🔍 Buscar video,,
"Visita a la planta de General Motors en Rosario, Santa Fe",04/06/2009,Argentina,Santa Fe,"Rosario, Santa Fe",,,,CFK-20090604-02,,,,No,🔍 Buscar video,,
Presentación de candidatas a legisladoras del Frente para la Victoria en City Bell,05/06/2009,Argentina,Buenos Aires,La Plata,,Acto partidario,,CFK-20090605-01,,,,No,🔍 Buscar video,,
"Visita al puerto de La Plata, Buenos Aires",05/06/2009,Argentina,Buenos Aires,La Plata,,,,CFK-20090605-02,,,,No,🔍 Buscar video,,
Presentación de nuevas aeronaves para Aerolíneas Argentinas,08/06/2009,Argentina,Capital Federal,,,Aerolíneas Argentinas,,CFK-20090608-01,,,,No,🔍 Buscar video,,
Visita a la ciudad de Formosa,08/06/2009,Argentina,Formosa,Formosa,,,,CFK-20090608-02,,,,No,🔍 Buscar video,,
"Visita a Bahía Blanca, Buenos Aires",09/06/2009,Argentina,Buenos Aires,Bahía Blanca,,,,CFK-20090609-01,,,,No,🔍 Buscar video,,
Saludo por el día del periodista,10/06/2009,Argentina,Capital Federal,,Casa de Gobierno - Sala de Periodistas,,,CFK-20090610-01,,,,No,🔍 Buscar video,,
"Visita a La Plata, Buenos Aires",10/06/2009,Argentina,Buenos Aires,La Plata,,,,CFK-20090610-02,,,,No,🔍 Buscar video,,
"Entrega de viviendas en José C. Paz, Buenos Aires",11/06/2009,Argentina,Buenos Aires,José C. Paz,,,,CFK-20090611-02,,,,No,🔍 Buscar video,,
Presentación del programa de asistencia apícola,11/06/2009,Argentina,Capital Federal,,Casa de Gobierno - Salón de las Mujeres Argentinas del Bicentenario,,,CFK-20090611-01,,,,No,🔍 Buscar video,,
"Visita a Vicente López, Buenos Aires",12/06/2009,Argentina,Buenos Aires,Vicente López,,,,CFK-20090612-02,,,,No,🔍 Buscar video,,
Anuncio de obras de remodelación de la Casa del Teatro,12/06/2009,Argentina,Capital Federal,,Casa de Gobierno - Salón de las Mujeres Argentinas del Bicentenario,,,CFK-20090612-01,,,,No,🔍 Buscar video,,
Discurso en la asamblea de la Organización Internacional del Trabajo,15/06/2009,Suiza,,Ginebra,Sede de la Organización Internacional del Trabajo,Organización Internacional del Trabajo,,CFK-20090615-02,,,,No,🔍 Buscar video,,
"Declaraciones a la prensa en Ginebra, Suiza",15/06/2009,Suiza,,Ginebra,,Conferencias y disertaciones,,CFK-20090615-01,,,,No,🔍 Buscar video,,
"Intervención en el Encuentro Mundial de Sindicalistas en Ginebra, Suiza",15/06/2009,Suiza,,Ginebra,Sede de la Organización Internacional del Trabajo,Organización Internacional del Trabajo,,CFK-20090615-03,,,,No,🔍 Buscar video,,
Anuncio de reglamentación de Ley de Promoción de Inversiones,16/06/2009,Argentina,Capital Federal,,Casa de Gobierno - Salón de las Mujeres Argentinas del Bicentenario,,,CFK-20090616-01,,,,No,🔍 Buscar video,,
Entrega de motocicletas para Gendarmería Nacional,17/06/2009,Argentina,Capital Federal,,,,,CFK-20090617-04,,,,No,🔍 Buscar video,,
"Declaraciones a la prensa en Zárate, Buenos Aires",17/06/2009,Argentina,Buenos Aires,Zárate,Central Nuclear Atucha II,,,CFK-20090617-01,,,,No,🔍 Buscar video,,
Acto en Atucha II,17/06/2009,Argentina,Buenos Aires,Zárate,Central Nuclear Atucha II,,,CFK-20090617-02,,,,No,🔍 Buscar video,,
Entrega de diplomas del Plan FinEs,17/06/2009,Argentina,Capital Federal,,Ministerio de Educación,,,CFK-20090617-03,,,,No,🔍 Buscar video,,
Teleconferencia en San Juan,18/06/2009,Argentina,San Juan,San Juan,,,,CFK-20090618-03,,,,No,🔍 Buscar video,,
Inauguración del Hospital Rawson en San Juan,18/06/2009,Argentina,San Juan,San Juan,,,,CFK-20090618-02,,,,No,🔍 Buscar video,,
Inauguración del tren urbano en Salta,18/06/2009,Argentina,Salta,Salta,,,,CFK-20090618-01,,,,No,🔍 Buscar video,,
Entrega de viviendas a suboficiales de las Fuerzas Armadas,19/06/2009,Argentina,Capital Federal,,Edificio Libertador,Fuerzas Armadas,,CFK-20090619-01,,,,No,🔍 Buscar video,,
Presentación de vehículos del programa U.N.A.M.O.S,19/06/2009,Argentina,Capital Federal,,,,,CFK-20090619-02,,,,No,🔍 Buscar video,,
Inauguración del centro de deportes Diego Armando Maradona,20/06/2009,Argentina,Buenos Aires,Ezeiza,,Deporte,,CFK-20090620-02,,,,No,🔍 Buscar video,,
"Visita a Ezeiza, Buenos Aires",20/06/2009,Argentina,Buenos Aires,Ezeiza,,,,CFK-20090620-03,,,,No,🔍 Buscar video,,
Visita a Bahía Blanca,20/06/2009,Argentina,Buenos Aires,Bahía Blanca,,,,CFK-20090620-04,,,,No,🔍 Buscar video,,
Otorgamiento de créditos hipotecarios,20/06/2009,Argentina,Capital Federal,,Banco Hipotecario,,,CFK-20090620-01,,,,No,🔍 Buscar video,,
Visita a La Rioja,22/06/2009,Argentina,La Rioja,La Rioja,,,,CFK-20090622-03,,,,No,🔍 Buscar video,,
"Visita a Ensenada, Buenos Aires",22/06/2009,Argentina,Buenos Aires,Ensenada,,,,CFK-20090622-02,,,,No,🔍 Buscar video,,
Inauguración del hotel Juan Domingo Perón,22/06/2009,Argentina,Capital Federal,,,,,CFK-20090622-01,,,,No,🔍 Buscar video,,
"Inauguración de la planta termoeléctrica Genelba en Marcos Paz, Buenos Aires",23/06/2009,Argentina,Buenos Aires,Marcos Paz,,,,CFK-20090623-01,,,,No,🔍 Buscar video,,
Inauguración del Astillero Alnavy,23/06/2009,Argentina,Buenos Aires,Campana,,,,CFK-20090623-02,,,,No,🔍 Buscar video,,
Visita a Santiago del Estero,24/06/2009,Argentina,Santiago del Estero,La Banda,,,,CFK-20090624-01,,,,No,🔍 Buscar video,,
Presentación de un nuevo avión para Aerolíneas Argentinas,25/06/2009,Argentina,Capital Federal,,,Aerolíneas Argentinas,,CFK-20090625-01,,,,No,🔍 Buscar video,,
Conferencia de Prensa tras las elecciones,29/06/2009,Argentina,Capital Federal,,Casa de Gobierno - Salón Sur,Conferencias de prensa y entrevistas,,CFK-20090629-01,,,,No,🔍 Buscar video,,
Presentación del programa “Aprender en casa”,02/07/2009,Argentina,Capital Federal,,Casa de Gobierno - Salón de las Mujeres Argentinas del Bicentenario,,,CFK-20090702-01,,,,No,🔍 Buscar video,,
"Conferencia de prensa en el hospital Abete de Malvinas Argentinas, Buenos Aires",03/07/2009,Argentina,Buenos Aires,Malvinas Argentinas,,,,CFK-20090703-01,,,,No,🔍 Buscar video,,
Conferencia de prensa en El Salvador,06/07/2009,Argentina,,San Salvador,,Conferencias de prensa y entrevistas,,CFK-20090706-01,,,,No,🔍 Buscar video,,
Discurso en Cena de Camaradería de Fuerzas Armadas,07/07/2009,Argentina,Capital Federal,,Edificio Libertador,Fuerzas Armadas,,CFK-20090707-01,,,,No,🔍 Buscar video,,
Declaraciones a la prensa en Lomas de Zamora,08/07/2009,Argentina,Buenos Aires,Lomas de Zamora,,Conferencias de prensa y entrevistas,,CFK-20090708-01,,,,No,🔍 Buscar video,,
"193° aniversario de la declaración de la independencia ",09/07/2009,Argentina,Tucumán,San Miguel de Tucumán,,9 de julio,,CFK-20090709-01,,,,No,🔍 Buscar video,,
Declaraciones a la prensa tras el acto de reflotamiento y extracción de buques en el Riachuelo,15/07/2009,Argentina,Capital Federal,,,Conferencias de prensa y entrevistas,,CFK-20090715-01,,,,No,🔍 Buscar video,,
Declaraciones a la prensa en Almirante Brown,16/07/2009,Argentina,Buenos Aires,Almirante Brown,,Conferencias de prensa y entrevistas,,CFK-20090716-01,,,,No,🔍 Buscar video,,
Nueva reglamentación Cuota Hilton,16/07/2009,Argentina,Capital Federal,,Casa de Gobierno - Salón de las Mujeres Argentinas del Bicentenario,,,CFK-20090716-02,,,,No,🔍 Buscar video,,
Presentación de la Ley de Promoción de Jóvenes Emprendedores,22/07/2009,Argentina,Capital Federal,,Casa de Gobierno - Salón de las Mujeres Argentinas del Bicentenario,,,CFK-20090722-01,,,,No,🔍 Buscar video,,
Jura de los nuevos funcionarios del área educativa,23/07/2009,Argentina,Capital Federal,,Casa de Gobierno - Salón Blanco,,,CFK-20090723-02,,,,No,🔍 Buscar video,,
"Declaraciones a la prensa en el hospital Mi Pueblo de Florencio Varela, Buenos Aires",23/07/2009,Argentina,Buenos Aires,Florencio Varela,,Conferencias de prensa y entrevistas,,CFK-20090723-01,,,,No,🔍 Buscar video,,
Apertura de la XXXVII Cumbre de Presidentes del Mercosur,24/07/2009,Paraguay,,Asunción,,MERCOSUR,,CFK-20090724-01,,,,No,🔍 Buscar video,,
"Visita a Asunción, Paraguay",24/07/2009,Paraguay,,Asunción,,Viajes al exterior,,CFK-20090724-02,,,,No,🔍 Buscar video,,
Acto de recupero de la actividad y garantía de la paz social,28/07/2009,Argentina,Capital Federal,,Casa de Gobierno - Salón de las Mujeres Argentinas del Bicentenario,,,CFK-20090728-01,,,,No,🔍 Buscar video,,
Reunión con legisladores nacionales,29/07/2009,Argentina,Capital Federal,,Casa de Gobierno - Salón de las Mujeres Argentinas del Bicentenario,Acto partidario,,CFK-20090729-01,,,,No,🔍 Buscar video,,
"Firma de acuerdo con la industria láctea, Villa María, Córdoba",30/07/2009,Argentina,Córdoba,"Córdoba, Villa María",,,,CFK-20090730-01,,,,No,🔍 Buscar video,,
Encuentro birregional de la COPPPA-INCAPP,31/07/2009,Argentina,Capital Federal,,Casa de Gobierno - Salón de las Mujeres Argentinas del Bicentenario,,,CFK-20090731-01,,,,No,🔍 Buscar video,,
Declaraciones a la prensa en la presentación de dos nuevos aviones para Aerolíneas Argentinas,06/08/2009,Argentina,Capital Federal,,,Conferencias de prensa y entrevistas,,CFK-20090806-01,,,,No,🔍 Buscar video,,
Intervención en la Cumbre de UNASUR,10/08/2009,Ecuador,,Quito,,UNASUR,,CFK-20090810-01,,,,No,🔍 Buscar video,,
"Almuerzo ofrecido por Hugo Chávez en Caracas, Venezuela",11/08/2009,Venezuela,,Caracas,,Viajes al exterior,,CFK-20090811-03,,,,No,🔍 Buscar video,,
Firma de acuerdos con Venezuela,11/08/2009,Venezuela,,Caracas,,Viajes al exterior,,CFK-20090811-02,,,,No,🔍 Buscar video,,
Llegada al palacio de Miraflores y declaraciones almuerzo ofrecido por Hugo Chávez en Caracas,11/08/2009,Venezuela,,Caracas,Palacio de Miraflores,,,CFK-20090811-01,,,,No,🔍 Buscar video,,
"Inauguración de la muestra sobre la película ""El Cruce de los Andes”",13/08/2009,Argentina,Capital Federal,,Casa de Gobierno,,,CFK-20090813-01,,,,No,🔍 Buscar video,,
Lanzamiento del Plan Ingreso Social con Trabajo,14/08/2009,Argentina,Capital Federal,,Casa de Gobierno - Salón de las Mujeres Argentinas del Bicentenario,,,CFK-20090814-01,,,,No,🔍 Buscar video,,
Feria Mundial de Municipios y Salud,18/08/2009,Argentina,Capital Federal,,,,,CFK-20090818-01,,,,No,🔍 Buscar video,,
"50° aniversario de la industria avícola, en el hotel Hilton",19/08/2009,Argentina,Capital Federal,,,,,CFK-20090819-01,,,,No,🔍 Buscar video,,
Firma de acuerdo entre la AFA y el Sistema Nacional de Medios Públicos,20/08/2009,Argentina,Buenos Aires,Ezeiza,,Deporte,,CFK-20090820-01,,,,No,🔍 Buscar video,,
"Inauguración de Jardín de Infantes en Quilmes, Buenos Aires",21/08/2009,Argentina,Buenos Aires,Quilmes,,,,CFK-20090821-01,,,,No,🔍 Buscar video,,
"Visita La Matanza, Buenos Aires",24/08/2009,Argentina,Buenos Aires,La Matanza,,,,CFK-20090824-01,,,,No,🔍 Buscar video,,
Anuncio de primera partida de crédito del BID para AySA,25/08/2009,Argentina,Capital Federal,,Casa de Gobierno - Salón de las Mujeres Argentinas del Bicentenario,,,CFK-20090825-01,,,,No,🔍 Buscar video,,
Aniversario 155° de la Bolsa de Comercio,27/08/2009,Argentina,Capital Federal,,Bolsa de Comercio de Buenos Aires,,,CFK-20090827-01,,,,No,🔍 Buscar video,,
Presentación del proyecto de ley de Servicio de Comunicación Audiovisual,27/08/2009,Argentina,Capital Federal,,Casa de Gobierno - Salón de las Mujeres Argentinas del Bicentenario,,,CFK-20090827-02,,,,No,🔍 Buscar video,,
Intervención en la Cumbre Extraordinaria de UNASUR,28/08/2009,Argentina,Río Negro,Bariloche,,UNASUR,,CFK-20090828-04,,,,No,🔍 Buscar video,,
Apertura de la Reunión Extraordinaria de la UNASUR en Bariloche,28/08/2009,Argentina,Río Negro,Bariloche,,UNASUR,,CFK-20090828-01,,,,No,🔍 Buscar video,,
"Conferencia de Prensa conjunta con el Presidente pro témpore UNASUR, Rafael Correa",28/08/2009,Argentina,Río Negro,Bariloche,,Conferencias de prensa y entrevistas,,CFK-20090828-02,,,,No,🔍 Buscar video,,
Firma de acuerdo por TV digital,28/08/2009,Argentina,Río Negro,Bariloche,,,,CFK-20090828-03,,,,No,🔍 Buscar video,,
Recorrida por las obras de la Casa del Teatro,31/08/2009,Argentina,Capital Federal,,Casa del Teatro,,,CFK-20090831-01,,,,No,🔍 Buscar video,,
Firma de asistencia financiera para investigaciones científicas,01/09/2009,Argentina,Capital Federal,,Casa de Gobierno - Salón de los Científicos,,,CFK-20090901-02,,,,No,🔍 Buscar video,,
Acto por el Día de la Industria,01/09/2009,Argentina,Capital Federal,,,Día de la industria,,CFK-20090901-01,,,,No,🔍 Buscar video,,
"Inauguración de la primera etapa de restauración del Instituto Unzué, Mar del Plata",02/09/2009,Argentina,Buenos Aires,Mar del Plata,Instituto Unzué,,,CFK-20090902-01,,,,No,🔍 Buscar video,,
Visita a las obras de la Catedral de Mar del Plata,02/09/2009,Argentina,Buenos Aires,Mar del Plata,Catedral de Mar del Plata,,,CFK-20090902-03,,,,No,🔍 Buscar video,,
Cumbre de Alcaldes en Mar del Plata,02/09/2009,Argentina,Buenos Aires,Mar del Plata,,,,CFK-20090902-05,,,,No,🔍 Buscar video,,
Entrega de viviendas en Berazategui,03/09/2009,Argentina,Buenos Aires,Berazategui,,,,CFK-20090903-01,,,,No,🔍 Buscar video,,
Expo industrial y encuentro de mujeres en Berazategui,03/09/2009,Argentina,Buenos Aires,Berazategui,,,,CFK-20090903-02,,,,No,🔍 Buscar video,,
Entrega de viviendas en la provincia de La Rioja,07/09/2009,Argentina,La Rioja,La Rioja,,,,CFK-20090907-01,,,,No,🔍 Buscar video,,
Inauguración de la Sede Central de Symantec,08/09/2009,Argentina,Buenos Aires,Vicente López,,,,CFK-20090908-01,,,,No,🔍 Buscar video,,
Visita al departamento de San Pedro,09/09/2009,Argentina,Misiones,San Pedro,,,,CFK-20090909-01,,,,No,🔍 Buscar video,,
Anuncios de acuerdos para la exportación de trigo y maíz,10/09/2009,Argentina,Capital Federal,,Casa de Gobierno,,,CFK-20090910-01,,,,No,🔍 Buscar video,,
30 años de la visita de la Comisión Interamericana de Derechos Humanos a la Argentina,11/09/2009,Argentina,Capital Federal,,Ex ESMA,,,CFK-20090911-02,,,,No,🔍 Buscar video,,
Entrega del premio Maestro Ilustre 2009,11/09/2009,Argentina,Capital Federal,,Casa de Gobierno,,,CFK-20090911-01,,,,No,🔍 Buscar video,,
Conferencia acerca del proyecto de ley de servicios de comunicación audiovisual,14/09/2009,Argentina,Capital Federal,,Casa de Gobierno - Salón Sur,Conferencias de prensa y entrevistas,,CFK-20090914-01,,,,No,🔍 Buscar video,,
Inauguración de hospital en Chaco,14/09/2009,Argentina,Chaco,Avia Terai,,,,CFK-20090914-02,,,,No,🔍 Buscar video,,
Lanzamiento de préstamos para pymes del NEA y del NOA,15/09/2009,Argentina,Capital Federal,,Casa de Gobierno - Salón de los Científicos,,,CFK-20090915-01,,,,No,🔍 Buscar video,,
Inauguración del Centro de Procesos Múltiples del INTI,16/09/2009,Argentina,Buenos Aires,San Martín,Instituto Nacional de Tecnología Industrial,,,CFK-20090916-01,,,,No,🔍 Buscar video,,
Declaraciones al salir de la Universidad de Columbia,21/09/2009,Estados Unidos,,Nueva York,Universidad de Columbia,Conferencias de prensa y entrevistas,,CFK-20090921-01,,,,No,🔍 Buscar video,,
Foro de Líderes Mundiales en la Universidad de Columbia,21/09/2009,Estados Unidos,,Nueva York,Universidad de Columbia,Conferencias y disertaciones,,CFK-20090921-02,,,,No,🔍 Buscar video,,
Consejo de las Américas,22/09/2009,Estados Unidos,,Nueva York,Consejo de las Américas,Consejo de las Américas,,CFK-20090922-01,,,,No,🔍 Buscar video,,
"Intervención en la V Reunión anual de la Clinton Global Iniciative, en Nueva York",23/09/2009,Estados Unidos,,Nueva York,,Conferencias y disertaciones,,CFK-20090923-02,,,,No,🔍 Buscar video,,
64° Asamblea de la Organización de las Naciones Unidas,23/09/2009,Estados Unidos,,Nueva York,Sede de las Naciones Unidas,,,CFK-20090923-01,,,,No,🔍 Buscar video,https://goo.su/SR5l,https://goo.su/SR5l
Declaraciones al periodismo en Nueva York,24/09/2009,Estados Unidos,,Nueva York,,Conferencias de prensa y entrevistas,,CFK-20090924-01,,,,No,🔍 Buscar video,,
Declaraciones antes de cena de trabajo de participantes G-20,24/09/2009,Estados Unidos,,Pittsburgh,,G-20,,CFK-20090924-02,,,,No,🔍 Buscar video,,
Declaraciones al concluir la Cumbre del G20 de Pittsburgh,26/09/2009,Estados Unidos,,Pittsburgh,,Conferencias de prensa y entrevistas,,CFK-20090926-01,,,,No,🔍 Buscar video,,
Declaraciones ante la prensa en Isla Margarita,27/09/2009,Venezuela,,Isla Margarita,,Conferencias de prensa y entrevistas,,CFK-20090927-01,,,,No,🔍 Buscar video,,
Exposición en la II Cumbre América del Sur y África,27/09/2009,Venezuela,,Isla Margarita,,Cumbre América del Sur - África,,CFK-20090927-02,,,,No,🔍 Buscar video,,
Anuncio de convenios para el sector agroindustrial en Entre Ríos,29/09/2009,Argentina,Entre Ríos,Paraná,,,,CFK-20090929-01,,,,No,🔍 Buscar video,,
Encuentro del Banco Popular de la Buena Fe,30/09/2009,Argentina,Córdoba,"Córdoba, Río Tercero",,,,CFK-20090930-01,,,,No,🔍 Buscar video,,
Visita a Merlo,01/10/2009,Argentina,Buenos Aires,Merlo,,,,CFK-20091001-02,,,,No,🔍 Buscar video,,
Lanzamiento de la campaña de lucha contra el cáncer de mama,01/10/2009,Argentina,Capital Federal,,Casa de Gobierno - Salón de las Mujeres Argentinas del Bicentenario,,,CFK-20091001-01,,,,No,🔍 Buscar video,,
"Declaraciones a la prensa en Río Gallegos, Santa Cruz",03/10/2009,Argentina,Santa Cruz,Río Gallegos,,,,CFK-20091003-01,,,,No,🔍 Buscar video,,
Despedida a familiares de caídos en Malvinas,04/10/2009,Argentina,Santa Cruz,Río Gallegos,,Malvinas,,CFK-20091004-01,,,,No,🔍 Buscar video,,
Vigésima Cuarta Conferencia Mundial de Gas,05/10/2009,Argentina,Capital Federal,,Estadio Luna Park,Conferencias y disertaciones,,CFK-20091005-02,,,,No,🔍 Buscar video,,
"Entrega de viviendas en Malvinas Argentinas, Buenos Aires",05/10/2009,Argentina,Buenos Aires,Malvinas Argentinas,,,,CFK-20091005-01,,,,No,🔍 Buscar video,,
Inauguración de la planta productora de EPO de Zeltek,06/10/2009,Argentina,Santa Fe,Santa Fe,,,,CFK-20091006-01,,,,No,🔍 Buscar video,,
Anuncio de convenio para formación de agentes sanitarios,07/10/2009,Argentina,Capital Federal,,Casa de Gobierno - Salón de los Científicos,,,CFK-20091007-02,,,,No,🔍 Buscar video,,
XVI Conferencia Latinoamericana de Ministros de Trabajo,07/10/2009,Argentina,Capital Federal,,Palacio San Martín,Conferencias y disertaciones,,CFK-20091007-01,,,,No,🔍 Buscar video,,
"Inauguración de la muestra Día de la Lealtad, 17 de Octubre",09/10/2009,Argentina,Capital Federal,,Casa de Gobierno - Patio Belgrano,17 de octubre,,CFK-20091009-02,,,,No,🔍 Buscar video,,
Encuentro con familiares de los caídos en Malvinas tras su viaje a las islas,09/10/2009,Argentina,Capital Federal,,Casa de Gobierno - Salón de las Mujeres Argentinas del Bicentenario,Malvinas,,CFK-20091009-01,,,,No,🔍 Buscar video,,
Declaraciones en Nueva Delhi,14/10/2009,India,,Nueva Delhi,,Conferencias de prensa y entrevistas,,CFK-20091014-03,,,,No,🔍 Buscar video,,
Clausura del Seminario económico en Nueva Delhi,14/10/2009,India,,Nueva Delhi,,Viajes al exterior,,CFK-20091014-02,,,,No,🔍 Buscar video,,
Cena ofrecida en honor de la Presidenta en la República de la India,14/10/2009,India,,Nueva Delhi,,Viajes al exterior,,CFK-20091014-01,,,,No,🔍 Buscar video,,
"Cena agasajo de la Cámara de Comercio de Mumbai, India",15/10/2009,India,,Mumbai,,Viajes al exterior,,CFK-20091015-02,,,,No,🔍 Buscar video,,
Declaraciones al término de la visita a India,15/10/2009,India,,Mumbai,,Conferencias de prensa y entrevistas,,CFK-20091015-01,,,,No,🔍 Buscar video,,
Acto por el Día de la Lealtad,17/10/2009,Argentina,Buenos Aires,La Plata,,17 de octubre,,CFK-20091017-01,,,,No,🔍 Buscar video,,
Visita al municipio de Avellaneda,20/10/2009,Argentina,Buenos Aires,Avellaneda,,,,CFK-20091020-01,,,,No,🔍 Buscar video,,
Acto de apertura oficial del Congreso Forestal,21/10/2009,Argentina,Capital Federal,,,Conferencias y disertaciones,,CFK-20091021-03,,,,No,🔍 Buscar video,,
Entrega Premio Nacional de la Calidad,21/10/2009,Argentina,Capital Federal,,Casa de Gobierno - Salón de las Mujeres Argentinas del Bicentenario,,,CFK-20091021-02,,,,No,🔍 Buscar video,,
Implementación Ley de Servicios de Comunicación Audiovisual,21/10/2009,Argentina,Buenos Aires,La Plata,,,,CFK-20091021-01,,,,No,🔍 Buscar video,,
Declaraciones a la prensa durante la visita a la planta de IVECO en Córdoba,22/10/2009,Argentina,Córdoba,Córdoba,,Conferencias de prensa y entrevistas,,CFK-20091022-02,,,,No,🔍 Buscar video,,
Acto en la planta de Fiat IVECO,22/10/2009,Argentina,Córdoba,Córdoba,,,,CFK-20091022-01,,,,No,🔍 Buscar video,,
Acto de egresados del Instituto del Servicio Exterior de la Nación,26/10/2009,Argentina,Capital Federal,,Casa de Gobierno - Salón de las Mujeres Argentinas del Bicentenario,,,CFK-20091026-01,,,,No,🔍 Buscar video,,
Visita a la planta de General Motors,27/10/2009,Argentina,Santa Fe,"Alvear, Santa Fe",,,,CFK-20091027-01,,,,No,🔍 Buscar video,,
Presentación Proyecto Ley Democratización representación política,28/10/2009,Argentina,Capital Federal,,Casa de Gobierno - Salón de las Mujeres Argentinas del Bicentenario,,,CFK-20091028-01,,,,No,🔍 Buscar video,,
Anuncio de la Asignación Universal por Hijo,29/10/2009,Argentina,Capital Federal,,Casa de Gobierno - Salón de las Mujeres Argentinas del Bicentenario,,,CFK-20091029-05,,,,No,🔍 Buscar video,,
"Declaraciones a la prensa después de depositar ofrenda floral monumento O’Higgins, en Chile",29/10/2009,Chile,,Santiago,,Conferencias de prensa y entrevistas,,CFK-20091029-03,,,,No,🔍 Buscar video,,
Cena ofrecida en honor de la Presidenta en Palacio de la Moneda,29/10/2009,Chile,,Santiago,Palacio de la Moneda,Viajes al exterior,,CFK-20091029-04,,,,No,🔍 Buscar video,,
Firma de documentos entre Argentina y Chile,29/10/2009,Chile,,Santiago,,Viajes al exterior,,CFK-20091029-02,,,,No,🔍 Buscar video,,
"Ceremonia de declaración de Huésped Ilustre de la ciudad de Santiago, Chile",29/10/2009,Chile,,Santiago,,Viajes al exterior,,CFK-20091029-01,,,,No,🔍 Buscar video,,
Firma del Tratado de Maipú de integración y cooperación,30/10/2009,Chile,,Maipú,,Viajes al exterior,,CFK-20091030-03,,,,No,🔍 Buscar video,,
Declaraciones a la prensa al partir al Centro Cultural Estación Mapocho,30/10/2009,Chile,,Santiago,,Conferencias de prensa y entrevistas,,CFK-20091030-02,,,,No,🔍 Buscar video,,
Inauguración Feria del Libro de Santiago,30/10/2009,Chile,,Santiago,,Viajes al exterior,,CFK-20091030-01,,,,No,🔍 Buscar video,,
Presentación del Plan Turismo para Jubilados,02/11/2009,Argentina,Capital Federal,,Casa de Gobierno - Salón de las Mujeres Argentinas del Bicentenario,,,CFK-20091102-01,,,,No,🔍 Buscar video,,
Implementación del programa Bosques Nativos,03/11/2009,Argentina,Capital Federal,,Casa de Gobierno - Salón de las Mujeres Argentinas del Bicentenario,,,CFK-20091103-01,,,,No,🔍 Buscar video,,
Declaraciones en el Salón de los Científicos,04/11/2009,Argentina,Capital Federal,,Casa de Gobierno - Salón de los Científicos,Conferencias de prensa y entrevistas,,CFK-20091104-03,,,,No,🔍 Buscar video,,
Contrato para la provisión de agua potable a Tucumán,04/11/2009,Argentina,Capital Federal,,Casa de Gobierno - Salón de los Científicos,,,CFK-20091104-02,,,,No,🔍 Buscar video,,
Inauguración de la Planta de Producción de DNI,04/11/2009,Argentina,Capital Federal,,,,,CFK-20091104-01,,,,No,🔍 Buscar video,,
"Firma del contrato para la construcción del dique Punta Negra, en San Juan",05/11/2009,Argentina,Capital Federal,,Casa de Gobierno - Salón de los Científicos,,,CFK-20091105-03,,,,No,🔍 Buscar video,,
Teleconferencia con hospitales del Chaco,05/11/2009,Argentina,Buenos Aires,Quilmes,,,,CFK-20091105-02,,,,No,🔍 Buscar video,,
"Visita al hospital de Quilmes, Buenos Aires",05/11/2009,Argentina,Buenos Aires,Quilmes,,,,CFK-20091105-01,,,,No,🔍 Buscar video,,
Acto por la Asignación Universal por hijo de la ANSES,09/11/2009,Argentina,Capital Federal,,Casa de Gobierno - Salón de las Mujeres Argentinas del Bicentenario,,,CFK-20091109-02,,,,No,🔍 Buscar video,,
27° Asamblea Latinoamericana de Federación de Molineros,09/11/2009,Argentina,Capital Federal,,,Conferencias y disertaciones,,CFK-20091109-01,,,,No,🔍 Buscar video,,
"Lanzamiento de la tercera etapa del Plan de Inclusión social con Trabajo en el club del Sindicato del Seguro en Moreno, Buenos Aires",10/11/2009,Argentina,Buenos Aires,Moreno,,,,CFK-20091110-01,,,,No,🔍 Buscar video,,
Firma del convenio de Asignación Familiar por Hijo,11/11/2009,Argentina,Capital Federal,,Casa de Gobierno - Salón de las Mujeres Argentinas del Bicentenario,,,CFK-20091111-01,,,,No,🔍 Buscar video,,
Inauguración de obras en instalaciones de la Unión Ferroviaria,12/11/2009,Argentina,Capital Federal,,,,,CFK-20091112-03,,,,No,🔍 Buscar video,,
Firma de convenio de cooperación en la Asignación Familiar por Hijo con distintas provincias,12/11/2009,Argentina,Capital Federal,,Casa de Gobierno - Salón de las Mujeres Argentinas del Bicentenario,,,CFK-20091112-02,,,,No,🔍 Buscar video,,
Inauguración del Centro de Documentación Rápida,12/11/2009,Argentina,Capital Federal,,,,,CFK-20091112-01,,,,No,🔍 Buscar video,,
Inauguración del Simposio Internacional sobre Células Madre,13/11/2009,Argentina,Capital Federal,,,Conferencias y disertaciones,,CFK-20091113-01,,,,No,🔍 Buscar video,,
Almuerzo en honor del presidente del Estado de Israel,16/11/2009,Argentina,Capital Federal,,Palacio San Martín,Visitas de mandatarios extranjeros,,CFK-20091116-02,,,,No,🔍 Buscar video,,
"Conferencia de Prensa de la Presidenta argentina y el presidente de Israel, Shimon Peres",16/11/2009,Argentina,Capital Federal,,Casa de Gobierno - Salón Sur,Conferencias de prensa y entrevistas,,CFK-20091116-01,,,,No,🔍 Buscar video,,
Firma de convenio sobre cuotas individuales transferibles de pesca,17/11/2009,Argentina,Capital Federal,,Casa de Gobierno - Salón de las Mujeres Argentinas del Bicentenario,,,CFK-20091117-01,,,,No,🔍 Buscar video,,
"Almuerzo en Brasilia, Brasil",18/11/2009,Argentina,,Brasilia,,Viajes al exterior,,CFK-20091118-01,,,,No,🔍 Buscar video,,
Inauguración de la muestra homenaje al Día de la Soberanía Nacional,20/11/2009,Argentina,Capital Federal,,Casa de Gobierno - Patio Belgrano,Día de la Soberanía Nacional,,CFK-20091120-02,,,,No,🔍 Buscar video,,
Llamado a licitación para la producción de una vacuna contra la Gripe A,20/11/2009,Argentina,Capital Federal,,,,,CFK-20091120-01,,,,No,🔍 Buscar video,,
Almuerzo en honor de Mahmud Abbas,23/11/2009,Argentina,Capital Federal,,Palacio San Martín,Visitas de mandatarios extranjeros,,CFK-20091123-03,,,,No,🔍 Buscar video,,
Conferencia de prensa de la presidenta Cristina Fernández y el presidente Mahmud Abbas,23/11/2009,Argentina,Capital Federal,,Casa de Gobierno - Salón Sur,Conferencias de prensa y entrevistas,,CFK-20091123-02,,,,No,🔍 Buscar video,,
"Firma de convenio por Asignación Universal por Hijo con las provincias de Santa Fe, Entre Ríos y Córdoba",23/11/2009,Argentina,Capital Federal,,Casa de Gobierno - Salón de las Mujeres Argentinas del Bicentenario,,,CFK-20091123-01,,,,No,🔍 Buscar video,,
"Firma del convenio de Asignación Familiar por Hijo para las provincias de Corrientes, Santiago del Estero, Chaco, Misiones y Formosa",24/11/2009,Argentina,Capital Federal,,Casa de Gobierno - Salón de las Mujeres Argentinas del Bicentenario,,,CFK-20091124-01,,,,No,🔍 Buscar video,,
Entrega de los Premios Sadosky 2009,25/11/2009,Argentina,Capital Federal,,,,,CFK-20091125-05,,,,No,🔍 Buscar video,,
57º Convención Anual Cámara Argentina de la Construcción,25/11/2009,Argentina,Capital Federal,,,,,CFK-20091125-04,,,,No,🔍 Buscar video,,
Acuerdo de precios para 600 medicamentos,25/11/2009,Argentina,Buenos Aires,Morón,,,,CFK-20091125-03,,,,No,🔍 Buscar video,,
"Visita al Hospital Ostaciana B. de Lavignolle, en el partido de Morón.",25/11/2009,Argentina,Buenos Aires,Morón,,,,CFK-20091125-02,,,,No,🔍 Buscar video,,
Anuncio de pago anual extra para jubilados y pensionados,25/11/2009,Argentina,Buenos Aires,Morón,,,,CFK-20091125-01,,,,No,🔍 Buscar video,,
42º aniversario de la FADEEAC,26/11/2009,Argentina,Capital Federal,,,,,CFK-20091126-01,,,,No,🔍 Buscar video,,
Conferencia de Prensa luego del primer día de trabajo en Roma,27/11/2009,Italia,,Roma,Sede de la FAO,Conferencias de prensa y entrevistas,,CFK-20091127-01,,,,No,🔍 Buscar video,,
Acto del descubrimiento de una placa conmemorativa a Juan Pablo II,28/11/2009,Italia,,Roma,,Viajes al exterior,,CFK-20091128-01,,,,No,🔍 Buscar video,,
Clausura del Foro Económico de Portugal,29/11/2009,Portugal,,Lisboa,,Conferencias y disertaciones,,CFK-20091129-01,,,,No,🔍 Buscar video,,
Apertura de la Cumbre en Portugal,30/11/2009,Portugal,,Estoril,,Cumbre Iberoamericana,,CFK-20091130-05,,,,No,🔍 Buscar video,,
Declaraciones en Estoril,30/11/2009,Portugal,,Estoril,,Conferencias de prensa y entrevistas,,CFK-20091130-04,,,,No,🔍 Buscar video,,
Conferencia de la Fundación Alas,30/11/2009,Portugal,,,,Conferencias y disertaciones,,CFK-20091130-03,,,,No,🔍 Buscar video,,
Intervención en la XIX Cumbre Iberoamericana,30/11/2009,Portugal,,Estoril,,Cumbre Iberoamericana,,CFK-20091130-02,,,,No,🔍 Buscar video,,
Declaraciones junto al Canciller después de la foto de Familia en el Hotel Miragem,30/11/2009,Portugal,,Estoril,,Conferencias de prensa y entrevistas,,CFK-20091130-01,,,,No,🔍 Buscar video,,
Cierre de la Cumbre Iberoamericana y traspaso de la Secretaría Pro Témpore a la Argentina,01/12/2009,Portugal,,Estoril,,Cumbre Iberoamericana,,CFK-20091201-02,,,,No,🔍 Buscar video,,
Conferencia de prensa al término de la XIX Cumbre Iberoamericana,01/12/2009,Portugal,,Estoril,,Conferencias de prensa y entrevistas,,CFK-20091201-01,,,,No,🔍 Buscar video,,
Adjudicación de créditos consumo destinados a los beneficiarios del programa Asignación Universal por hijo,02/12/2009,Argentina,Capital Federal,,Casa de Gobierno - Salón de las Mujeres Argentinas del Bicentenario,,,CFK-20091202-01,,,,No,🔍 Buscar video,,
Entrega de las primeras tarjetas de asignación universal por hijo,03/12/2009,Argentina,Buenos Aires,La Matanza,,,,CFK-20091203-02,,,,No,🔍 Buscar video,,
Inauguración de un shopping en San Justo,03/12/2009,Argentina,Buenos Aires,La Matanza,,,,CFK-20091203-01,,,,No,🔍 Buscar video,,
Entrega de tarjetas de la Asignación Básica Universal por hijo en Mar del Plata,04/12/2009,Argentina,Buenos Aires,Mar del Plata,,,,CFK-20091042-01,,,,No,🔍 Buscar video,,
Entrega de la escritura número 3000 del Banco Hipotecario en Mar del Plata,04/12/2009,Argentina,Buenos Aires,Mar del Plata,,,,CFK-20091204-02,,,,No,🔍 Buscar video,,
"Declaraciones a la prensa en Mar del Plata, Buenos Aires",04/12/2009,Argentina,Buenos Aires,Mar del Plata,,Conferencias de prensa y entrevistas,,CFK-20091204-03,,,,No,🔍 Buscar video,,
Inauguración del Club Andino Lago Argentino en El Calafate,07/12/2009,Argentina,Santa Cruz,El Calafate,,,,CFK-20091207-01,,,,No,🔍 Buscar video,,
Conferencia de Prensa junto al Presidente uruguayo al término de la Cumbre,08/12/2009,Uruguay,,Montevideo,,Conferencias de prensa y entrevistas,,CFK-20091208-03,,,,No,🔍 Buscar video,,
XXXVIII Cumbre del MERCOSUR,08/12/2009,Uruguay,,Montevideo,,MERCOSUR,,CFK-20091208-02,,,,No,🔍 Buscar video,,
"Declaraciones en Montevideo, Uruguay",08/12/2009,Uruguay,,Montevideo,,Conferencias de prensa y entrevistas,,CFK-20091208-01,,,,No,🔍 Buscar video,,
Firma de acuerdos con Venezuela,09/12/2009,Argentina,Capital Federal,,Casa de Gobierno - Salón Blanco,Visitas de mandatarios extranjeros,,CFK-20091209-02,,,,No,🔍 Buscar video,,
Declaraciones a la prensa en el marco de la visita a Complejo Naval Industrial Argentino Tandanor,09/12/2009,Argentina,Capital Federal,,,Conferencias de prensa y entrevistas,,CFK-20091209-01,,,,No,🔍 Buscar video,,
Convenio entre el ONABE y la Municipalidad de Morón,10/12/2009,Argentina,Capital Federal,,Casa de Gobierno - Salón de los Científicos,,,CFK-20091210-01,,,,No,🔍 Buscar video,,
Declaraciones al periodismo en Casa de Gobierno,10/12/2009,Argentina,Capital Federal,,Casa de Gobierno - Salón de los Científicos,Conferencias de prensa y entrevistas,,CFK-20091210-02,,,,No,🔍 Buscar video,,
Firma del decreto de promulgación de la Ley 26572,14/12/2009,Argentina,Capital Federal,,Casa de Gobierno - Salón de las Mujeres Argentinas del Bicentenario,,,CFK-20091214-03,,,,No,🔍 Buscar video,,
Apertura de ofertas para la generación de energía eléctrica a través fuentes renovables,14/12/2009,Argentina,Capital Federal,,Casa de Gobierno - Salón de los Científicos,,,CFK-20091214-01,,,,No,🔍 Buscar video,,
Creación del Fondo del Bicentenario,14/12/2009,Argentina,Capital Federal,,Casa de Gobierno - Salón de las Mujeres Argentinas del Bicentenario,Bicentenario,,CFK-20091214-02,,,,No,🔍 Buscar video,,
Reunión de empresarios argentinos que llevan sus productos a Francia,15/12/2009,Argentina,Capital Federal,,Casa de Gobierno - Salón Norte,,,CFK-20091215-04,,,,No,🔍 Buscar video,,
Presentación del Programa de Actividades del Bicentenario,15/12/2009,Argentina,Capital Federal,,Casa de Gobierno - Salón de las Mujeres Argentinas del Bicentenario,Bicentenario,,CFK-20091215-01,,,,No,🔍 Buscar video,,
Celebración del Día del Camionero,15/12/2009,Argentina,Capital Federal,,Estadio José Amalfitani,,,CFK-20091215-02,,,,No,🔍 Buscar video,,
Firma de contrato de inicio obras en hospitales de La Matanza,15/12/2009,Argentina,Capital Federal,,Casa de Gobierno - Salón Sur,,,CFK-20091215-03,,,,No,🔍 Buscar video,,
Acto egreso en el Colegio Militar de la Nación,16/12/2009,Argentina,Buenos Aires,El Palomar,Colegio Militar de la Nación,Fuerzas Armadas,,CFK-20091216-03,,,,No,🔍 Buscar video,,
"Inauguración de frigorífico Forres Beltrán, Frías, Santiago del Estero",16/12/2009,Argentina,Santiago del Estero,Frías,,,,CFK-20091216-02,,,,No,🔍 Buscar video,,
"Acto en el parque industrial de Frías, Santiago del Estero",16/12/2009,Argentina,Santiago del Estero,Frías,,,,CFK-20091216-01,,,,No,🔍 Buscar video,,
Entrega de viviendas a suboficiales de las Fuerzas Armadas,17/12/2009,Argentina,Capital Federal,,Edificio Libertador,Fuerzas Armadas,,CFK-20091217-01,,,,No,🔍 Buscar video,,
Inauguración de la Ciudad Judicial de Santa Rosa,18/12/2009,Argentina,La Pampa,Santa Rosa,,,,CFK-20091218-02,,,,No,🔍 Buscar video,,
Licitación de cupos de créditos para Pymes,18/12/2009,Argentina,Capital Federal,,Ministerio de Economía,,,CFK-20091218-01,,,,No,🔍 Buscar video,,
Inauguración de Hospital en Ezeiza,21/12/2009,Argentina,Buenos Aires,Ezeiza,,,,CFK-20091221-03,,,,No,🔍 Buscar video,,
Visita a la planta de Volkswagen en General Pacheco,21/12/2009,Argentina,Buenos Aires,Tigre,,,,CFK-20091221-02,,,,No,🔍 Buscar video,,
Acto junto a autoridadades del COA,21/12/2009,Argentina,Capital Federal,,Casa de Gobierno - Salón Sur,Deporte,,CFK-20091221-01,,,,No,🔍 Buscar video,,
Presentación de nuevas explotaciones petroleras,22/12/2009,Argentina,Capital Federal,,Sede central de YPF,,,CFK-20091222-02,,,,No,🔍 Buscar video,,
Visita a Marcos Paz,22/12/2009,Argentina,Buenos Aires,Marcos Paz,,,,CFK-20091222-01,,,,No,🔍 Buscar video,,
"Declaraciones a la prensa en La Matanza, Buenos Aires",23/12/2009,Argentina,Buenos Aires,La Matanza,,Conferencias de prensa y entrevistas,,CFK-20091223-02,,,,No,🔍 Buscar video,,
Presentación del programa de inclusión social en La Matanza,23/12/2009,Argentina,Buenos Aires,La Matanza,,,,CFK-20091223-01,,,,No,🔍 Buscar video,,
Videoconferencia con el Gobernador de San Juan,28/12/2009,Argentina,Capital Federal,,Casa de Gobierno - Salón Sur,,,CFK-20091228-01,,,,No,🔍 Buscar video,,
Firma del convenio de cooperación en materia de salud en beneficio a personas privadas de su libertad,29/12/2009,Argentina,Capital Federal,,Casa de Gobierno - Salón de los Científicos,,,CFK-20091229-03,,,,No,🔍 Buscar video,,
Informe sobre la Ley de Promociones de Inversiones,29/12/2009,Argentina,Capital Federal,,Casa de Gobierno - Salón Sur,,,CFK-20091229-02,,,,No,🔍 Buscar video,,
Licitación para la radicación de una planta productora de vacuna contra la Gripe A,29/12/2009,Argentina,Capital Federal,,Casa de Gobierno - Salón de los Científicos,,,CFK-20091229-01,,,,No,🔍 Buscar video,,
"Visita a Virrey del Pino en La Matanza, Buenos Aires",07/01/2010,Argentina,Buenos Aires,La Matanza,,,,CFK-20100107-01,,,,No,🔍 Buscar video,,
Visita a las cooperativas del programa Argentina Trabaja en Avellaneda,08/01/2010,Argentina,Buenos Aires,Avellaneda,,,,CFK-20100108-01,,,,No,🔍 Buscar video,,
"Declaraciones a la prensa después de visitar cooperativas en Avellaneda, Buenos Aires",08/01/2010,Argentina,Buenos Aires,Avellaneda,,Conferencias de prensa y entrevistas,,CFK-20100108-02,,,,No,🔍 Buscar video,,
Anuncios en el Banco Nación,11/01/2010,Argentina,Capital Federal,,Banco Nación,,,CFK-20100111-01,,,,No,🔍 Buscar video,,
Discurso en Casa de Gobierno,12/01/2010,Argentina,Capital Federal,,Casa de Gobierno - Salón de las Mujeres Argentinas del Bicentenario,,,CFK-20100112-01,,,,No,🔍 Buscar video,,
Acto de firma de convenio con la industria harinera,13/01/2010,Argentina,Capital Federal,,Casa de Gobierno - Salón Sur,,,CFK-20100113-03,,,,No,🔍 Buscar video,,
"Visita a Lanús, Buenos Aires",13/01/2010,Argentina,Buenos Aires,Lanús,,,,CFK-20100113-02,,,,No,🔍 Buscar video,,
"Declaraciones a la prensa en Lanús, Buenos Aires",13/01/2010,Argentina,Buenos Aires,Lanús,,Conferencias de prensa y entrevistas,,CFK-20100113-01,,,,No,🔍 Buscar video,,
Declaraciones a la prensa en la despedida a la delegación médica y al avión Hércules de las fuerzas armadas antes del viaje a Haití,14/01/2010,Argentina,Buenos Aires,Morón,,Conferencias de prensa y entrevistas,,CFK-20100114-02,,,,No,🔍 Buscar video,,
Firma de contrato de planta líquidos cloacales para San Martín de los Andes,14/01/2010,Argentina,Capital Federal,,Casa de Gobierno - Salón Sur,,,CFK-20100114-01,,,,No,🔍 Buscar video,,
Cena en honor del Emir de Qatar,19/01/2010,Argentina,Capital Federal,,Palacio San Martín,Visitas de mandatarios extranjeros,,CFK-20100119-01,,,,No,🔍 Buscar video,,
Museo del Libro,20/01/2010,Argentina,Capital Federal,,Biblioteca Nacional,,,CFK-20100120-05,,,,No,🔍 Buscar video,,
Conferencia de prensa en Casa de Gobierno,20/01/2010,Argentina,Capital Federal,,Casa de Gobierno - Salón Sur,Conferencias de prensa y entrevistas,,CFK-20100120-03,,,,No,🔍 Buscar video,,
"Inauguración de edificio de INVAP, en Bariloche",20/01/2010,Argentina,Río Negro,Bariloche,Sede del INVAP,,,CFK-20100120-01,,,,No,🔍 Buscar video,,
Inauguración de nueva sede del PAMI en Bariloche,20/01/2010,Argentina,Río Negro,Bariloche,,,,CFK-20100120-06,,,,No,🔍 Buscar video,,
Acto por renegociación de contrato de Hidrovía,21/01/2010,Argentina,Capital Federal,,Casa de Gobierno - Salón de las Mujeres Argentinas del Bicentenario,,,CFK-20100121-01,,,,No,🔍 Buscar video,,
Declaraciones a los medios durante la visita a La Matanza,25/01/2010,Argentina,Buenos Aires,La Matanza,,Conferencias de prensa y entrevistas,,CFK-20100125-01,,,,No,🔍 Buscar video,,
Visita a Lomas de Zamora,26/01/2010,Argentina,Buenos Aires,Lomas de Zamora,,,,CFK-20100126-03,,,,No,🔍 Buscar video,,
"Declaraciones a la prensa en Lomas de Zamora, Buenos Aires",26/01/2010,Argentina,Buenos Aires,Lomas de Zamora,,Conferencias de prensa y entrevistas,,CFK-20100126-02,,,,No,🔍 Buscar video,,
Inauguración del Parque Municipal de Villa Albertina,26/01/2010,Argentina,Buenos Aires,Lomas de Zamora,,,,CFK-20100126-01,,,,No,🔍 Buscar video,,
Acto de firma de Convenio con la industria porcina,27/01/2010,Argentina,Capital Federal,,Casa de Gobierno - Salón Sur,,,CFK-20100127-01,,,,No,🔍 Buscar video,,
Declaraciones en Capitán Sarmiento,28/01/2010,Argentina,Buenos Aires,Capitán Sarmiento,,Conferencias de prensa y entrevistas,,CFK-20100128-02,,,,No,🔍 Buscar video,,
Visita a Capitán Sarmiento,28/01/2010,Argentina,Buenos Aires,Capitán Sarmiento,,,,CFK-20100128-01,,,,No,🔍 Buscar video,,
Anuncio de prórroga de exención impositiva para vinos espumantes,01/02/2010,Argentina,Capital Federal,,Casa de Gobierno - Salón Sur,,,CFK-20100201-01,,,,No,🔍 Buscar video,,
Prórroga impositiva sobre bienes de capital,03/02/2010,Argentina,Capital Federal,,Casa de Gobierno - Salón de las Mujeres Argentinas del Bicentenario,,,CFK-20100203-02,,,,No,🔍 Buscar video,,
Conferencia de prensa,03/02/2010,Argentina,Capital Federal,,Casa de Gobierno - Salón Sur,Conferencias de prensa y entrevistas,,CFK-20100203-01,,,,No,🔍 Buscar video,,
Visita a las obras del puente Nicolás Avellaneda,05/02/2010,Argentina,Buenos Aires,Avellaneda,,,,CFK-20100205-01,,,,No,🔍 Buscar video,,
Inauguración de sucursal de Supermercados Coto en Ezeiza,08/02/2010,Argentina,Buenos Aires,Ezeiza,,,,CFK-20100208-01,,,,No,🔍 Buscar video,,
Anuncio para jubilados y pensionados,09/02/2010,Argentina,Capital Federal,,Casa de Gobierno - Salón de las Mujeres Argentinas del Bicentenario,,,CFK-20100209-02,,,,No,🔍 Buscar video,,
"Visita a Ituzaingó, Buenos Aires",09/02/2010,Argentina,Buenos Aires,Ituzaingó,,,,CFK-20100209-01,,,,No,🔍 Buscar video,,
Anuncio para el agro,10/02/2010,Argentina,Capital Federal,,Casa de Gobierno - Salón de las Mujeres Argentinas del Bicentenario,,,CFK-20101002-01,,,,No,🔍 Buscar video,,
Acto inaugural de sede del Sindicato de Taxistas,11/02/2010,Argentina,Capital Federal,,,,,CFK-20100211-01,,,,No,🔍 Buscar video,,
"Visita a Lobería, Buenos Aires",12/02/2010,Argentina,Buenos Aires,Lobería,,,,CFK-20100212-01,,,,No,🔍 Buscar video,,
Visita a la jueza Sonia Sotomayor,12/02/2010,Estados Unidos,,Washington,,Viajes al exterior,,CFK-20100212-02,,,,No,🔍 Buscar video,,
133° aniversario del bautismo del lago Argentino,15/02/2010,Argentina,Santa Cruz,El Calafate,,,,CFK-20100215-01,,,,No,🔍 Buscar video,,
"Visita a Merlo, Buenos Aires",16/02/2010,Argentina,Buenos Aires,Merlo,,,,CFK-20100216-01,,,,No,🔍 Buscar video,,
Presentación de las políticas de educación secundaria,17/02/2010,Argentina,Capital Federal,,Casa de Gobierno - Salón de las Mujeres Argentinas del Bicentenario,,,CFK-20100217-01,,,,No,🔍 Buscar video,,
Declaraciones a los medios en Almirante Brown,18/02/2010,Argentina,Buenos Aires,Almirante Brown,,Conferencias de prensa y entrevistas,,CFK-20100218-01,,,,No,🔍 Buscar video,,
"Visita a Almirante Brown, Buenos Aires",18/02/2010,Argentina,Buenos Aires,Almirante Brown,,,,CFK-20100218-02,,,,No,🔍 Buscar video,,
Licitación complejo hidroeléctrico Cóndor Cliff,19/02/2010,Argentina,Capital Federal,,Ministerio de Planificación Federal,,,CFK-20100219-01,,,,No,🔍 Buscar video,,
Firma de acuerdos entre Argentina y Venezuela,20/02/2010,Venezuela,,Caracas,,Viajes al exterior,,CFK-20100220-01,,,,No,🔍 Buscar video,,
"XXI Cumbre de la Unidad, Cancún, México",22/02/2010,México,,Cancún,,Grupo de Río,,CFK-20100222-02,,,,No,🔍 Buscar video,,
"Declaraciones luego de la intervención en la Cumbre del Grupo Río, en Cancún",22/02/2010,México,,Cancún,,Grupo de Río,,CFK-20100222-01,,,,No,🔍 Buscar video,,
Almuerzo con empresarios,24/02/2010,Argentina,Buenos Aires,,Residencia Presidencial de Olivos,,,CFK-20100224-01,,,,No,🔍 Buscar video,,
"Lanzamiento de la Libreta de Seguridad Social, Educación y Salud",25/02/2010,Argentina,Buenos Aires,Magdalena,,,,CFK-20100225-01,,,,No,🔍 Buscar video,,
Declaraciones a los medios desde Mar del Plata,26/02/2010,Argentina,Buenos Aires,Mar del Plata,,Conferencias de prensa y entrevistas,,CFK-20100226-02,,,,No,🔍 Buscar video,,
"Visita a Mar del Plata, Buenos Aires",26/02/2010,Argentina,Buenos Aires,Mar del Plata,,,,CFK-20100226-01,,,,No,🔍 Buscar video,,
Apertura del 128° período de sesiones ordinarias del Congreso,01/03/2010,Argentina,Capital Federal,,Congreso de la Nación,Asunciones y apertura de sesiones,"""D:\Nueva carpeta\OneDrive\2010\CFK-20100301-02.mp4""",CFK-20100301-02,,,https://www.cfkargentina.com/wp-content/uploads/2013/03/Crsitina_Zavattaro_3_54814.jpg,No,🎥 Video disponible,https://goo.su/wyCQ6,https://goo.su/wyCQ6
Conferencia de Prensa junto a Hillary Clinton Secretaria de Estado de Estados Unidos,01/03/2010,Argentina,Capital Federal,,Casa de Gobierno - Salón Sur,Conferencias de prensa y entrevistas,,CFK-20100301-01,,,,No,🔍 Buscar video,,
Inauguración del Ciclo Lectivo 2010,02/03/2010,Argentina,Buenos Aires,Berazategui,,,,CFK-20100302-02,,,,No,🔍 Buscar video,,
Declaraciones a periodistas en Berazategui,02/03/2010,Argentina,Buenos Aires,Berazategui,,Conferencias de prensa y entrevistas,,CFK-20100302-01,,,,No,🔍 Buscar video,,
"Visita a San Pedro, Misiones",03/03/2010,Argentina,Misiones,San Pedro,,,,CFK-20100303-02,,,,No,🔍 Buscar video,,
"Teleconferencia con gobernadores de Chaco, Formosa y Córdoba",03/03/2010,Argentina,Misiones,San Pedro,,,,CFK-20100303-01,,,,No,🔍 Buscar video,,
Acto de licitación de la canalización del Río Salado,04/03/2010,Argentina,Capital Federal,,Casa de Gobierno - Salón de las Mujeres Argentinas del Bicentenario,,,CFK-20100304-01,,,,No,🔍 Buscar video,,
Día Internacional de la Mujer y videoconferencia con Haití,08/03/2010,Argentina,Capital Federal,,Casa de Gobierno - Salón de las Mujeres Argentinas del Bicentenario,Día internacional de la mujer,,CFK-20100308-01,,,,No,🔍 Buscar video,,
Inauguración de la muestra El túnel de la ciencia,08/03/2010,Argentina,Capital Federal,,Ministerio de Educación,,,CFK-20100308-02,,,,No,🔍 Buscar video,,
Almuerzo con la CGT en la Residencia de Olivos,09/03/2010,Argentina,Buenos Aires,,Residencia Presidencial de Olivos,,,CFK-20100309-02,,,,No,🔍 Buscar video,,
Declaraciones a los periodistas en Casa de Gobierno,09/03/2010,Argentina,Capital Federal,,Casa de Gobierno,Conferencias de prensa y entrevistas,,CFK-20100309-01,,,,No,🔍 Buscar video,,
Llegada al aeropuerto de Santiago de Chile,10/03/2010,Chile,,Santiago,,Viajes al exterior,,CFK-20100310-01,,,,No,🔍 Buscar video,,
"Declaraciones a los medios desde Valparaíso, Chile",11/03/2010,Chile,,Valparaíso,,Conferencias de prensa y entrevistas,,CFK-20100311-01,,,,No,🔍 Buscar video,,
Ceremonia de apertura de sobres para la línea de alta tensión en El Calafate,12/03/2010,Argentina,Santa Cruz,El Calafate,,,,CFK-20100312-02,,,,No,🔍 Buscar video,,
Declaraciones a los periodistas al término del acto apertura de sobres en Calafate,12/03/2010,Argentina,Santa Cruz,El Calafate,,Conferencias de prensa y entrevistas,,CFK-20100312-01,,,,No,🔍 Buscar video,,
Inauguración de obras del gasoducto submarino en el Estrecho de Magallanes,15/03/2010,Argentina,Tierra del Fuego Antártida e Islas del Atlántico Sur,Ushuaia,,,,CFK-20100315-02,,,,No,🔍 Buscar video,,
Declaraciones después del acto de inauguración de gasoducto en Tierra del Fuego,15/03/2010,Argentina,Tierra del Fuego Antártida e Islas del Atlántico Sur,Ushuaia,,Conferencias de prensa y entrevistas,,CFK-20100315-01,,,,No,🔍 Buscar video,,
Acto de inauguración de la Casa del Bicentenario,16/03/2010,Argentina,Capital Federal,,Casa del Bicentenario,Bicentenario,,CFK-20100316-01,,,,No,🔍 Buscar video,,
Visita a la cooperativa Mataderos,17/03/2010,Argentina,Capital Federal,,,,,CFK-20100317-01,,,,No,🔍 Buscar video,,
Homenaje a los ganadores del Premio Oscar,18/03/2010,Argentina,Capital Federal,,Casa de Gobierno - Salón de los Científicos,,,CFK-20100318-01,,,,No,🔍 Buscar video,,
"Centenario del Dique Ballester, en Neuquén y Río Negro",19/03/2010,Argentina,Neuquén,,,,,CFK-20100319-01,,,,No,🔍 Buscar video,,
Discurso ante dirigentes del oficialismo en Olivos,20/03/2010,Argentina,Buenos Aires,,Residencia Presidencial de Olivos,Acto partidario,,CFK-20100320-01,,,,No,🔍 Buscar video,,
Ceremonia de recibimiento de la condecoración El Sol del Perú en Lima,22/03/2010,Perú,,Lima,,Viajes al exterior,,CFK-20100322-04,,,,No,🔍 Buscar video,,
Almuerzo ofrecido a legisladores nacionales,22/03/2010,Argentina,Buenos Aires,,Residencia Presidencial de Olivos,Acto partidario,,CFK-20100322-02,,,,No,🔍 Buscar video,,
"Almuerzo con empresarios argentinos y peruanos en Lima, Perú",22/03/2010,Perú,,Lima,,Viajes al exterior,,CFK-20100322-03,,,,No,🔍 Buscar video,,
Visita al presidente de la República del Perú y firma de acuerdos,22/03/2010,Perú,,Lima,,Viajes al exterior,,CFK-20100322-01,,,,No,🔍 Buscar video,,
Acto de condecoración con la  Medalla de Honor del Congreso de Perú,23/03/2010,Perú,,Lima,,Viajes al exterior,,CFK-20100323-01,,,,No,🔍 Buscar video,,
"Declaraciones a la salida del Palacio Municipal de Lima, Perú",23/03/2010,Perú,,Lima,,Conferencias de prensa y entrevistas,,CFK-20100323-02,,,,No,🔍 Buscar video,,
"Visita al Alcalde de la Ciudad de Lima, en Perú",23/03/2010,Perú,,Lima,,Viajes al exterior,,CFK-20100323-04,,,,No,🔍 Buscar video,,
Declaraciones a periodistas antes de partir desde Lima a Buenos Aires,23/03/2010,Perú,,Lima,,Conferencias de prensa y entrevistas,,CFK-20100323-03,,,,No,🔍 Buscar video,,
Día de la memoria por la verdad y la justicia,24/03/2010,Argentina,Capital Federal,,Ex ESMA,Conferencias de prensa y entrevistas,"""D:\Nueva carpeta\OneDrive\2010\CFK-20100324-01.mp4""",CFK-20100324-01,,,https://upload.wikimedia.org/wikipedia/commons/4/40/Presidenta_Cristina_Fernandez_acto_en_la_ESMA.jpg,No,🎥 Video disponible,https://goo.su/br6K7,https://goo.su/br6K7
Almuerzo con empresarios de pequeñas y medianas empresa en Olivos,25/03/2010,Argentina,Buenos Aires,,Residencia Presidencial de Olivos,,,CFK-20100325-01,,,,No,🔍 Buscar video,,
"Acto de homenaje a Juana Azurduy en Sucre, Bolivia",26/03/2010,Bolivia,,Sucre,,Viajes al exterior,,CFK-20100326-06,,,,No,🔍 Buscar video,,
Firma de acuerdo de integración energética con Bolivia,26/03/2010,Bolivia,,Sucre,,Viajes al exterior,,CFK-20100326-05,,,,No,🔍 Buscar video,,
"Llegada al aeropuerto de Sucre, Bolivia",26/03/2010,Bolivia,,Sucre,,Conferencias de prensa y entrevistas,,CFK-20100326-01,,,,No,🔍 Buscar video,,
Presentación del Rally Dakar 2011,29/03/2010,Argentina,Buenos Aires,,Residencia Presidencial de Olivos,Deporte,,CFK-20100329-01,,,,No,🔍 Buscar video,,
Descubrimiento de la fotografía en homenaje a las Mujeres de Malvinas,30/03/2010,Argentina,Capital Federal,,Casa de Gobierno - Salón de las Mujeres Argentinas del Bicentenario,Malvinas,,CFK-20100330-02,,,,No,🔍 Buscar video,,
Visita a la Basílica de Nuestra Señora de Luján,30/03/2010,Argentina,Buenos Aires,Luján,Basílica de Nuestra Señora de Luján,,,CFK-20100330-01,,,,No,🔍 Buscar video,,
Declaraciones luego del acto en Ushuaia,02/04/2010,,Tierra del Fuego Antártida e Islas del Atlántico Sur,Ushuaia,,Conferencias de prensa y entrevistas,,CFK-20100402-02,,,,No,🔍 Buscar video,,
Día del veterano y de los caídos en la guerra de Malvinas,02/04/2010,Argentina,Tierra del Fuego Antártida e Islas del Atlántico Sur,Ushuaia,,Malvinas,"""D:\Nueva carpeta\OneDrive\2010\CFK-20100402-01.mp4""",CFK-20100402-01,,,,No,🎥 Video disponible,https://goo.su/Eav9hLx,https://goo.su/Eav9hLx
Declaraciones a los medios al término del acto de inauguración del hospital de rehabilitación de Malvinas Argentinas,05/04/2010,Argentina,Buenos Aires,Malvinas Argentinas,,,,CFK-20100405-02,,,,No,🔍 Buscar video,,
"Inauguración de obras en Malvinas Argentinas, Buenos Aires",05/04/2010,Argentina,Buenos Aires,Malvinas Argentinas,,,,CFK-20100405-01,,,,No,🔍 Buscar video,,
Presentación del programa conectar-igualdad.com.ar.,06/04/2010,Argentina,Capital Federal,,,,,CFK-20100604-01,,,,No,🔍 Buscar video,,
Entrega de viviendas en Vedia,07/04/2010,Argentina,Buenos Aires,Vedia,,,,CFK-20100407-02,,,,No,🔍 Buscar video,,
Encuentro con rectores de Universidades Públicas,07/04/2010,Argentina,Capital Federal,,Casa de Gobierno - Salón Norte,Universidades Nacionales,,CFK-20100407-01,,,,No,🔍 Buscar video,,
Reunión con el presidente de la República de Chile,08/04/2010,Argentina,Capital Federal,,Casa de Gobierno - Salón Sur,Visitas de mandatarios extranjeros,,CFK-20100408-01,,,,No,🔍 Buscar video,,
Almuerzo en honor del presidente Sebastián Piñera,08/04/2010,Argentina,Capital Federal,,Palacio San Martín,Visitas de mandatarios extranjeros,,CFK-20100408-02,,,,No,🔍 Buscar video,,
Declaraciones después de la intervención en la Cámara de Comercio de Estados Unidos,09/04/2010,Estados Unidos,,Washington,,Conferencias de prensa y entrevistas,,CFK-20100409-02,,,,No,🔍 Buscar video,,
Almuerzo con la Cámara de Comercio de Estados Unidos,09/04/2010,Estados Unidos,,Washington,,Viajes al exterior,,CFK-20100409-01,,,,No,🔍 Buscar video,,
Declaraciones tras la visita al Smithsonian Museum,10/04/2010,Estados Unidos,,Washington,Smithsonian Museum,Conferencias de prensa y entrevistas,,CFK-20100410-01,,,,No,🔍 Buscar video,,
Discurso en el Museo Smithsonian de Washington,10/04/2010,Estados Unidos,,Washington,Smithsonian Museum,Viajes al exterior,,CFK-20100410-02,,,,No,🔍 Buscar video,,
Declaraciones en Washington,13/04/2010,Estados Unidos,,Washington,,Conferencias de prensa y entrevistas,,CFK-20100413-02,,,,No,🔍 Buscar video,,
Declaraciones al finalizar la Cumbre en los Estados Unidos,13/04/2010,Estados Unidos,,Washington,,Conferencias de prensa y entrevistas,,CFK-20100413-01,,,,No,🔍 Buscar video,,
Conferencia de Prensa junto al Presidente de la Federación Rusa,14/04/2010,Argentina,Capital Federal,,Casa de Gobierno - Salón Sur,Conferencias de prensa y entrevistas,,CFK-20100414-02,,,,No,🔍 Buscar video,,
Cena de honor al Presidente de la Federación Rusa,14/04/2010,Argentina,Capital Federal,,Palacio San Martín,Visitas de mandatarios extranjeros,,CFK-20100414-01,,,,No,🔍 Buscar video,,
Lanzamiento del Plan Nacional Casa Propia del Banco Nación,15/04/2010,Argentina,Capital Federal,,,,,CFK-20100415-01,,,,No,🔍 Buscar video,,
Declaraciones a los medios a la salida del acto en el Banco Nación,15/04/2010,Argentina,Capital Federal,,Banco Nación,Conferencias de prensa y entrevistas,,CFK-20100415-02,,,,No,🔍 Buscar video,,
Almuerzo en honor del primer ministro de la República Socialista de Vietnam,16/04/2010,Argentina,Capital Federal,,Palacio San Martín,Visitas de mandatarios extranjeros,,CFK-20100416-03,,,,No,🔍 Buscar video,,
Declaraciones a los medios luego almuerzo en honor primer ministro de Vietnam,16/04/2010,Argentina,Capital Federal,,Palacio San Martín,Conferencias de prensa y entrevistas,,CFK-20100416-02,,,,No,🔍 Buscar video,,
Firma de acuerdos con Vietnam,16/04/2010,Argentina,Capital Federal,,Casa de Gobierno - Salón Sur,Visitas de mandatarios extranjeros,,CFK-20100416-01,,,,No,🔍 Buscar video,,
Sesión solemne de la Asamblea Nacional de la República Bolivariana de Velezuela,19/04/2010,Venezuela,,Caracas,,Viajes al exterior,,CFK-20100419-01,,,,No,🔍 Buscar video,,
Declaraciones antes de partir de Caracas a Buenos Aires,20/04/2010,Venezuela,,Caracas,,Conferencias de prensa y entrevistas,,CFK-20100420-01,,,,No,🔍 Buscar video,,
Visita Lomas de Zamora,21/04/2010,Argentina,Buenos Aires,Lomas de Zamora,,,,CFK-20100421-01,,,,No,🔍 Buscar video,,
Presentación de nuevas concesiones corredores viales nacionales,22/04/2010,Argentina,Capital Federal,,Casa de Gobierno - Salón de las Mujeres Argentinas del Bicentenario,,,CFK-20100422-01,,,,No,🔍 Buscar video,,
Inauguración de la ampliación de la planta de AFISA,23/04/2010,Argentina,Córdoba,"Córdoba, Porteña",,,,CFK-20100423-01,,,,No,🔍 Buscar video,,
"Inauguración de la ruta 201 en Hurlingham, Buenos Aires",26/04/2010,Argentina,Buenos Aires,Hurlingham,,,,CFK-20100426-01,,,,No,🔍 Buscar video,,
Apertura del 12° período de sesiones del Subcomité sobre Comercio Pesquero de la FAO,27/04/2010,Argentina,Capital Federal,,Palacio San Martín,,,CFK-20100427-02,,,,No,🔍 Buscar video,,
Reinauguración del Instituto Biológico Tomás Perón en La Plata,27/04/2010,Argentina,Buenos Aires,La Plata,,,,CFK-20100427-01,,,,No,🔍 Buscar video,,
"Declaraciones junto a José Mujica, en Olivos",28/04/2010,Argentina,Buenos Aires,,Residencia Presidencial de Olivos,Visitas de mandatarios extranjeros,,CFK-20100428-02,,,,No,🔍 Buscar video,,
Asunción del nuevo director nacional de la Policía de Seguridad Aeroportuaria,28/04/2010,Argentina,Buenos Aires,Ezeiza,,,,CFK-20100428-01,,,,No,🔍 Buscar video,,
Lanzamiento del programa para el desarrollo de la industria autopartista nacional,29/04/2010,Argentina,Capital Federal,,Casa de Gobierno - Salón de las Mujeres Argentinas del Bicentenario,,,CFK-20100429-01,,,,No,🔍 Buscar video,,
Inauguración del auditorio del espacio cultural Nuestros Hijos,30/04/2010,Argentina,Capital Federal,,Ex ESMA,,,CFK-20100430-01,,,,No,🔍 Buscar video,,
Presentación de la reglamentación de la Ley de Migraciones,03/05/2010,Argentina,Capital Federal,,Casa de Gobierno - Salón de las Mujeres Argentinas del Bicentenario,,,CFK-20100503-01,,,,No,🔍 Buscar video,,
Conferencia de prensa al término de la Cumbre de Unasur,04/05/2010,Argentina,Capital Federal,Bariloche,,Conferencias de prensa y entrevistas,,CFK-20100504-01,,,,No,🔍 Buscar video,,
Inauguración del Aula Magna de la Universidad de Lanús,05/05/2010,Argentina,Buenos Aires,Lanús,Universidad Nacional de Lanús,Universidades Nacionales,,CFK-20100505-02,,,,No,🔍 Buscar video,,
Visita al partido de Lanús,05/05/2010,Argentina,Buenos Aires,Lanús,,,,CFK-20100505-01,,,,No,🔍 Buscar video,,
Inauguración de planta de IBM,06/05/2010,Argentina,Buenos Aires,Vicente López,,,,CFK-20100605-01,,,,No,🔍 Buscar video,,
Presentación del Programa Federal de Desendeudamiento de las provincias argentinas,10/05/2010,Argentina,Capital Federal,,Casa de Gobierno - Salón de las Mujeres Argentinas del Bicentenario,,,CFK-20100510-01,,,,No,🔍 Buscar video,,
Discurso en el Teatro Coliseo,11/05/2010,Argentina,Capital Federal,,Teatro Coliseo,,,CFK-20100511-01,,,,No,🔍 Buscar video,,
Homenaje al padre Carlos Mugica en la Villa 31,11/05/2010,Argentina,Capital Federal,,,Homenajes y conmemoraciones,,CFK-20100511-06,,,,No,🔍 Buscar video,,
Apertura del V Congreso de Traducción e Interpretación,12/05/2010,Argentina,Capital Federal,,,Conferencias y disertaciones,,CFK-20101205-01,,,,No,🔍 Buscar video,,
Declaraciones al término del acto de apertura del V Congreso de Traducción e Interpretación,12/05/2010,Argentina,Capital Federal,,,Conferencias de prensa y entrevistas,,CFK-20100512-01,,,,No,🔍 Buscar video,,
Celebración del Bicentenario de la ciudad de Victoria,13/05/2010,Argentina,Entre Ríos,Victoria,,,,CFK-20100513-02,,,,No,🔍 Buscar video,,
Declaraciones a la prensa en Victoria,13/05/2010,Argentina,Entre Ríos,Victoria,,Conferencias de prensa y entrevistas,,CFK-20100513-01,,,,No,🔍 Buscar video,,
Presentación del Plan Estratégico Agroalimentario y Agroindustrial 2010-2016,14/05/2010,Argentina,Capital Federal,,Banco Nación,,,CFK-20100514-01,,,,No,🔍 Buscar video,,
IV Cumbre ALC-UE,17/05/2010,España,,Madrid,,Cumbre América Latina y el Caribe - Unión Europea,,CFK-20100517-01,,,,No,🔍 Buscar video,,
Conferencia de prensa en la VI Cumbre ALC-UE,17/05/2010,España,,Madrid,,Conferencias de prensa y entrevistas,,CFK-20100517-05,,,,No,🔍 Buscar video,,
Declaraciones en Madrid,17/05/2010,España,,Madrid,,Conferencias de prensa y entrevistas,,CFK-20100517-06,,,,No,🔍 Buscar video,,
Conferencia de prensa de la Presidenta al término de la VI Cumbre ALC-UE,18/05/2010,España,,Madrid,,Conferencias de prensa y entrevistas,,CFK-20100518-03,,,,No,🔍 Buscar video,,
"Clausura de la Cumbre Unión Europea, Latinoamérica y el Caribe",18/05/2010,España,,Madrid,,Cumbre América Latina y el Caribe - Unión Europea,,CFK-20100518-06,,,,No,🔍 Buscar video,,
Acto de entrega del premio otorgado por Nueva Economía Fórum al presidente Brasil,18/05/2010,España,,Madrid,,Viajes al exterior,,CFK-20100518-05,,,,No,🔍 Buscar video,,
VI Cumbre ALC-UE,18/05/2010,España,,Madrid,,Cumbre América Latina y el Caribe - Unión Europea,,CFK-20100518-01,,,,No,🔍 Buscar video,,
Reunión con empresarios en Barcelona,19/05/2010,España,,Barcelona,,Viajes al exterior,,CFK-20100519-01,,,,No,🔍 Buscar video,,
"Visita a la instalación del mural Ejercicio Plástico, en Aduana Taylor",20/05/2010,Argentina,Capital Federal,,Casa de Gobierno - Museo del Bicentenario,,,CFK-20100520-01,,,,No,🔍 Buscar video,,
Firma de acta de reparación histórica de La Rioja,21/05/2010,Argentina,Capital Federal,,Casa de Gobierno - Salón Sur,,,CFK-20100521-02,,,,No,🔍 Buscar video,,
Inauguración del Paseo del Bicentenario,21/05/2010,Argentina,Capital Federal,,Paseo del Bicentenario,Bicentenario,,CFK-20100521-04,,,,No,🔍 Buscar video,,
Palabras a los representantes de los pueblos originarios,21/05/2010,Argentina,Capital Federal,,Casa de Gobierno - Salón de las Mujeres Argentinas del Bicentenario,,,CFK-20100521-01,,,,No,🔍 Buscar video,,
"Inauguración de la Central Termoeléctrica de Pilar, Córdoba",21/05/2010,Argentina,Córdoba,"Córdoba, Pilar",,,,CFK-20100521-03,,,,No,🔍 Buscar video,,
Acto del Correo Central por el inicio de obras para la construcción del Centro Cultural,24/05/2010,Argentina,Capital Federal,,Correo Central,Bicentenario,"""D:\Nueva carpeta\OneDrive\2010\CFK-20100524-01.mp4""",CFK-20100524-01,,,,No,🎥 Video disponible,,
200º aniversario de la revolución de mayo,25/05/2010,Argentina,Capital Federal,,Casa de Gobierno - Salón de los Patriotas Latinoamericanos,Bicentenario,"""D:\Nueva carpeta\OneDrive\2010-11\CFK-20100525-02.mp4""",CFK-20100525-02,,,,No,🎥 Video disponible,https://goo.su/Y3jBy,https://goo.su/Y3jBy
200º aniversario de la revolución de mayo - Cena del Bicentenario,25/05/2010,Argentina,Capital Federal,,Casa de Gobierno - Salón Blanco,Bicentenario,"""D:\Nueva carpeta\OneDrive\2010\CFK-20100525-01.mp4""",CFK-20100525-01,,,,No,🎥 Video disponible,https://1drv.ms/v/c/0acaa6780c141b17/IQAP5PhSpNqzRok3_e1w4klKASpNkbsFwBFFFHaZtKD-tLc?e=PL3aqV,
"Declaraciones luego reunión con su par de Brasil, en Rio Janeiro",28/05/2010,Brasil,,Rìo de Janeiro,,Conferencias de prensa y entrevistas,,CFK-20100528-01,,,,No,🔍 Buscar video,,
Declaraciones en intervalo de III Foro de la Alianza Civilizaciones,28/05/2010,Brasil,,Rìo de Janeiro,,Conferencias de prensa y entrevistas,,CFK-20100528-05,,,,No,🔍 Buscar video,,
III Foro de Alianza de Civilizaciones,28/05/2010,Brasil,,Rìo de Janeiro,,Conferencias y disertaciones,,CFK-20100528-06,,,,No,🔍 Buscar video,,
Bicentenario del Ejército Argentino,29/05/2010,Argentina,Buenos Aires,El Palomar,Colegio Militar de la Nación,Fuerzas Armadas,,CFK-20100529-01,,,,No,🔍 Buscar video,,
60 aniversario de la Comisión Nacional de Energía Atómica,31/05/2010,Argentina,Buenos Aires,Ezeiza,,,,CFK-20100531-02,,,,No,🔍 Buscar video,,
Anuncio de financiamiento de inversiones,31/05/2010,Argentina,Capital Federal,,Casa de Gobierno - Salón de las Mujeres Argentinas del Bicentenario,,,CFK-20100531-01,,,,No,🔍 Buscar video,,
Congreso Metalúrgico del Bicentenario,02/06/2010,Argentina,Capital Federal,,,,,CFK-20100602-02,,,,No,🔍 Buscar video,,
"Conferencia de prensa junto a José Mujica, luego del encuentro en la Residencia Presidencial Anchorena, Uruguay",02/06/2010,Uruguay,,Colonia,Residencia Presidencial Anchorena,Conferencias de prensa y entrevistas,,CFK-20100602-01,,,,No,🔍 Buscar video,,
Seminario por el 75 aniversario del Banco Central de la República Argentina,03/06/2010,Argentina,Capital Federal,,Banco Central de la República Argentina,Conferencias y disertaciones,,CFK-20100603-01,,,,No,🔍 Buscar video,,
Saludo a los periodistas acreditados en Casa de Gobierno por su día,07/06/2010,Argentina,Capital Federal,,Casa de Gobierno - Sala de Periodistas,,,CFK-20100607-01,,,,No,🔍 Buscar video,,
Declaraciones tras la audiencia con Bill Clinton,07/06/2010,Argentina,Capital Federal,,Casa de Gobierno,Conferencias de prensa y entrevistas,,CFK-20100607-05,,,,No,🔍 Buscar video,,
Presentación del Programa Parques Industriales,08/06/2010,Argentina,Capital Federal,,Casa de Gobierno - Salón de las Mujeres Argentinas del Bicentenario,,,CFK-20100608-01,,,,No,🔍 Buscar video,,
Inauguración del ENARD,09/06/2010,Argentina,Capital Federal,,ENARD,Deporte,,CFK-20100609-01,,,,No,🔍 Buscar video,,
Visita al Centro Germinal Biotech,10/06/2010,Argentina,Buenos Aires,Marcos Paz,,,,CFK-20100610-01,,,,No,🔍 Buscar video,,
Declaraciones tras la visita al Centro Germinal Biotech,10/06/2010,Argentina,Buenos Aires,Marcos Paz,,Conferencias de prensa y entrevistas,,CFK-20100610-05,,,,No,🔍 Buscar video,,
Encuentro con representantes de industria gráfica,14/06/2010,Argentina,Capital Federal,,Casa de Gobierno - Salón de las Mujeres Argentinas del Bicentenario,,,CFK-20100614-02,,,,No,🔍 Buscar video,,
Declaraciones al termino de la reunión con representantes industria gráfica,14/06/2010,Argentina,Capital Federal,,Casa de Gobierno - Salón de las Mujeres Argentinas del Bicentenario,Conferencias de prensa y entrevistas,,CFK-20100614-01,,,,No,🔍 Buscar video,,
Declaraciones al término acto de inauguración del barrio Altos Podestá,15/06/2010,Argentina,Buenos Aires,Tres de Febrero,,Conferencias de prensa y entrevistas,,CFK-20100615-02,,,,No,🔍 Buscar video,,
Visita a Altos de Podestá,15/06/2010,Argentina,Buenos Aires,Tres de Febrero,,,,CFK-20100615-01,,,,No,🔍 Buscar video,,
"Declaraciones en Adolfo Alsina, provincia de Buenos Aires",16/06/2010,Argentina,Buenos Aires,Adolfo Alsina,,Conferencias de prensa y entrevistas,,CFK-20100616-02,,,,No,🔍 Buscar video,,
"Visita a Adolfo Alsina, provincia de Buenos Aires",16/06/2010,Argentina,Buenos Aires,Adolfo Alsina,,,,CFK-20100616-01,,,,No,🔍 Buscar video,,
"Visita a Olta, La Rioja",17/06/2010,Argentina,La Rioja,"La Rioja, Olta",,,,CFK-20100617-01,,,,No,🔍 Buscar video,,
"Declaraciones a los medios en Olta, La Rioja",17/06/2010,Argentina,La Rioja,"La Rioja, Olta",,Conferencias de prensa y entrevistas,,CFK-20100617-02,,,,No,🔍 Buscar video,,
"Declaraciones al término de su visita Lomas de Zamora, Buenos Aires",18/06/2010,Argentina,Buenos Aires,Lomas de Zamora,,Conferencias de prensa y entrevistas,,CFK-20100618-02,,,,No,🔍 Buscar video,,
Visita a Lomas de Zamora,18/06/2010,Argentina,Buenos Aires,Lomas de Zamora,,,,CFK-20100618-01,,,,No,🔍 Buscar video,,
Conmemoración del Día de la Bandera,20/06/2010,Argentina,Santa Fe,"Rosario, Santa Fe",Monumento nacional a la Bandera,20 de junio,,CFK-20100620-01,,,,No,🔍 Buscar video,,
"Inauguración del Centro de Documentación en Merlo ",22/06/2010,Argentina,Buenos Aires,Merlo,,,,CFK-20100622-02,,,,No,🔍 Buscar video,,
Presentación de acuerdo para el financiamiento para compra o leasing de máquinas agrícolas,22/06/2010,Argentina,Capital Federal,,Casa de Gobierno - Salón de las Mujeres Argentinas del Bicentenario,,,CFK-20100622-01,,,,No,🔍 Buscar video,,
Declaraciones al término de la inauguración del Centro de Documentación Rápida,22/06/2010,Argentina,Buenos Aires,Merlo,,Conferencias de prensa y entrevistas,,CFK-20100622-03,,,,No,🔍 Buscar video,,
Saludo de la Presidenta a la Selección Juvenil de Rugby,23/06/2010,Argentina,Capital Federal,,Casa de Gobierno - Salón de las Mujeres Argentinas del Bicentenario,Deporte,,CFK-20100623-01,,,,No,🔍 Buscar video,,
Acto por Desendeudamiento de Provincias,23/06/2010,Argentina,Capital Federal,,Casa de Gobierno - Salón Sur,,,CFK-20100623-02,,,,No,🔍 Buscar video,,
Día Nacional de la Avicultura,23/06/2010,Argentina,Capital Federal,,,,,CFK-20100623-03,,,,No,🔍 Buscar video,,
"Congreso de Confederación Sindical Internacional, en Vancouver, Canadá",24/06/2010,Canadá,,Vancouver,,Conferencias y disertaciones,,CFK-20100624-01,,,,No,🔍 Buscar video,,
Declaraciones al término de la reunión sindical internacional en Vancouver,25/06/2010,Canadá,,Vancouver,,Conferencias de prensa y entrevistas,,CFK-20100625-01,,,,No,🔍 Buscar video,,
"Conferencia de Prensa en Toronto, Canadá",26/06/2010,Canadá,,Toronto,,Conferencias de prensa y entrevistas,,CFK-20100626-01,,,,No,🔍 Buscar video,,
Conferencia de prensa en uno de los recesos de la Reunión del G-20,27/06/2010,Canadá,,Toronto,,Conferencias de prensa y entrevistas,,CFK-20100627-01,,,,No,🔍 Buscar video,,
Anuncio de la creación del Ministerio de Turismo,28/06/2010,Argentina,Capital Federal,,Casa de Gobierno - Salón de las Mujeres Argentinas del Bicentenario,,,CFK-20100628-01,,,,No,🔍 Buscar video,,
Firma de acta acuerdo en el marco de Programa Vitivinícola,29/06/2010,Argentina,Capital Federal,,Casa de Gobierno - Salón de las Mujeres Argentinas del Bicentenario,,,CFK-20100629-01,,,,No,🔍 Buscar video,,
Presentación del programa energía eléctrica con fuentes renovables,30/06/2010,Argentina,Capital Federal,,Casa de Gobierno - Salón de las Mujeres Argentinas del Bicentenario,,,CFK-20100630-03,,,,No,🔍 Buscar video,,
Declaraciones al término del acto por Bicentenario de la Prefectura,30/06/2010,Argentina,Buenos Aires,Zárate,,,,CFK-20100630-01,,,,No,🔍 Buscar video,,
Bicentenario de la Prefectura Naval Argentina,30/06/2010,Argentina,Buenos Aires,Zárate,,,,CFK-20100630-02,,,,No,🔍 Buscar video,,
Homenaje al General Juan Domingo Perón,01/07/2010,Argentina,Capital Federal,,Casa de Gobierno - Salón de los Patriotas Latinoamericanos,,,CFK-20100701-01,,,,No,🔍 Buscar video,,
Almuerzo ofrecido en honor al Presidente de la República Árabe de Siria,02/07/2010,Argentina,Capital Federal,,,Visitas de mandatarios extranjeros,,CFK-20100702-01,,,,No,🔍 Buscar video,,
"Visita a San Miguel, Buenos Aires",05/07/2010,Argentina,Buenos Aires,San Miguel,,,,CFK-20100507-01,,,,No,🔍 Buscar video,,
Visita al Centro de Estudios Legales y Sociales,05/07/2010,Argentina,Capital Federal,,Centro de Estudios Legales y Sociales,,,CFK-20100705-02,,,,No,🔍 Buscar video,,
Declaraciones en el partido San Miguel,05/07/2010,Argentina,Buenos Aires,San Miguel,,Conferencias de prensa y entrevistas,,CFK-20100705-01,,,,No,🔍 Buscar video,,
Cena de Camaradería de las Fuerzas Armadas,06/07/2010,Argentina,Capital Federal,,Palacio San Martín,Fuerzas Armadas,,CFK-20100607-06,,,,No,🔍 Buscar video,,
Visita al Hospital Posadas,07/07/2010,Argentina,Buenos Aires,Morón,,,,CFK-20100707-01,,,,No,🔍 Buscar video,,
Homenaje a Mercedes Sosa,08/07/2010,Argentina,Capital Federal,,Casa de Gobierno - Salón de las Mujeres Argentinas del Bicentenario,Homenajes y conmemoraciones,,CFK-20100708-01,,,,No,🔍 Buscar video,,
"194° aniversario de la declaración de la independencia ",09/07/2010,Argentina,Tucumán,San Miguel de Tucumán,,9 de julio,"""D:\Nueva carpeta\OneDrive\2010\CFK-20100709-02.mp4""",CFK-20100709-02,,,,No,🎥 Video disponible,,
Declaraciones en San Miguel de Tucumán,09/07/2010,Argentina,Tucumán,San Miguel de Tucumán,,Conferencias de prensa y entrevistas,,CFK-20100709-01,,,,No,🔍 Buscar video,,
Conferencia de prensa con periodistas argentinos,12/07/2010,China,,Beijing,,Conferencias de prensa y entrevistas,,CFK-20100712-05,,,,No,🔍 Buscar video,,
Honoris Causa en Universidad de Beijing,12/07/2010,China,,Beijing,Universidad de Beijing,Viajes al exterior,,CFK-20100712-01,,,,No,🔍 Buscar video,,
"Almuerzo sobre oportunidades de negocios, comercio e inversiones",13/07/2010,China,,Beijing,,Viajes al exterior,,CFK-20100713-01,,,,No,🔍 Buscar video,,
Conferencia de prensa en Beijing,13/07/2010,China,,Beijing,,Conferencias de prensa y entrevistas,,CFK-20100713-02,,,,No,🔍 Buscar video,,
"Declaraciones en Beijing, República Popular China",14/07/2010,China,,Beijing,,Conferencias de prensa y entrevistas,,CFK-20100714-01,,,,No,🔍 Buscar video,,
Almuerzo sobre oportunidades de negocio,15/07/2010,China,,Shanghai,,Viajes al exterior,,CFK-20100715-01,,,,No,🔍 Buscar video,,
Conferencia de prensa en Shahghai,15/07/2010,China,,Shanghai,,Conferencias de prensa y entrevistas,,CFK-20100715-02,,,,No,🔍 Buscar video,,
Reglamentación de ley de protección contra la violencia contra las mujeres,19/07/2010,Argentina,Capital Federal,,Casa de Gobierno - Salón de las Mujeres Argentinas del Bicentenario,,,CFK-20100719-01,,,,No,🔍 Buscar video,,
Acto de licitación de la autovía Pilar-Pergamino,20/07/2010,Argentina,Capital Federal,,Casa de Gobierno - Salón de las Mujeres Argentinas del Bicentenario,,,CFK-20100720-01,,,,No,🔍 Buscar video,,
Promulgación Ley Matrimonio Igualitario,21/07/2010,Argentina,Capital Federal,,Casa de Gobierno - Salón de los Patriotas Latinoamericanos,,,CFK-20100721-01,,,,No,🔍 Buscar video,,
Inauguración de instalaciones de la empresa SAP,21/07/2010,Argentina,Buenos Aires,Vicente López,,,,CFK-20100721-03,,,,No,🔍 Buscar video,,
Declaraciones luego del acto de la empresa SAP,21/07/2010,Argentina,Buenos Aires,Vicente López,,Conferencias de prensa y entrevistas,,CFK-20100721-02,,,,No,🔍 Buscar video,,
Visita a Chascomús,22/07/2010,Argentina,Buenos Aires,Chascomús,,,,CFK-20100722-01,,,,No,🔍 Buscar video,,
Interconexión eléctrica de la Patagonia,22/07/2010,Argentina,Capital Federal,,Casa de Gobierno - Salón de las Mujeres Argentinas del Bicentenario,,,CFK-20100722-02,,,,No,🔍 Buscar video,,
Visita a General Belgrano,23/07/2010,Argentina,Buenos Aires,General Belgrano,,,,CFK-20100723-02,,,,No,🔍 Buscar video,,
Declaraciones a los medios en General Belgrano,23/07/2010,Argentina,Buenos Aires,General Belgrano,,Conferencias de prensa y entrevistas,,CFK-20100723-01,,,,No,🔍 Buscar video,,
"Visita a La Banda, Santiago del Estero",24/07/2010,Argentina,Santiago del Estero,La Banda,,,,CFK-20100724-01,,,,No,🔍 Buscar video,,
Acto Central de los 457 Aniversario de Santiago del Estero,25/07/2010,Argentina,Santiago del Estero,,,,,CFK-20100725-01,,,,No,🔍 Buscar video,,
Licitación de cupos de créditos con bonificación para pymes,26/07/2010,Argentina,Capital Federal,,Casa de Gobierno - Salón Sur,,,CFK-20100726-02,,,,No,🔍 Buscar video,,
"Homenaje a Eva Perón, mujer del Bicentenario, en Casa Rosada",26/07/2010,Argentina,Capital Federal,,Casa de Gobierno - Salón de los Patriotas Latinoamericanos,Evita,"""D:\Nueva carpeta\OneDrive\2010\CFK-20100726-01.mp4""",CFK-20100726-01,,,,No,🎥 Video disponible,,
Aniversario 156 de la Bolsa de Comercio de Buenos Aires,27/07/2010,Argentina,Capital Federal,,Bolsa de Comercio de Buenos Aires,,,CFK-20100727-02,,,,No,🔍 Buscar video,,
Cena en honor al primer ministro de Kuwait,27/07/2010,Argentina,Capital Federal,,Palacio San Martín,Visitas de mandatarios extranjeros,,CFK-20100727-01,,,,No,🔍 Buscar video,,
Acto de restitución de identidad de restos de desaparecidos,28/07/2010,Argentina,Capital Federal,,Casa de Gobierno - Salón de los Científicos,,,CFK-20100728-02,,,,No,🔍 Buscar video,,
Declaraciones a los medios después del encuentro con Las Leonas,28/07/2010,Argentina,Capital Federal,,Casa de Gobierno - Salón de las Mujeres Argentinas del Bicentenario,Conferencias de prensa y entrevistas,,CFK-20100728-04,,,,No,🔍 Buscar video,,
"Anuncio de aumento de jubilaciones en Casa Rosada, por Cadena Nacional",28/07/2010,Argentina,Capital Federal,,Casa de Gobierno - Salón de las Mujeres Argentinas del Bicentenario,,,CFK-20100728-03,,,,No,🔍 Buscar video,,
"Encuentro con Las Leonas, en Casa Rosada",28/07/2010,Argentina,Capital Federal,,Casa de Gobierno - Salón de las Mujeres Argentinas del Bicentenario,Deporte,,CFK-20100728-01,,,,No,🔍 Buscar video,,
Firma de Convenios con la CAF,29/07/2010,Argentina,Capital Federal,,Casa de Gobierno - Salón de las Mujeres Argentinas del Bicentenario,,,CFK-20100729-01,,,,No,🔍 Buscar video,,
Declaraciones a los medios en la provincia de San Juan,02/08/2010,Argentina,San Juan,"Chimbas, San Juan",,Conferencias de prensa y entrevistas,,CFK-20100802-03,,,,No,🔍 Buscar video,,
Cena en honor a los asistente a la cumbre del Mercosur en San Juan,02/08/2010,Argentina,San Juan,San Juan,,MERCOSUR,,CFK-20100802-02,,,,No,🔍 Buscar video,,
"Visita a Chimbas, provincia de San Juan",02/08/2010,Argentina,San Juan,"Chimbas, San Juan",,,,CFK-20100802-01,,,,No,🔍 Buscar video,,
Apertura de la Cumbre del Mercosur en San Juan,03/08/2010,Argentina,San Juan,San Juan,,MERCOSUR,,CFK-20100803-02,,,,No,🔍 Buscar video,,
Conferencia de prensa en San Juan,03/08/2010,Argentina,San Juan,San Juan,,Conferencias de prensa y entrevistas,,CFK-20100803-01,,,,No,🔍 Buscar video,,
Declaraciones a los medios en La Rioja,04/08/2010,Argentina,La Rioja,"Famatina, La Rioja",,Conferencias de prensa y entrevistas,,CFK-20100804-04,,,,No,🔍 Buscar video,,
Homenaje a monseñor Angelelli en La Rioja,04/08/2010,Argentina,La Rioja,"Famatina, La Rioja",,Homenajes y conmemoraciones,,CFK-20100804-01,,,,No,🔍 Buscar video,,
Declaraciones a los medios en la Galería de los Patriotas Latinoamericanos,04/08/2010,Argentina,Capital Federal,,Casa de Gobierno - Salón de los Patriotas Latinoamericanos,Inauguraciones de salas y salones en Casa de Gobierno,,CFK-20100804-02,,,,No,🔍 Buscar video,,
Exposición ante la prensa en San Juan,04/08/2010,Argentina,San Juan,San Juan,,Conferencias de prensa y entrevistas,,CFK-20100804-03,,,,No,🔍 Buscar video,,
Celebración del 145° aniversario de la ciudad de Chacabuco y Fiesta del Maíz,05/08/2010,Argentina,Buenos Aires,Chacabuco,,,,CFK-20100805-01,,,,No,🔍 Buscar video,,
"Consejo Nacional del Salario Mínimo, Vital y Móvil",05/08/2010,Argentina,Capital Federal,,Ministerio de Trabajo,,,CFK-20100805-06,,,,No,🔍 Buscar video,,
Declaraciones al término del acto en el Partido Chacabuco,05/08/2010,Argentina,Buenos Aires,Chacabuco,,Conferencias de prensa y entrevistas,,CFK-20100805-05,,,,No,🔍 Buscar video,,
Inauguración del Centro de Gestión y Exposición del Programa Conectar Igualdad,06/08/2010,Argentina,Capital Federal,,,,,CFK-20100608-06,,,,No,🔍 Buscar video,,
Declaraciones al periodismo,06/08/2010,Argentina,Capital Federal,,,Conferencias de prensa y entrevistas,,CFK-20100608-05,,,,No,🔍 Buscar video,,
Declaraciones de la Presidenta en Colombia,09/08/2010,Colombia,,,,Conferencias de prensa y entrevistas,,CFK-20100809-02,,,,No,🔍 Buscar video,,
Firma de contrato para el gasoducto Juana Azurduy,09/08/2010,Argentina,Capital Federal,,Casa de Gobierno - Salón Sur,,,CFK-20100809-03,,,,No,🔍 Buscar video,,
Inauguración sanatorio alta complejidad Sagrado Corazón,09/08/2010,Argentina,Capital Federal,,,,,CFK-20100809-04,,,,No,🔍 Buscar video,,
Declaraciones a los medios luego de inauguración sanatorio alta complejidad,09/08/2010,Argentina,Capital Federal,,Casa de Gobierno - Salón Sur,Conferencias de prensa y entrevistas,,CFK-20100809-05,,,,No,🔍 Buscar video,,
Acto de despedida de deportistas que participarán en los primeros juegos olímpicos juveniles,09/08/2010,Argentina,Capital Federal,,Casa de Gobierno - Salón de las Mujeres Argentinas del Bicentenario,Deporte,,CFK-20100809-01,,,,No,🔍 Buscar video,,
Visita a la ciudad de Bragado,10/08/2010,Argentina,Buenos Aires,Bragado,,,,CFK-20100810-01,,,,No,🔍 Buscar video,,
Cierre de la segunda jornada La Justicia en el Bicentenario,11/08/2010,Argentina,Capital Federal,,,,,CFK-20101108-01,,,,No,🔍 Buscar video,,
Palabras de la Presidenta al despedir a la selección argentina básquetbol,11/08/2010,Argentina,Capital Federal,,Casa de Gobierno - Salón de las Mujeres Argentinas del Bicentenario,Deporte,,CFK-20100811-01,,,,No,🔍 Buscar video,,
Programa Conectar Igualdad en Escuelas Secundarias Comunes,12/08/2010,Argentina,Buenos Aires,La Matanza,,,,CFK-20100812-01,,,,No,🔍 Buscar video,,
Acto en El Calafate,13/08/2010,Argentina,Santa Cruz,El Calafate,,,,CFK-20100813-02,,,,No,🔍 Buscar video,,
Declaraciones de la Presidenta en El Calafate,13/08/2010,Argentina,Santa Cruz,El Calafate,,Conferencias de prensa y entrevistas,,CFK-20100813-01,,,,No,🔍 Buscar video,,
Discurso en la Sociedad Científica Argentina,17/08/2010,Argentina,Capital Federal,,Sede de la Sociedad Científica Argentina,Conferencias y disertaciones,,CFK-20100817-01,,,,No,🔍 Buscar video,,
Firma de convenios para el desendeudamiento de las provincias,18/08/2010,Argentina,Capital Federal,,Casa de Gobierno - Salón de las Mujeres Argentinas del Bicentenario,,,CFK-20100818-02,,,,No,🔍 Buscar video,,
Palabras en la Bolsa de Comercio de Rosario,18/08/2010,Argentina,Santa Fe,"Rosario, Santa Fe",Bolsa de Comercio de Rosario,,,CFK-20100818-01,,,,No,🔍 Buscar video,,
Palabras de la Presidenta a representantes del Foro Social de San Pablo,19/08/2010,Argentina,Capital Federal,,Casa de Gobierno - Salón de las Mujeres Argentinas del Bicentenario,,,CFK-20100819-01,,,,No,🔍 Buscar video,,
Declaraciones al término de acto de firma de contrato de remodelación del ex Ministerio de Obras Públicas,20/08/2010,Argentina,Capital Federal,,Casa de Gobierno,Conferencias de prensa y entrevistas,,CFK-20100820-02,,,,No,🔍 Buscar video,,
Restauración ex Ministerio de Obras Públicas y homenaje a Eva Perón,20/08/2010,Argentina,Capital Federal,,Casa de Gobierno,Evita,,CFK-20100820-01,,,,No,🔍 Buscar video,,
Acto en la provincia de San Salvador de Jujuy,23/08/2010,Argentina,Jujuy,San Salvador de Jujuy,,,,CFK-20100823-01,,,,No,🔍 Buscar video,,
Presentación del informe sobre Papel Prensa,24/08/2010,Argentina,Capital Federal,,Casa de Gobierno - Salón de los Patriotas Latinoamericanos,,,CFK-20100824-01,,,,No,🔍 Buscar video,,
Presentación transbordador del Bicentenario,25/08/2010,Argentina,Capital Federal,,,,,CFK-20100825-01,,,,No,🔍 Buscar video,,
Firma de convenio con la UOM,25/08/2010,Argentina,Capital Federal,,Casa de Gobierno - Salón de las Mujeres Argentinas del Bicentenario,,,CFK-20100825-02,,,,No,🔍 Buscar video,,
Presentación de informe sobre campaña de vacunación para la Gripe A 2010,26/08/2010,Argentina,Capital Federal,,Casa de Gobierno - Salón de los Científicos,,,CFK-20100826-02,,,,No,🔍 Buscar video,,
Declaraciones luego del acto campaña de vacunación,26/08/2010,Argentina,Capital Federal,,Casa de Gobierno - Salón de los Científicos,Conferencias de prensa y entrevistas,,CFK-20100826-03,,,,No,🔍 Buscar video,,
Inauguración de barrio de viviendas en General Rodríguez,26/08/2010,Argentina,Buenos Aires,General Rodríguez,,,,CFK-20100826-01,,,,No,🔍 Buscar video,,
"Visita a la localidad de San Genaro, Santa Fe",27/08/2010,Argentina,Santa Fe,"San Genaro, Santa Fe",,,,CFK-20100827-01,,,,No,🔍 Buscar video,,
Visita al partido de Tigre,30/08/2010,Argentina,Buenos Aires,Tigre,,,,CFK-20100830-01,,,,No,🔍 Buscar video,,
Declaraciones en Tigre,30/08/2010,Argentina,Buenos Aires,Tigre,,Conferencias de prensa y entrevistas,,CFK-20100830-02,,,,No,🔍 Buscar video,,
Firma de contrato por obras en Hidrovía Río Paraná,31/08/2010,Argentina,Capital Federal,,Casa de Gobierno - Salón de las Mujeres Argentinas del Bicentenario,,,CFK-20100831-02,,,,No,🔍 Buscar video,,
Visita al partido de Avellaneda,31/08/2010,Argentina,Buenos Aires,Avellaneda,,,,CFK-20100831-01,,,,No,🔍 Buscar video,,
Palabras de la Presidenta a participantes Olimpíadas Juveniles,01/09/2010,Argentina,Capital Federal,,Casa de Gobierno - Salón de las Mujeres Argentinas del Bicentenario,Deporte,,CFK-20100901-02,,,,No,🔍 Buscar video,,
Primer Seminario Nacional del Plan Estratégico Agroalimentario y Agroindustrial 2010,01/09/2010,Argentina,Capital Federal,,,Conferencias y disertaciones,,CFK-20100901-05,,,,No,🔍 Buscar video,,
Declaraciones al término del Primer Seminario del Plan Estratégico Agroalimentario Nacional,01/09/2010,Argentina,Capital Federal,,,Conferencias de prensa y entrevistas,,CFK-20100901-03,,,,No,🔍 Buscar video,,
Jornadas monetarias bancarias 2010,02/09/2010,Argentina,Capital Federal,,,,,CFK-20100902-03,,,,No,🔍 Buscar video,,
Día de la Industria en San Martín,02/09/2010,Argentina,Buenos Aires,San Martín,,Día de la industria,,CFK-20100902-02,,,,No,🔍 Buscar video,,
"Declaraciones a los medios luego inauguración escuela industrial, Las Heras",03/09/2010,Argentina,Santa Cruz,Las Heras,,Conferencias de prensa y entrevistas,,CFK-20100903-06,,,,No,🔍 Buscar video,,
"Visita al Centro Cultural de YPF en Las Heras, provincia de Santa Cruz",03/09/2010,Argentina,Santa Cruz,Las Heras,Centro Cultural de YPF,,,CFK-20100903-05,,,,No,🔍 Buscar video,,
Inauguración de escuela industrial en Las Heras,03/09/2010,Argentina,Santa Cruz,Las Heras,,,,CFK-20100903-01,,,,No,🔍 Buscar video,,
Recepción de la selección española de fútbol,06/09/2010,Argentina,Capital Federal,,Casa de Gobierno - Salón de las Mujeres Argentinas del Bicentenario,Deporte,,CFK-20100609-06,,,,No,🔍 Buscar video,,
"Visita a Catriel, provincia de Río Negro",06/09/2010,Argentina,Río Negro,Catriel,,,,CFK-20100906-01,,,,No,🔍 Buscar video,,
"Declaraciones a los medios en Catriel, provincia de Río Negro",06/09/2010,Argentina,Río Negro,Catriel,,Conferencias de prensa y entrevistas,,CFK-20100609-05,,,,No,🔍 Buscar video,,
Presentación del Plan Estratégico del Bicentenario,07/09/2010,Argentina,Capital Federal,,,,,CFK-20100907-01,,,,No,🔍 Buscar video,,
Presentación de la Licencia Nacional de Conducir,08/09/2010,Argentina,Capital Federal,,Casa de Gobierno - Salón de las Mujeres Argentinas del Bicentenario,,,CFK-20100908-02,,,,No,🔍 Buscar video,,
Firma del decreto que regula la distribución de diarios y revistas,08/09/2010,Argentina,Capital Federal,,Casa de Gobierno - Salón Norte,,,CFK-20100908-01,,,,No,🔍 Buscar video,,
"Visita a Oberá, provincia de Misiones",09/09/2010,Argentina,Misiones,Oberá,,,,CFK-20100909-01,,,,No,🔍 Buscar video,,
Instituto Nacional del Cáncer,10/09/2010,Argentina,Capital Federal,,Instituto Nacional del Cáncer,,,CFK-20100910-05,,,,No,🔍 Buscar video,,
Declaraciones en el Centro Islámico,10/09/2010,Argentina,Capital Federal,,Centro Islámico de la República Argentina,,,CFK-20100910-06,,,,No,🔍 Buscar video,,
Visita al Centro Islámico,10/09/2010,Argentina,Capital Federal,,Centro Islámico de la República Argentina,,,CFK-20100910-01,,,,No,🔍 Buscar video,,
Presentación del Proyecto Ley de Ordenamiento Feriados Nacionales,13/09/2010,Argentina,Capital Federal,,Casa de Gobierno - Salón de las Mujeres Argentinas del Bicentenario,,,CFK-20100913-01,,,,No,🔍 Buscar video,,
Congreso Iberoamericano de Educación Metas 2021,13/09/2010,Argentina,Capital Federal,,,Conferencias y disertaciones,,CFK-20100913-02,,,,No,🔍 Buscar video,,
Acto de la Juventud Peronista en el Luna Park,14/09/2010,Argentina,Capital Federal,,Estadio Luna Park,Acto partidario,,CFK-20100914-01,,,,No,🔍 Buscar video,,
Inauguración del Salón de los Pensadores y Escritores Argentinos,15/09/2010,Argentina,Capital Federal,,Casa de Gobierno - Salón de los Pensadores y Escritores Argentinos,Inauguraciones de salas y salones en Casa de Gobierno,,CFK-20100915-01,,,,No,🔍 Buscar video,,
Almuerzo con empresarios periodísticos,15/09/2010,Argentina,Capital Federal,,Casa de Gobierno - Salón de los Pensadores y Escritores Argentinos,,,CFK-20100915-05,,,,No,🔍 Buscar video,,
Declaraciones luego de inaugurar el Salón de los Pensadores y Escritores Argentinos,15/09/2010,Argentina,Buenos Aires,,Residencia Presidencial de Olivos,Conferencias de prensa y entrevistas,,CFK-20100915-06,,,,No,🔍 Buscar video,,
75 aniversario de la Asociación Empresaria Rosario,16/09/2010,Argentina,Santa Fe,"Rosario, Santa Fe",,,,CFK-20100916-01,,,,No,🔍 Buscar video,,
"Recibimiento Las Leonas, ganadoras campeonato mundial de hockey",16/09/2010,Argentina,Capital Federal,,Casa de Gobierno - Salón de las Mujeres Argentinas del Bicentenario,Deporte,,CFK-20100916-02,,,,No,🔍 Buscar video,,
Presentación de la señal Paka Paka,17/09/2010,Argentina,Buenos Aires,,Residencia Presidencial de Olivos,,,CFK-20100917-01,,,,No,🔍 Buscar video,,
Declaraciones luego de la presentación de Paka Paka,17/09/2010,Argentina,Buenos Aires,,Residencia Presidencial de Olivos,Conferencias de prensa y entrevistas,,CFK-20100917-02,,,,No,🔍 Buscar video,,
Declaraciones a los medios en el acto por nuevos aviones EMBRAER Aerolíneas,20/09/2010,Argentina,Capital Federal,,,Conferencias de prensa y entrevistas,,CFK-20100920-01,,,,No,🔍 Buscar video,,
Conmemoración de los 200 años de la Biblioteca Nacional,20/09/2010,Argentina,Capital Federal,,Biblioteca Nacional,,,CFK-20100920-02,,,,No,🔍 Buscar video,,
Presentación de los nuevos aviones EMBRAER para Aerolíneas Argentinas,20/09/2010,Argentina,Capital Federal,,,Aerolíneas Argentinas,,CFK-20100920-03,,,,No,🔍 Buscar video,,
Lanzamiento del Plan Más Escuelas II,21/09/2010,Argentina,Capital Federal,,Casa de Gobierno - Salón de las Mujeres Argentinas del Bicentenario,,,CFK-20100921-02,,,,No,🔍 Buscar video,,
Inauguración de obras en Morón,21/09/2010,Argentina,Buenos Aires,Morón,,,,CFK-20100921-01,,,,No,🔍 Buscar video,,
"Inauguración Unidad Operativa Oeste de Coca-Cola FEMSA, Tapiales, La Matanza",22/09/2010,Argentina,Buenos Aires,La Matanza,,,,CFK-20100922-01,,,,No,🔍 Buscar video,,
Declaraciones a los medios luego del almuerzo de bienvenida en la 65 Asamblea ONU,23/09/2010,Estados Unidos,,Nueva York,Sede de las Naciones Unidas,Conferencias de prensa y entrevistas,,CFK-20100923-01,,,,No,🔍 Buscar video,,
Conferencia de Prensa luego de la intervención Asamblea ONU,24/09/2010,Estados Unidos,,Nueva York,Sede de las Naciones Unidas,Conferencias de prensa y entrevistas,,CFK-20100924-02,,,,No,🔍 Buscar video,,
65° Asamblea de la Organización de las Naciones Unidas,24/09/2010,Estados Unidos,,Nueva York,Sede de las Naciones Unidas,,"""D:\Nueva carpeta\OneDrive\2010\CFK-20100924-01.mp4""",CFK-20100924-01,,,,Yes,🎥 Video disponible,https://goo.su/OU9lJ6r,https://goo.su/OU9lJ6r
Declaraciones a los medios de prensa en Nueva York,27/09/2010,Estados Unidos,,Nueva York,,Conferencias de prensa y entrevistas,,CFK-20100927-02,,,,No,🔍 Buscar video,,
"Consejo de las Américas, Nueva York",27/09/2010,Estados Unidos,,Nueva York,Consejo de las Américas,Consejo de las Américas,,CFK-20100927-01,,,,No,🔍 Buscar video,,
Declaraciones en Naciones Unidas al término del acto de designación de la Argentina,28/09/2010,Estados Unidos,,Nueva York,Sede de las Naciones Unidas,Conferencias de prensa y entrevistas,,CFK-20100928-02,,,,No,🔍 Buscar video,,
Discurso en Naciones Unidas al asumir la presidencia del G77,28/09/2010,Estados Unidos,,Nueva York,Sede de las Naciones Unidas,G-77,,CFK-20100928-01,,,,No,🔍 Buscar video,,
Declaraciones a los medios luego del encuentro con ejecutivos del Council of Américas,28/09/2010,Estados Unidos,,Nueva York,Consejo de las Américas,Conferencias de prensa y entrevistas,,CFK-20100928-03,,,,No,🔍 Buscar video,,
Programa Préstamos Productivos del Bicentenario,29/09/2010,Argentina,Capital Federal,,Casa de Gobierno - Salón de las Mujeres Argentinas del Bicentenario,,,CFK-20100929-01,,,,No,🔍 Buscar video,,
Inauguración de la Universidad de José C. Paz,01/10/2010,Argentina,Buenos Aires,José C. Paz,Universidad Nacional de José C. Paz,Universidades Nacionales,,CFK-20101001-03,,,,No,🔍 Buscar video,,
Declaraciones en José C. Paz,01/10/2010,Argentina,Buenos Aires,José C. Paz,,Conferencias de prensa y entrevistas,,CFK-20101001-04,,,,No,🔍 Buscar video,,
Inicio de la reunión de Unasur en el Palacio San Martín,01/10/2010,Argentina,Capital Federal,,Palacio San Martín,UNASUR,,CFK-20101001-02,,,,No,🔍 Buscar video,,
Visita a la provincia del Chaco,01/10/2010,Argentina,Chaco,,,,,CFK-20101001-01,,,,No,🔍 Buscar video,,
Inauguración Feria del Libro en Frankfurt,05/10/2010,Alemania,,Frankfurt,,Viajes al exterior,"""D:\Nueva carpeta\OneDrive\2010\CFK-20101005-02.mp4""",CFK-20101005-02,,,,No,🎥 Video disponible,,
Firma de la Carta de Intención,05/10/2010,Alemania,,Frankfurt,,Viajes al exterior,,CFK-20101005-01,,,,No,🔍 Buscar video,,
Encuentro con integrantes de la comunidad científica argentina residentes en Alemania,06/10/2010,Alemania,,Berlín,,Viajes al exterior,"""D:\Nueva carpeta\OneDrive\2010\CFK-20101006-01.mp4""",CFK-20101006-01,,,,No,🎥 Video disponible,,
Conferencia de Prensa,06/10/2010,Alemania,,Berlín,,Conferencias de prensa y entrevistas,"""D:\Nueva carpeta\OneDrive\2010\CFK-20100610-02.mp4""",CFK-20100610-02,,,,No,🎥 Video disponible,,
"Encuentro con directivos de la firma Volkswagen en Hannover, Alemania",07/10/2010,Alemania,,Hannover,,Viajes al exterior,"""D:\Nueva carpeta\OneDrive\2010\CFK-20101007-02.mp4""",CFK-20101007-02,,,,No,🎥 Video disponible,,
"Cena de honor en Hannover, Alemania",07/10/2010,Alemania,,Hannover,,Viajes al exterior,"""D:\Nueva carpeta\OneDrive\2010\CFK-20100710-01.mp4""",CFK-20100710-01,,,,No,🎥 Video disponible,,
Visita a la provincia de Chaco,12/10/2010,Argentina,Chaco,Villa Ángela,,,"""D:\Nueva carpeta\OneDrive\2010\CFK-20101012-01.mp4""",CFK-20101012-01,,,,No,🎥 Video disponible,,
Cena Anual de la AMIA,13/10/2010,Argentina,Capital Federal,,,,"""D:\Nueva carpeta\OneDrive\2010\CFK-20101013-02.mp4""",CFK-20101013-02,,,,No,🎥 Video disponible,,
Encuentro con funcionarios y empresarios Reino Arabia Saudita,13/10/2010,Argentina,Capital Federal,,Casa de Gobierno - Salón Norte,Visitas de mandatarios extranjeros,,CFK-20101013-03,,,,No,🔍 Buscar video,,
Presentación del Programa Nacional de Agricultura Periurbana,13/10/2010,Argentina,Capital Federal,,Casa de Gobierno - Salón de las Mujeres Argentinas del Bicentenario,,"""D:\Nueva carpeta\OneDrive\2010\CFK-20101013-01.mp4""",CFK-20101013-01,,,,No,🎥 Video disponible,,
Lanzamiento de convenio financiamiento para la producción agropecuaria,14/10/2010,Argentina,Capital Federal,,Casa de Gobierno - Salón de las Mujeres Argentinas del Bicentenario,,"""D:\Nueva carpeta\OneDrive\2010\CFK-20101014-02.mp4""",CFK-20101014-02,,,,No,🎥 Video disponible,,
"Visita a Moreno, provincia de Buenos Aires",14/10/2010,Argentina,Buenos Aires,Moreno,,,"""D:\Nueva carpeta\OneDrive\2010\CFK-20101014-01.mp4""",CFK-20101014-01,,,,No,🎥 Video disponible,,
Plan Federal de Finalización de Estudios Secundarios,15/10/2010,Argentina,Capital Federal,,Casa de Gobierno - Salón de los Patriotas Latinoamericanos,,"""D:\Nueva carpeta\OneDrive\2010\CFK-20101015-02.mp4""",CFK-20101015-02,,,,No,🎥 Video disponible,,
Día de la Lealtad,15/10/2010,Argentina,Capital Federal,,Estadio Antonio Vespucio Liberti,17 de octubre,"""D:\Nueva carpeta\OneDrive\2010\CFK-20101015-01.mp4""",CFK-20101015-01,,,,No,🎥 Video disponible,,
III Congreso Mundial de Agencias de Noticias,18/10/2010,Argentina,Capital Federal,,,Conferencias y disertaciones,"""D:\Nueva carpeta\OneDrive\2010\CFK-20101018-01.mp4""",CFK-20101018-01,,,,No,🎥 Video disponible,,
Presentación del Plan Nacional de Telecomunicaciones Argentina conectada,18/10/2010,Argentina,Capital Federal,,Centro Cultural Kirchner,,"""D:\Nueva carpeta\OneDrive\2010\CFK-20101018-02.mp4""",CFK-20101018-02,,,,No,🎥 Video disponible,,
Visita a la planta Guilford en Mercedes,19/10/2010,Argentina,Buenos Aires,Mercedes,,,"""D:\Nueva carpeta\OneDrive\2010\CFK-20101019-01.mp4""",CFK-20101019-02,,,,No,🎥 Video disponible,,
Presentación de Marco Regulatorio de venta de papel de diario,19/10/2010,Argentina,Capital Federal,,Casa de Gobierno - Salón de las Mujeres Argentinas del Bicentenario,,,CFK-20101019-01,,,,No,🔍 Buscar video,,
Visita a la fábrica Pirelli,20/10/2010,Argentina,Buenos Aires,Merlo,,,"""D:\Nueva carpeta\OneDrive\2010\CFK-20101020-02.mp4""",CFK-20101020-02,,,,No,🎥 Video disponible,,
Declaraciones luego de finalizar el anuncio del plan estratégico y escuelas agrotécnicas,20/10/2010,Argentina,Capital Federal,,,Conferencias de prensa y entrevistas,,CFK-20101020-03,,,,No,🔍 Buscar video,,
Clausura de las jornadas plan estratégico y escuelas agroténicas,20/10/2010,Argentina,Capital Federal,,,,"""D:\Nueva carpeta\OneDrive\2010\CFK-20101020-01.mp4""",CFK-20101020-01,,,,No,🎥 Video disponible,,
"Presentación del Programa Argentina trabaja, enseña y aprende",21/10/2010,Argentina,Capital Federal,,,,"""D:\Nueva carpeta\OneDrive\2010\CFK-20101021-02.mp4""",CFK-20101021-02,,,,No,🎥 Video disponible,,
"Declaraciones tras el lanzamiento del Programa Argentina trabaja, enseña y aprende",21/10/2010,Argentina,Capital Federal,,,Conferencias de prensa y entrevistas,,CFK-20101021-03,,,,No,🔍 Buscar video,,
Firma del convenio quinquenal entre el sector de la Construcción y el Ministerio de Trabajo,21/10/2010,Argentina,Capital Federal,,Casa de Gobierno - Salón de las Mujeres Argentinas del Bicentenario,,"""D:\Nueva carpeta\OneDrive\2010\CFK-20101021-01.mp4""",CFK-20101021-01,,,,No,🎥 Video disponible,,
156° Aniversario de Chivilcoy,22/10/2010,Argentina,Buenos Aires,Chivilcoy,,,"""D:\Nueva carpeta\OneDrive\2010\CFK-20101022-01.mp4""",CFK-20101022-01,,,,No,🎥 Video disponible,,
Declaraciones en Chivilcoy,22/10/2010,Argentina,Buenos Aires,Chivilcoy,,Conferencias de prensa y entrevistas,,CFK-20101022-02,,,,No,🔍 Buscar video,,
Visita al complejo tecnológico de Pilcaniyeu,25/10/2010,Argentina,Río Negro,Pilcaniyeu,Complejo Tecnológico Pilcaniyeu,,"""D:\Nueva carpeta\OneDrive\2010\CFK-20101025-01.mp4""",CFK-20101025-01,,,,No,🎥 Video disponible,,
Declaraciones en Pilcaniyeu,25/10/2010,Argentina,Río Negro,Pilcaniyeu,Complejo Tecnológico Pilcaniyeu,,,CFK-20101025-02,,,,No,🔍 Buscar video,,
Cadena nacional tras la muerte del ex Presidente Néstor Kirchner,01/11/2010,Argentina,Capital Federal,,Casa de Gobierno - Despacho presidencial,Cadena Nacional,"""D:\Nueva carpeta\OneDrive\2010\CFK-20101101-01.mp4""",CFK-20101101-01,,,,No,🎥 Video disponible,,
" Visita a la fábrica Santa Isabel, Córdoba",02/11/2010,Argentina,Córdoba,Córdoba,,,"""D:\Nueva carpeta\OneDrive\2010\CFK-20101102-01.mp4""",CFK-20101102-01,,,,No,🎥 Video disponible,,
Visita a la planta Biogénesis Bagó,03/11/2010,Argentina,Buenos Aires,Escobar,,,"""D:\Nueva carpeta\OneDrive\2010\CFK-20101103-01.mp4""",CFK-20101103-01,,,,No,🎥 Video disponible,,
50 aniversario de Berazategui,04/11/2010,Argentina,Buenos Aires,Berazategui,,,"""D:\Nueva carpeta\OneDrive\2010\CFK-20101104-01.mp4""",CFK-20101104-01,,,,No,🎥 Video disponible,,
Cierre de los Juegos Nacionales Olímpicos Juveniles 2010,04/11/2010,Argentina,Buenos Aires,Mar del Plata,,Deporte,"""D:\Nueva carpeta\OneDrive\2010\CFK-20101104-02.mp4""",CFK-20101104-02,,,,No,🎥 Video disponible,,
Lanzamiento del Peugeot 408,05/11/2010,Argentina,Buenos Aires,Tres de Febrero,,,,CFK-20101105-01,,,,No,🔍 Buscar video,,
Conclusiones de la mesa redonda “Finanzas” en la Cumbre de negocios del G-20,11/11/2010,Corea del Sur,,Seúl,,G-20,"""D:\Nueva carpeta\OneDrive\2010\CFK-20101111-02.mp4""",CFK-20101111-02,,,,No,🎥 Video disponible,,
"Apertura de la Mesa Redonda Finanzas, en la Cumbre del G-20 de Seúl",11/11/2010,Corea del Sur,,Seúl,,G-20,"""D:\Nueva carpeta\OneDrive\2010\CFK-20101111-01.mp4""",CFK-20101111-01,,,,No,🎥 Video disponible,,
Cadena Nacional sobre negociaciones con el Club de Paris,15/11/2010,Argentina,Capital Federal,,Casa de Gobierno - Despacho presidencial,Cadena Nacional,"""D:\Nueva carpeta\OneDrive\2010\CFK-20101115-01.mp4""",CFK-20101115-01,,,,No,🎥 Video disponible,,
Primer Congreso Latinoamericano de Microcrédito,16/11/2010,Argentina,Capital Federal,,,,"""D:\Nueva carpeta\OneDrive\2010\CFK-20101116-01.mp4""",CFK-20101116-01,,,,No,🎥 Video disponible,,
Visita a Florencio Varela,17/11/2010,Argentina,Buenos Aires,Florencio Varela,,,"""D:\Nueva carpeta\OneDrive\2010\CFK-20101117-02.mp4""",CFK-20101117-02,,,,No,🎥 Video disponible,,
Bicentenario de Curuzú Cuatiá,17/11/2010,Argentina,Corrientes,"Corrientes, Curuzú Cuatiá",,,"""D:\Nueva carpeta\OneDrive\2010\CFK-20101117-01.mp4""",CFK-20101117-01,,,,No,🎥 Video disponible,,
Acto por promoción del diálogo social en la industria hidrocarburífera,18/11/2010,Argentina,Capital Federal,,Casa de Gobierno - Salón de las Mujeres Argentinas del Bicentenario,,"""D:\Nueva carpeta\OneDrive\2010\CFK-20101118-01.mp4""",CFK-20101118-01,,,,No,🎥 Video disponible,,
"Conferencia de la UIA, Centro Costa Salguero",19/11/2010,Argentina,Capital Federal,,,,"""D:\Nueva carpeta\OneDrive\2010\CFK-20101119-01.mp4""",CFK-20101119-01,,,,No,🎥 Video disponible,,
Acto por el Día de la Soberanía Nacional,20/11/2010,Argentina,Buenos Aires,San Pedro,,Día de la Soberanía Nacional,"""D:\Nueva carpeta\OneDrive\2010\CFK-20101120-01.mp4""",CFK-20101120-01,,,,No,🎥 Video disponible,,
Aniversario de la Cámara de la Construcción,23/11/2010,Argentina,Capital Federal,,,,"""D:\Nueva carpeta\OneDrive\2010\CFK-20101123-01.mp4""",CFK-20101123-01,,,,No,🎥 Video disponible,,
Acto de declaración del vino argentino como bebida nacional,24/11/2010,Argentina,Capital Federal,,Centro Cultural Kirchner,,"""D:\Nueva carpeta\OneDrive\2010\CFK-20101124-01.mp4""",CFK-20101124-01,,,,No,🎥 Video disponible,,
Anuncios sobre aumento de jubilaciones,24/11/2010,Argentina,Capital Federal,,Casa de Gobierno - Salón de las Mujeres Argentinas del Bicentenario,,"""D:\Nueva carpeta\OneDrive\2010\CFK-20101124-02.mp4""",CFK-20101124-02,,,,No,🎥 Video disponible,,
Anuncios de obras del sector eléctrico,25/11/2010,Argentina,Capital Federal,,Casa de Gobierno - Salón de las Mujeres Argentinas del Bicentenario,,"""D:\Nueva carpeta\OneDrive\2010\CFK-20101125-02.mp4""",CFK-20101125-02,,,,No,🎥 Video disponible,,
43 Aniversario de FADEEAC,25/11/2010,Argentina,Capital Federal,,,,"""D:\Nueva carpeta\OneDrive\2010\CFK-20101125-01.mp4""",CFK-20101125-01,,,,No,🎥 Video disponible,,
"IV Cumbre UNASUR, en Guyana",26/11/2010,Guyana,,Georgetown,,UNASUR,"""D:\Nueva carpeta\OneDrive\2010\CFK-20101126-01.mp4""",CFK-20101126-01,,,,No,🎥 Video disponible,,
Inauguración de obras en Mercedes,29/11/2010,Argentina,Buenos Aires,Mercedes,,,"""D:\Nueva carpeta\OneDrive\2010\CFK-20101129-01.mp4""",CFK-20101129-01,,,,No,🎥 Video disponible,,
Inauguración de obras en Aeroparque Metropolitano,30/11/2010,Argentina,Capital Federal,,,,"""D:\Nueva carpeta\OneDrive\2010\CFK-20101130-02.mp4""",CFK-20101130-02,,,,No,🎥 Video disponible,,
Inauguración de la Escuela Néstor Kirchner,30/11/2010,Argentina,San Juan,"Campo Afuera, San Juan",,,"""D:\Nueva carpeta\OneDrive\2010\CFK-20101129-01.mp4""",CFK-20101130-01,,,,No,🎥 Video disponible,,
Anuncios de políticas sociales,01/12/2010,Argentina,Capital Federal,,Casa de Gobierno - Salón de las Mujeres Argentinas del Bicentenario,,"""D:\Nueva carpeta\OneDrive\2010\CFK-20101201-02.mp4""",CFK-20101201-02,,,,No,🎥 Video disponible,,
"Visita a Paraná, Entre Ríos",01/12/2010,Argentina,Entre Ríos,Paraná,,,"""D:\Nueva carpeta\OneDrive\2010\CFK-20101201-01.mp4""",CFK-20101201-01,,,,No,🎥 Video disponible,,
Inauguración del centro de atención UPA en Lomas de Zamora,02/12/2010,Argentina,Buenos Aires,Lomas de Zamora,,,"""D:\Nueva carpeta\OneDrive\2010\CFK-20101202-01.mp4""",CFK-20101202-01,,,,No,🎥 Video disponible,,
Inauguración del Mural de Siqueiros,03/12/2010,Argentina,Capital Federal,,Casa de Gobierno - Museo del Bicentenario,Inauguraciones de salas y salones en Casa de Gobierno,"""D:\Nueva carpeta\OneDrive\2010\CFK-20101203-02.mp4""",CFK-20101203-02,,,,No,🎥 Video disponible,,
"Apertura de la XX Cumbre Iberoamericana, Mar del Plata",03/12/2010,Argentina,Buenos Aires,Mar del Plata,,Cumbre Iberoamericana,,CFK-20101203-03,,,,No,🔍 Buscar video,,
Cena de honor a Jefes de Estado en la XX Cumbre Iberoamericana,03/12/2010,Argentina,Buenos Aires,Mar del Plata,,Cumbre Iberoamericana,"""D:\Nueva carpeta\OneDrive\2010\CFK-20101203-01.mp4""",CFK-20101203-01,,,,No,🎥 Video disponible,,
Palabras de agradecimiento al recibir la medalla Ceres,04/12/2010,Argentina,Buenos Aires,Mar del Plata,,,,CFK-20101204-03,,,,No,🔍 Buscar video,,
Homenaje a Néstor Kirchner en la Cumbre Iberoamericana,04/12/2010,Argentina,Buenos Aires,Mar del Plata,,Cumbre Iberoamericana,,CFK-20101204-02,,,,No,🔍 Buscar video,,
Sesión inaugural de la Cumbre Iberoamericana,04/12/2010,Argentina,Buenos Aires,Mar del Plata,,Cumbre Iberoamericana,,CFK-20101204-04,,,,No,🔍 Buscar video,,
Homenaje a Lula da Silva,04/12/2010,Argentina,Buenos Aires,Mar del Plata,,Cumbre Iberoamericana,,CFK-20101204-01,,,,No,🔍 Buscar video,,
Presentación del Programa de desarrollo de YPF,07/12/2010,Argentina,Capital Federal,,,,"""D:\Nueva carpeta\OneDrive\2010\CFK-20101207-01.mp4""",CFK-20101207-01,,,,No,🎥 Video disponible,,
Firma de acuerdo de Promoción del Diálogo Social en la Industria Minera,09/12/2010,Argentina,Capital Federal,,Casa de Gobierno - Salón de las Mujeres Argentinas del Bicentenario,,"""D:\Nueva carpeta\OneDrive\2010\CFK-20101209-01.mp4""",CFK-20101209-01,,,,No,🎥 Video disponible,,
Día Universal de los Derechos Humanos,10/12/2010,Argentina,Capital Federal,,Casa de Gobierno - Salón de los Patriotas Latinoamericanos,Día de los Derechos Humanos,"""D:\Nueva carpeta\OneDrive\2010\CFK-20101210-01.mp4""",CFK-20101210-01,,,,No,🎥 Video disponible,,
Presentación de la oferta de la canasta navideña,14/12/2010,Argentina,Capital Federal,,Casa de Gobierno - Salón de las Mujeres Argentinas del Bicentenario,,"""D:\Nueva carpeta\OneDrive\2010\CFK-20101214-03.mp4""",CFK-20101214-03,,,,No,🎥 Video disponible,,
Centro de Documentación Rápida en José C. Paz,14/12/2010,Argentina,Buenos Aires,José C. Paz,,,"""D:\Nueva carpeta\OneDrive\2010\CFK-20101214-01.mp4""",CFK-20101214-01,,,,No,🎥 Video disponible,,
Ceremonia de egreso de integrantes Fuerzas Armadas,14/12/2010,Argentina,Buenos Aires,El Palomar,Colegio Militar de la Nación,Fuerzas Armadas,"""D:\Nueva carpeta\OneDrive\2010\CFK-20101214-02.mp4""",CFK-20101214-02,,,,No,🎥 Video disponible,,
"Visita a Mar Chiquita, provincia de Buenos Aires",15/12/2010,Argentina,Buenos Aires,Mar Chiquita,,,"""D:\Nueva carpeta\OneDrive\2010\CFK-20101215-01.mp4""",CFK-20101215-01,,,,No,🎥 Video disponible,,
Cumbre del Mercosur en Foz do Iguazú,17/12/2010,Brasil,,Foz de Iguazú,,MERCOSUR,"""D:\Nueva carpeta\OneDrive\2010\CFK-20101217-01.mp4""",CFK-20101217-01,,,,No,🎥 Video disponible,,
Lanzamiento del Operativo Centinela,20/12/2010,Argentina,Buenos Aires,La Matanza,,,"""D:\Nueva carpeta\OneDrive\2010\CFK-20101220-02.mp4""",CFK-20101220-02,,,,No,🎥 Video disponible,,
Acuerdo entre empresarios y gremio de la construcción,20/12/2010,Argentina,Capital Federal,,Casa de Gobierno - Salón de las Mujeres Argentinas del Bicentenario,,"""D:\Nueva carpeta\OneDrive\2010\CFK-20101220-01.mp4""",CFK-20101220-01,,,,No,🎥 Video disponible,,
"Reunión nacional del Consejo del PJ, Olivos",21/12/2010,Argentina,Buenos Aires,,Residencia Presidencial de Olivos,Acto partidario,"""D:\Nueva carpeta\OneDrive\2010\CFK-20101221-01.mp4""",CFK-20101221-01,,,,No,🎥 Video disponible,,
Inauguración de la Autopista Rosario-Córdoba,22/12/2010,Argentina,Córdoba,"Córdoba, Leones",,,"""D:\Nueva carpeta\OneDrive\2010\CFK-20101222-01.mp4""",CFK-20101222-01,,,,No,🎥 Video disponible,,
Lanzamiento de INCAA TV,28/12/2010,Argentina,Buenos Aires,,Residencia Presidencial de Olivos,,"""D:\Nueva carpeta\OneDrive\2010\CFK-20101228-02.mp4""",CFK-20101228-02,,,,No,🎥 Video disponible,,
Designación del Rector de la Universidad de Tierra del Fuego,28/12/2010,Argentina,Capital Federal,,Casa de Gobierno - Salón de los Científicos,Universidades Nacionales,"""D:\Nueva carpeta\OneDrive\2010\CFK-20101228-01.mp4""",CFK-20101228-01,,,,No,🎥 Video disponible,,
Saludo de fin de año,30/12/2010,Argentina,Capital Federal,,Casa de Gobierno - Despacho presidencial,Cadena Nacional,"""D:\Nueva carpeta\OneDrive\2010\CFK-20101230-01.mp4""",CFK-20101230-01,,,,No,🎥 Video disponible,,
Firma de contrato para la realización del plan maestro integral del Río Salado,10/01/2011,Argentina,Capital Federal,,Casa de Gobierno - Salón de las Mujeres Argentinas del Bicentenario,,"""D:\Nueva carpeta\OneDrive\2010-11\CFK-20110110-01.mp4""",CFK-20110110-01,,,,No,🎥 Video disponible,,
Firma de convenio para el financiamiento agropecuario,11/01/2011,Argentina,Capital Federal,,Banco Nación,,,CFK-20111101-02,,,,No,🔍 Buscar video,,
"Presentación del programa Argentina con vos, siempre",12/01/2011,Argentina,Capital Federal,,Casa de Gobierno - Salón de las Mujeres Argentinas del Bicentenario,,,CFK-20110112-03,,,,No,🔍 Buscar video,,
Almuerzo empresarial sobre oportunidades de negocios,17/01/2011,Kuwait,,,,Viajes al exterior,"""D:\Nueva carpeta\OneDrive\2010-11\CFK-20110117-01.mp4""",CFK-20110117-01,,,,No,🎥 Video disponible,,
Seminario oportunidades de negocios en Qatar,18/01/2011,Qatar,,Doha,,Viajes al exterior,"""D:\Nueva carpeta\OneDrive\2010-11\CFK-20110118-01.mp4""",CFK-20110118-01,,,,No,🎥 Video disponible,,
Encuentro con CEOS y fondos de inversión de Qatar,19/01/2011,Qatar,,Doha,,Viajes al exterior,"""D:\Nueva carpeta\OneDrive\2010-11\CFK-20110119-02.mp4""",CFK-20110119-02,,,,No,🎥 Video disponible,,
Encuentro de trabajo con Abdullah Gül,20/01/2011,Turquía,,Ankara,,Viajes al exterior,"""D:\Nueva carpeta\OneDrive\2010-11\CFK-20110120-02.mp4""",CFK-20110120-02,,,,No,🎥 Video disponible,,
"Palabras en la cena ofrecida en su honor en Ankara, Turquía",20/01/2011,Turquía,,Ankara,,Viajes al exterior,"""D:\Nueva carpeta\OneDrive\2010-11\CFK-20110120-01.mp4""",CFK-20110120-01,,,,No,🎥 Video disponible,,
Seminario empresarial en Estambul,21/01/2011,Turquía,,Estambul,,Viajes al exterior,"""D:\Nueva carpeta\OneDrive\2010-11\CFK-20110121-01.mp4""",CFK-20110121-01,,,,No,🎥 Video disponible,,
Visita al partido de Florencio Varela,24/01/2011,Argentina,Buenos Aires,Florencio Varela,,,"""D:\Nueva carpeta\OneDrive\2010-11\CFK-20110124-01.mp4""",CFK-20110124-01,,,,No,🎥 Video disponible,,
"Lanzamiento de la última etapa del programa Trabajo Registrado Digital - Control en Tiempo Real ",26/01/2011,Argentina,Capital Federal,,Casa de Gobierno - Salón de las Mujeres Argentinas del Bicentenario,,"""D:\Nueva carpeta\OneDrive\2010-11\CFK-20110126-01.mp4""",CFK-20110126-01,,,,No,🎥 Video disponible,,
"Inauguración de la planta potabilizadora, El Calafate, provincia de Santa Cruz",28/01/2011,Argentina,Santa Cruz,El Calafate,,,"""D:\Nueva carpeta\OneDrive\2010-11\CFK-20110128-01.mp4""",CFK-20110128-01,,,,No,🎥 Video disponible,,
Almuerzo en honor a la Presidenta Brasil,31/01/2011,Argentina,Capital Federal,,Palacio San Martín,Visitas de mandatarios extranjeros,"""D:\Nueva carpeta\OneDrive\2010-11\CFK-20110131-02.mp4""",CFK-20110131-02,,,,No,🎥 Video disponible,,
Declaraciones por la visita de la presidenta de Brasil al país,31/01/2011,Argentina,Capital Federal,,Casa de Gobierno - Sala de conferencias,Conferencias de prensa y entrevistas,"""D:\Nueva carpeta\OneDrive\2010-11\CFK-20110131-01.mp4""",CFK-20110131-01,,,,No,🎥 Video disponible,,
Inauguración de la autovía sobre la Ruta Nacional 168,01/02/2011,Argentina,Santa Fe,Santa Fe,,,"""D:\Nueva carpeta\OneDrive\2010-11\CFK-20110201-01.mp4""",CFK-20110201-01,,,,No,🎥 Video disponible,,
Toma de juramento a egresados del ISEN,01/02/2011,Argentina,Capital Federal,,Palacio San Martín,,"""D:\Nueva carpeta\OneDrive\2010-11\CFK-20110201-02.mp4""",CFK-20110201-02,,,,No,🎥 Video disponible,,
Conferencia de prensa junto a los ministros con motivo del aumento en las jubilaciones,02/02/2011,Argentina,Capital Federal,,Casa de Gobierno,Conferencias de prensa y entrevistas,"""D:\Nueva carpeta\OneDrive\2010-11\CFK-20110202-01.mp4""",CFK-20110202-01,,,,No,🎥 Video disponible,,
Inauguración de la División Cuartel XI “Albariños”,03/02/2011,Argentina,Capital Federal,,,,"""D:\Nueva carpeta\OneDrive\2010-11\CFK-20110203-01.mp4""",CFK-20110203-01,,,,No,🎥 Video disponible,,
Visita a la Ciudad de Mar del Plata para inaugurar obras de infraestructura,04/02/2011,Argentina,Buenos Aires,Mar del Plata,,,"""D:\Nueva carpeta\OneDrive\2010-11\CFK-20110204-02.mp4""",CFK-20110204-02,,,,No,🎥 Video disponible,,
Licitación del gasoducto NEA,04/02/2011,Argentina,Capital Federal,,Casa de Gobierno - Salón de las Mujeres Argentinas del Bicentenario,,"""D:\Nueva carpeta\OneDrive\2010-11\CFK-20110204-01.mp4""",CFK-20110204-01,,,,No,🎥 Video disponible,,
Entrega de unidades habitacionales de nuevo edificio de la UOCRA,07/02/2011,Argentina,Capital Federal,,,,"""D:\Nueva carpeta\OneDrive\2010-11\CFK-20110207-01.mp4""",CFK-20110207-01,,,,No,🎥 Video disponible,,
Entrega de aportes en el marco del Programa Para Desarrollo de Parques Industriales,08/02/2011,Argentina,Capital Federal,,Casa de Gobierno - Salón de las Mujeres Argentinas del Bicentenario,,,CFK-20110208-01,,,,No,🔍 Buscar video,,
Desarrollo de Mercados concentradores regionales,09/02/2011,Argentina,Capital Federal,,Casa de Gobierno - Salón de las Mujeres Argentinas del Bicentenario,,"""D:\Nueva carpeta\OneDrive\2010-11\CFK-20110209-01.mp4""",CFK-20110209-01,,,,No,🎥 Video disponible,,
Lanzamiento del Instituto Nacional de Enfermedades Tropicales,09/02/2011,Argentina,Capital Federal,,,,"""D:\Nueva carpeta\OneDrive\2010-11\CFK-20110209-02.mp4""",CFK-20110209-02,,,,No,🎥 Video disponible,,
Inauguración y entrega de viviendas en Villa Lugano,10/02/2011,Argentina,Capital Federal,,,,"""D:\Nueva carpeta\OneDrive\2010-11\CFK-20110210-01.mp4""",CFK-20110210-01,,,,No,🎥 Video disponible,,
Acuerdo de precios de artículos de librería,11/02/2011,Argentina,Capital Federal,,Casa de Gobierno - Salón de las Mujeres Argentinas del Bicentenario,,"""D:\Nueva carpeta\OneDrive\2010-11\CFK-20110211-01.mp4""",CFK-20110211-01,,,,No,🎥 Video disponible,,
Inauguración del Museo del Hielo,15/02/2011,Argentina,Santa Cruz,El Calafate,Museo del Hielo,,"""D:\Nueva carpeta\OneDrive\2010-11\CFK-20110215-02.mp4""",CFK-20110215-02,,,,No,🎥 Video disponible,,
134° Aniversario del Lago Argentino,15/02/2011,Argentina,Santa Cruz,El Calafate,,,"""D:\Nueva carpeta\OneDrive\2010-11\CFK-20110215-01.mp4""",CFK-20110215-01,,,,No,🎥 Video disponible,,
"Inicio de las obras de la autopista “Juan Domingo Perón”, en la localidad de Merlo, provincia de Buenos Aires",18/02/2011,Argentina,Capital Federal,,Casa de Gobierno - Salón de los Científicos,,"""D:\Nueva carpeta\OneDrive\2010-11\CFK-20110218-01.mp4""",CFK-20110218-01,,,,No,🎥 Video disponible,,
Inauguración de obras en Miramar,22/02/2011,Argentina,Buenos Aires,General Alvarado,,,"""D:\Nueva carpeta\OneDrive\2010-11\CFK-20110222-01.mp4""",CFK-20110222-01,,,,No,🎥 Video disponible,,
"Reapertura fábrica recuperada, en Catamarca",23/02/2011,Argentina,Catamarca,San Fernando del Valle de Catamarca,,,"""D:\Nueva carpeta\OneDrive\2010-11\CFK-20110223-01.mp4""",CFK-20110223-01,,,,No,🎥 Video disponible,,
Presentación del Plan Estratégico Industrial,24/02/2011,Argentina,Capital Federal,,Casa de Gobierno - Salón de las Mujeres Argentinas del Bicentenario,,"""D:\Nueva carpeta\OneDrive\2010-11\CFK-20110224-01.mp4""",CFK-20110224-01,,,,No,🎥 Video disponible,,
Presentación del programa Deportes para todos,24/02/2011,Argentina,Capital Federal,,Casa de Gobierno - Salón de las Mujeres Argentinas del Bicentenario,Deporte,"""D:\Nueva carpeta\OneDrive\2010-11\CFK-20110224-02.mp4""",CFK-20110224-02,,,,No,🎥 Video disponible,,
Elevación a la cota definitiva de Yacyretá,25/02/2011,Argentina,Misiones,Posadas,,,"""D:\Nueva carpeta\OneDrive\2010-11\CFK-20110225-02.mp4""",CFK-20110225-02,,,,No,🎥 Video disponible,,
Inauguración de la Casa Patria Grande Néstor Kirchner,25/02/2011,Argentina,Capital Federal,,Casa Patria Grande Néstor Kirchner,,"""D:\Nueva carpeta\OneDrive\2010-11\CFK-20110225-01.mp4""",CFK-20110225-01,,,,No,🎥 Video disponible,,
Inicio del Ciclo Lectivo 2011,28/02/2011,Argentina,Buenos Aires,Marcos Paz,,,"""D:\Nueva carpeta\OneDrive\2010-11\CFK-20110228-01.mp4""",CFK-20110228-01,,,,No,🎥 Video disponible,,
Apertura del 129° período de sesiones ordinarias del Congreso,01/03/2011,Argentina,Capital Federal,,Congreso de la Nación,Asunciones y apertura de sesiones,"""D:\Nueva carpeta\OneDrive\2010-11\CFK-20110301-01.mp4""",CFK-20110301-01,,,https://media.gettyimages.com/id/109697134/es/foto/cristina-fernandez-de-kirchner-president-of-argentina-arrives-to-inaugurate-the-2011-sessions.jpg?s=612x612&w=0&k=20&c=wPjNfz9xzOon3nRImIes51d5d-EVQoU_ei247HJHxX4=,No,🎥 Video disponible,https://goo.su/03UBaX,https://goo.su/03UBaX
Anuncio del pago del Programa de Propiedad Participada a ex agentes SOMISA,02/03/2011,Argentina,Capital Federal,,Casa de Gobierno - Salón de las Mujeres Argentinas del Bicentenario,,"""D:\Nueva carpeta\OneDrive\2010-11\CFK-20110302-01.mp4""",CFK-20110302-01,,,,No,🎥 Video disponible,,
Firma de decretos por créditos internacionales para proyectos de inversión pública,03/03/2011,Argentina,Capital Federal,,Casa de Gobierno - Salón de las Mujeres Argentinas del Bicentenario,,"""D:\Nueva carpeta\OneDrive\2010-11\CFK-20110303-01.mp4""",CFK-20110303-01,,,,No,🎥 Video disponible,,
Visita a la provincia de Mendoza,05/03/2011,Argentina,Mendoza,Mendoza,,,"""D:\Nueva carpeta\OneDrive\2010-11\CFK-20110305-01.mp4""",CFK-20110305-01,,,,No,🎥 Video disponible,,
Inauguración del edificio anexo de la Facultad de Ciencias Económicas de la UBA,09/03/2011,Argentina,Capital Federal,,Universidad Nacional de Buenos Aires,Universidades Nacionales,"""D:\Nueva carpeta\OneDrive\2010-11\CFK-20110309-01.mp4""",CFK-20110309-01,,,,No,🎥 Video disponible,,
38º aniversario del triunfo electoral de Héctor Cámpora,11/03/2011,Argentina,Capital Federal,,Estadio Tomás Adolfo Ducó,Acto partidario,"""D:\Nueva carpeta\OneDrive\2010-11\CFK-20110311-01.mp4""",CFK-20110311-01,,,,No,🎥 Video disponible,,
Visita a Comodoro Rivadavia,12/03/2011,Argentina,Chubut,Comodoro Rivadavia,,,"""D:\Nueva carpeta\OneDrive\2010-11\CFK-20110312-01.mp4""",CFK-20110312-01,,,,No,🎥 Video disponible,,
Cena de la Cámara de Viajes y Turismo,13/03/2011,Argentina,Chubut,Comodoro Rivadavia,,,"""D:\Nueva carpeta\OneDrive\2010-11\CFK-20110313-01.mp4""",CFK-20110313-01,,,,No,🎥 Video disponible,,
Inauguración de la Terminal de Cruceros Quinquela Martín,14/03/2011,Argentina,Capital Federal,,,,"""D:\Nueva carpeta\OneDrive\2010-11\CFK-20110314-01.mp4""",CFK-20110314-01,,,,No,🎥 Video disponible,,
Reapertura de la Planta Pinazo de Granja Tres Arroyos,15/03/2011,Argentina,Buenos Aires,Pilar,,,"""D:\Nueva carpeta\OneDrive\2010-11\CFK-20110315-01.mp4""",CFK-20110315-01,,,,No,🎥 Video disponible,,
"Visita a Sunchales, Santa Fe",16/03/2011,Argentina,Santa Fe,"Santa Fe, Sunchales",,,"""D:\Nueva carpeta\OneDrive\2010-11\CFK-20110316-02.mp4""",CFK-20110316-02,,,,No,🎥 Video disponible,,
"Teleconferencia de inauguración del Estadio Bicentenario, en San Juan",16/03/2011,Argentina,Capital Federal,,Casa de Gobierno - Salón de las Mujeres Argentinas del Bicentenario,,"""D:\Nueva carpeta\OneDrive\2010-11\CFK-20110316-01.mp4""",CFK-20110316-01,,,,No,🎥 Video disponible,,
Cierre de los Carnavales Federales de la Alegría 2011,17/03/2011,Argentina,Capital Federal,,Casa de Gobierno - Patio de las Palmeras,,"""D:\Nueva carpeta\OneDrive\2010-11\CFK-20110317-01.mp4""",CFK-20110317-01,,,,No,🎥 Video disponible,,
Homenaje a las mujeres en Avellaneda,18/03/2011,Argentina,Buenos Aires,Avellaneda,Estadio Libertadores de América,Día internacional de la mujer,"""D:\Nueva carpeta\OneDrive\2010-11\CFK-20110318-02.mp4""",CFK-20110318-02,,,,No,🎥 Video disponible,,
Firma del contrato para la autovìa Concordia,18/03/2011,Argentina,Entre Ríos,Concordia,,,"""D:\Nueva carpeta\OneDrive\2010-11\CFK-20110318-01.mp4""",CFK-20110318-01,,,,No,🎥 Video disponible,,
Entrega de certificados a empresas,22/03/2011,Argentina,Capital Federal,,Casa de Gobierno - Salón de las Mujeres Argentinas del Bicentenario,,"""D:\Nueva carpeta\OneDrive\2010-11\CFK-20110322-01.mp4""",CFK-20110322-01,,,,No,🎥 Video disponible,,
"Inauguración de un club de Río Gallegos, provincia de Santa Cruz",23/03/2011,Argentina,Santa Cruz,Río Gallegos,,,"""D:\Nueva carpeta\OneDrive\2010-11\CFK-20110323-02.mp4""",CFK-20110323-02,,,,No,🎥 Video disponible,,
Inauguración de la planta BGH en Río Grande,23/03/2011,Argentina,Tierra del Fuego Antártida e Islas del Atlántico Sur,Río Grande,,,"""D:\Nueva carpeta\OneDrive\2010-11\CFK-20110323-01.mp4""",CFK-20110323-01,,,,No,🎥 Video disponible,,
Visita a la provincia de Salta,28/03/2011,Argentina,Salta,Salta,,,"""D:\Nueva carpeta\OneDrive\2010-11\CFK-20110328-01.mp4""",CFK-20110328-01,,,,No,🎥 Video disponible,,
Firma de acuerdos con Venezuela en el astillero Tandanor,29/03/2011,Argentina,Capital Federal,,,Visitas de mandatarios extranjeros,,CFK-20110329-03,,,,No,🎥 Video disponible,,
"Declaraciones tras el encuentro con el presidente de Venezuela, Hugo Chávez",29/03/2011,Argentina,Capital Federal,,Casa de Gobierno - Salón de los Pensadores y Escritores Argentinos,Conferencias de prensa y entrevistas,"""D:\Nueva carpeta\OneDrive\2010-11\CFK-20110329-02.mp4""",CFK-20110329-02,,,,No,🎥 Video disponible,,
Almuerzo en honor al Presidente de la República Bolivariana de Venezuela,29/03/2011,Argentina,Capital Federal,,Palacio San Martín,Visitas de mandatarios extranjeros,"""D:\Nueva carpeta\OneDrive\2010-11\CFK-20110329-01.mp4""",CFK-20110329-01,,,,No,🎥 Video disponible,,
Inauguración del ciclo lectivo de la Universidad Nacional de Avellaneda,30/03/2011,Argentina,Buenos Aires,Avellaneda,Universidad Nacional de Avellaneda,Universidades Nacionales,"""D:\Nueva carpeta\OneDrive\2010-11\CFK-20110330-01.mp4""",CFK-20110330-01,,,,No,🎥 Video disponible,,
Almuerzo ofrecido en honor al Presidente de la República Checa,31/03/2011,Argentina,Capital Federal,,Palacio San Martín,Visitas de mandatarios extranjeros,"""D:\Nueva carpeta\OneDrive\2010-11\CFK-20110331-01.mp4""",CFK-20110331-01,,,,No,🎥 Video disponible,,
Día del veterano y de los caídos en la guerra de Malvinas,02/04/2011,Argentina,Santa Cruz,Río Gallegos,,Malvinas,"""D:\Nueva carpeta\OneDrive\2010-11\CFK-20110402-01.mp4""",CFK-20110402-01,,,,No,🎥 Video disponible,https://goo.su/WFzIQ,https://goo.su/WFzIQ
Inauguración de la sede de SAGAI,05/04/2011,Argentina,Capital Federal,,Sede de SAGAI,,"""D:\Nueva carpeta\OneDrive\2010-11\CFK-20110405-01.mp4""",CFK-20110405-01,,,,No,🎥 Video disponible,,
Visita a la provincia de Córdoba,06/04/2011,Argentina,Córdoba,Córdoba,,,,CFK-20110604-01,,,,No,🔍 Buscar video,,
Lanzamiento del Plan Federal de ganados y carnes,07/04/2011,Argentina,Capital Federal,,Casa de Gobierno - Salón de las Mujeres Argentinas del Bicentenario,,,CFK-20110704-02,,,,No,🔍 Buscar video,,
Inauguración de la Escalera Carpani y el Salón de los Pintores y Pinturas Argentinas,08/04/2011,Argentina,Capital Federal,,Casa de Gobierno - Salón de los Pintores y Pinturas Argentinas,Inauguraciones de salas y salones en Casa de Gobierno,,CFK-20110408-01,,,,No,🔍 Buscar video,,
Cena de FEDEEAC,09/04/2011,Argentina,Capital Federal,,,,,CFK-20110409-01,,,,No,🔍 Buscar video,,
Anuncio de beneficios a jubilados y embarazadas,18/04/2011,Argentina,Capital Federal,,Casa de Gobierno - Salón de las Mujeres Argentinas del Bicentenario,,"""D:\Nueva carpeta\OneDrive\2010-11\CFK-20110418-01.mp4""",CFK-20110418-01,,,,No,🎥 Video disponible,,
Visita a Santiago del Estero,19/04/2011,Argentina,Santiago del Estero,,,,"""D:\Nueva carpeta\OneDrive\2010-11\CFK-20110419-01.mp4""",CFK-20110419-01,,,,No,🎥 Video disponible,,
"Lanzamiento de CANPO, en el Luna Park",20/04/2011,Argentina,Capital Federal,,Estadio Luna Park,Acto partidario,"""D:\Nueva carpeta\OneDrive\2010-11\CFK-20110420-01.mp4""",CFK-20110420-01,,,,No,🎥 Video disponible,,
"Inauguración de la Fábrica de Computadoras Banghó, en Vicente López",25/04/2011,Argentina,Buenos Aires,Vicente López,,,"""D:\Nueva carpeta\OneDrive\2010-11\CFK-20110425-01.mp4""",CFK-20110425-01,,,,No,🎥 Video disponible,,
"Presentación del comic Deuda Externa, un dibujo argentino",26/04/2011,Argentina,Capital Federal,,Casa de Gobierno - Salón de las Mujeres Argentinas del Bicentenario,,"""D:\Nueva carpeta\OneDrive\2010-11\CFK-20110426-01.mp4""",CFK-20110426-01,,,,No,🎥 Video disponible,,
"Anuncio del proyecto de Ley sobre propiedad, posesión o tenencia de tierras rurales",27/04/2011,Argentina,Capital Federal,,Casa de Gobierno - Salón de las Mujeres Argentinas del Bicentenario,,"""D:\Nueva carpeta\OneDrive\2010-11\CFK-20110427-01.mp4""",CFK-20110427-01,,,,No,🎥 Video disponible,,
Inauguración de obras en el Hospital Ramón Carrillo de Tres de Febrero,03/05/2011,Argentina,Buenos Aires,Tres de Febrero,,,"""D:\Nueva carpeta\OneDrive\2010-11\CFK-20110503-01.mp4""",CFK-20110503-01,,,,No,🎥 Video disponible,,
"Inauguración del CIC Dr. Néstor Kirchner, en San Martín",05/05/2011,Argentina,Buenos Aires,San Martín,,,"""D:\Nueva carpeta\OneDrive\2010-11\CFK-20110505-01.mp4""",CFK-20110505-01,,,,No,🎥 Video disponible,,
"Anuncio de hallazgo de petróleo en Loma La Lata e inauguración de viviendas en Pilar, provincia de Buenos Aires",10/05/2011,Argentina,Capital Federal,,Casa de Gobierno - Salón de las Mujeres Argentinas del Bicentenario,,"""D:\Nueva carpeta\OneDrive\2010-11\CFK-20110510-01.mp4""",CFK-20110510-01,,,,No,🎥 Video disponible,,
"Presentación de programas destinados a jóvenes ",11/05/2011,Argentina,Capital Federal,,Casa de Gobierno - Salón de las Mujeres Argentinas del Bicentenario,,"""D:\Nueva carpeta\OneDrive\2010-11\CFK-20110511-01.mp4""",CFK-20110511-01,,,,No,🎥 Video disponible,,
Lanzamiento del Plan de Abaratamiento para Minoristas,12/05/2011,Argentina,Buenos Aires,José C. Paz,,,"""D:\Nueva carpeta\OneDrive\2010-11\CFK-20110512-01.mp4""",CFK-20110512-01,,,,No,🎥 Video disponible,,
Promulgación de la Ley de Medicina Prepaga,16/05/2011,Argentina,Capital Federal,,Casa de Gobierno - Salón de las Mujeres Argentinas del Bicentenario,,"""D:\Nueva carpeta\OneDrive\2010-11\CFK-20110516-01.mp4""",CFK-20110516-01,,,,No,🎥 Video disponible,,
"Acto de llamado a licitación de obras en el FFCC Belgrano Cargas ",17/05/2011,Argentina,Capital Federal,,Casa de Gobierno - Salón de las Mujeres Argentinas del Bicentenario,,"""D:\Nueva carpeta\OneDrive\2010-11\CFK-20110517-01.mp4""",CFK-20110517-01,,,,No,🎥 Video disponible,,
Celebración de los 420 años de la ciudad de La Rioja,20/05/2011,Argentina,La Rioja,La Rioja,,,"""D:\Nueva carpeta\OneDrive\2010-11\CFK-20110520-01.mp4""",CFK-20110520-01,,,,No,🎥 Video disponible,,
Presentación oficial fórmula Filmus - Tomada,21/05/2011,Argentina,Capital Federal,,,Acto partidario,"""D:\Nueva carpeta\OneDrive\2010-11\CFK-20110521-01.mp4""",CFK-20110521-01,,,,No,🎥 Video disponible,,
Inauguración del Museo del Bicentenario en la Casa de Gobierno,24/05/2011,Argentina,Capital Federal,,Casa de Gobierno - Museo del Bicentenario,Inauguraciones de salas y salones en Casa de Gobierno,"""D:\Nueva carpeta\OneDrive\2010-11\CFK-20110524-01.mp4""",CFK-20110524-01,,,,No,🎥 Video disponible,,
201° aniversario de la revolución de mayo,25/05/2011,Argentina,Chaco,Resistencia,,Revolución de mayo,"""D:\Nueva carpeta\OneDrive\2010-11\CFK-20110525-01.mp4""",CFK-20110525-01,,,,No,🎥 Video disponible,https://goo.su/5ExPsx,	 https://goo.su/5ExPsx
Acto de recepción de los integrantes del Consejo de Seguridad de UNASUR,26/05/2011,Argentina,Capital Federal,,Casa de Gobierno - Salón de los Patriotas Latinoamericanos,UNASUR,"""D:\Nueva carpeta\OneDrive\2010-11\CFK-20110526-02.mp4""",CFK-20110526-02,,,,No,🎥 Video disponible,,
"Inauguración de la planta de Honda en Campana ",26/05/2011,Argentina,Buenos Aires,Campana,,,"""D:\Nueva carpeta\OneDrive\2010-11\CFK-20110526-01.mp4""",CFK-20110526-01,,,,No,🎥 Video disponible,,
Visita al Museo Soumaya en México DF,29/05/2011,México,,,Museo Soumaya,Viajes al exterior,"""D:\Nueva carpeta\OneDrive\2010-11\CFK-20110529-01.mp4""",CFK-20110529-01,,,,No,🎥 Video disponible,,
Firma de acuerdos en México,30/05/2011,México,,,,Viajes al exterior,"""D:\Nueva carpeta\OneDrive\2010-11\CFK-20110530-02.mp4""",CFK-20110530-02,,,,No,🎥 Video disponible,,
Almuerzo en honor en su visita a México,30/05/2011,México,,,,Viajes al exterior,"""D:\Nueva carpeta\OneDrive\2010-11\CFK-20110530-01.mp4""",CFK-20110530-01,,,,No,🎥 Video disponible,,
Encuentro entre empresarios argentinos e italianos en Roma,01/06/2011,Italia,,Roma,,Viajes al exterior,"""D:\Nueva carpeta\OneDrive\2010-11\CFK-20110601-01.mp4""",CFK-20110601-01,,,,No,🎥 Video disponible,,
Visita a la Bienal de Venecia,03/06/2011,Italia,,Venecia,Bienal de Venecia,Viajes al exterior,"""D:\Nueva carpeta\OneDrive\2010-11\CFK-20110603-02.mp4""",CFK-20110603-02,,,,No,🎥 Video disponible,,
Acto de Traspaso del Pabellón de la República Argentina en la Bienal de Italia,03/06/2011,Italia,,Venecia,Bienal de Venecia,Viajes al exterior,"""D:\Nueva carpeta\OneDrive\2010-11\CFK-20110603-01.mp4""",CFK-20110603-01,,,,No,🎥 Video disponible,,
Firma de convenios para el desarrollo de radares,07/06/2011,Argentina,Capital Federal,,Casa de Gobierno - Salón de las Mujeres Argentinas del Bicentenario,,"""D:\Nueva carpeta\OneDrive\2010-11\CFK-20110607-01.mp4""",CFK-20110607-01,,,,No,🎥 Video disponible,,
Inauguración de un puerto regasificador en Escobar,08/06/2011,Argentina,Buenos Aires,Escobar,,,"""D:\Nueva carpeta\OneDrive\2010-11\CFK-20110608-01.mp4""",CFK-20110608-01,,,,No,🎥 Video disponible,,
Anuncio de la primera clonación de una vaca transgénica,09/06/2011,Argentina,Capital Federal,,Casa de Gobierno - Salón de las Mujeres Argentinas del Bicentenario,,"""D:\Nueva carpeta\OneDrive\2010-11\CFK-20110609-01.mp4""",CFK-20110609-01,,,,No,🎥 Video disponible,,
Lanzamiento del satélite argentino SAC-D Aquarius,10/06/2011,Argentina,Capital Federal,,Casa de Gobierno - Salón de las Mujeres Argentinas del Bicentenario,Cadena Nacional,"""D:\Nueva carpeta\OneDrive\2010-11\CFK-20110610-02.mp4""",CFK-20110610-02,,,,No,🎥 Video disponible,,
"Almuerzo ofrecido en honor del Secretario General de la ONU, Ban Ki-Moon",13/06/2011,Argentina,Capital Federal,,Casa de Gobierno - Museo del Bicentenario,Visitas de mandatarios extranjeros,"""D:\Nueva carpeta\OneDrive\2010-11\CFK-20110613-01.mp4""",CFK-20110613-01,,,,No,🎥 Video disponible,,
Declaraciones al periodismo luego de la visita de Ban Ki-Moon,13/06/2011,Argentina,Capital Federal,,Casa de Gobierno,Conferencias de prensa y entrevistas,"""D:\Nueva carpeta\OneDrive\2010-11\CFK-20110613-02.mp4""",CFK-20110613-02,,,,No,🎥 Video disponible,,
Promulgación de la Ley Anti-Tabaco,13/06/2011,Argentina,Capital Federal,,Casa de Gobierno - Salón de las Mujeres Argentinas del Bicentenario,,"""D:\Nueva carpeta\OneDrive\2010-11\CFK-20110613-03.mp4""",CFK-20110613-03,,,,No,🎥 Video disponible,,
Inauguración del Helipuerto Roberto Mario Fiorito,14/06/2011,Argentina,Capital Federal,,Casa de Gobierno - Helipuerto Roberto Mario Fiorito,Inauguraciones de salas y salones en Casa de Gobierno,"""D:\Nueva carpeta\OneDrive\2010-11\CFK-20110614-01.mp4""",CFK-20110614-01,,,,No,🎥 Video disponible,,
"Declaraciones al periodismo con motivo de la visita del presidente electo de Perú, Ollanta Humala",14/06/2011,Argentina,Capital Federal,,Casa de Gobierno,Conferencias de prensa y entrevistas,,CFK-20110614-02,,,,No,🔍 Buscar video,,
"Inauguración del Aeropuerto de Villa María y otras obras en la provincia de Córdoba ",15/06/2011,Argentina,Capital Federal,,Casa de Gobierno - Salón de las Mujeres Argentinas del Bicentenario,,"""D:\Nueva carpeta\OneDrive\2010-11\CFK-20110615-01.mp4""",CFK-20110615-01,,,,No,🎥 Video disponible,,
"Inauguración del Teatro Lírico de Posadas, Misiones",16/06/2011,Argentina,Misiones,Posadas,,,"""D:\Nueva carpeta\OneDrive\2010-11\CFK-20110616-01.mp4""",CFK-20110616-01,,,,No,🎥 Video disponible,,
Conmemoración del Día de la Bandera,20/06/2011,Argentina,Santa Fe,"Rosario, Santa Fe",Monumento nacional a la Bandera,20 de junio,"""D:\Nueva carpeta\OneDrive\2010-11\CFK-20110620-01.mp4""",CFK-20110620-01,,,,No,🎥 Video disponible,https://1drv.ms/v/c/0acaa6780c141b17/IQAXGxQMeKbKIIAKIwEAAAAAAULJVRXxJZFvFpl5eOYA-MI?e=HcGmCO,
Inauguración de una nueva estación digital terrestre en Jujuy,21/06/2011,Argentina,Capital Federal,,Casa de Gobierno - Salón de los Patriotas Latinoamericanos,,"""D:\Nueva carpeta\OneDrive\2010-11\CFK-20110621-01.mp4""",CFK-20110621-01,,,,No,🎥 Video disponible,,
Inauguración del edificio anexo del Instituto Leloir,22/06/2011,Argentina,Capital Federal,,Instituto Nacional de Tecnología Industrial,,"""D:\Nueva carpeta\OneDrive\2010-11\CFK-20110622-01.mp4""",CFK-20110622-01,,,,No,🎥 Video disponible,,
Anuncio de la candidatura de Amado Boudou a vicepresidente,25/06/2011,Argentina,Buenos Aires,,Residencia Presidencial de Olivos,,"""D:\Nueva carpeta\OneDrive\2010-11\CFK-20110625-01.mp4""",CFK-20110625-01,,,,No,🎥 Video disponible,,
Presentación del Plan de seguridad Cinturón Sur,28/06/2011,Argentina,Capital Federal,,Casa de Gobierno - Salón de las Mujeres Argentinas del Bicentenario,,"""D:\Nueva carpeta\OneDrive\2010-11\CFK-20110628-01.mp4""",CFK-20110628-01,,,,No,🎥 Video disponible,,
"Inauguración del Gasoducto Juana Azurduy ",30/06/2011,Argentina,Capital Federal,,Casa de Gobierno - Salón de las Mujeres Argentinas del Bicentenario,,"""D:\Nueva carpeta\OneDrive\2010-11\CFK-20110630-01.mp4""",CFK-20110630-01,,,,No,🎥 Video disponible,,
"Cierre de las Jornadas Monetarias y Bancarias 2011 ",01/07/2011,Argentina,Capital Federal,,,,"""D:\Nueva carpeta\OneDrive\2010-11\CFK-20110701-01.mp4""",CFK-20110701-01,,,,No,🎥 Video disponible,,
Anuncio de las medidas para los afectados por la erupción del volcán Puyehue,04/07/2011,Argentina,Capital Federal,,Casa de Gobierno - Salón de las Mujeres Argentinas del Bicentenario,,"""D:\Nueva carpeta\OneDrive\2010-11\CFK-20110704-01.mp4""",CFK-20110704-01,,,,No,🎥 Video disponible,,
"Anuncio de medidas contra la trata de personas ",05/07/2011,Argentina,Capital Federal,,Casa de Gobierno - Salón de las Mujeres Argentinas del Bicentenario,,"""D:\Nueva carpeta\OneDrive\2010-11\CFK-20110705-01.mp4""",CFK-20110705-01,,,,No,🎥 Video disponible,,
Anuncio de llamado a licitación para ampliación y refacción del Hospital Churruca,07/07/2011,Argentina,Capital Federal,,,,"""D:\Nueva carpeta\OneDrive\2010-11\CFK-20110707-01.mp4""",CFK-20110707-01,,,,No,🎥 Video disponible,,
Inauguración de la nueva Terminal C del Aeropuerto de Ezeiza,09/07/2011,Argentina,Buenos Aires,Ezeiza,,,"""D:\Nueva carpeta\OneDrive\2010-11\CFK-20110709-01.mp4""",CFK-20110709-01,,,,No,🎥 Video disponible,,
"195° aniversario de la declaración de la independencia ",09/07/2011,Argentina,Tucumán,San Miguel de Tucumán,,9 de julio,"""D:\Nueva carpeta\OneDrive\2010-11\CFK-20110709-02.mp4""",CFK-20110709-02,,,,No,🎥 Video disponible,,
Cena de Camaradería de las FF.AA.,11/07/2011,Argentina,Capital Federal,,,Fuerzas Armadas,"""D:\Nueva carpeta\OneDrive\2010-11\CFK-20110711-01.mp4""",CFK-20110711-01,,,,No,🎥 Video disponible,,
Presentación del Digesto Jurídico Argentino,12/07/2011,Argentina,Capital Federal,,Casa de Gobierno - Salón de las Mujeres Argentinas del Bicentenario,,"""D:\Nueva carpeta\OneDrive\2010-11\CFK-20110712-01.mp4""",CFK-20110712-01,,,,No,🎥 Video disponible,,
"Entrega de créditos del Programa de Financiamiento Productivo del Bicentenario ",13/07/2011,Argentina,Capital Federal,,Casa de Gobierno - Salón de las Mujeres Argentinas del Bicentenario,,"""D:\Nueva carpeta\OneDrive\2010-11\CFK-20110713-01.mp4""",CFK-20110713-01,,,,No,🎥 Video disponible,,
Inauguración de Tecnópolis,14/07/2011,Argentina,Buenos Aires,Vicente López,Tecnópolis,,"""D:\Nueva carpeta\OneDrive\2010-11\CFK-20110714-01.mp4""",CFK-20110714-01,,,,No,🎥 Video disponible,,
157 aniversario de la Bolsa de Comercio de Buenos Aires,18/07/2011,Argentina,Capital Federal,,Bolsa de Comercio de Buenos Aires,,"""D:\Nueva carpeta\OneDrive\2010-11\CFK-20110718-01.mp4""",CFK-20110718-01,,,,No,🎥 Video disponible,,
"Inauguración de una planta de biodiesel en Puerto San Martín, Santa Fe",19/07/2011,Argentina,Santa Fe,"Puerto General San Martín, Santa Fe",,,"""D:\Nueva carpeta\OneDrive\2010-11\CFK-20110719-01.mp4""",CFK-20110719-01,,,,No,🎥 Video disponible,,
"Lanzamiento del Programa de Radarización Escudo Norte ",20/07/2011,Argentina,Santiago del Estero,,,,"""D:\Nueva carpeta\OneDrive\2010-11\CFK-20110720-01.mp4""",CFK-20110720-01,,,,No,🎥 Video disponible,,
Inauguración de la ampliación de la planta de Cañuelas de Loma Negra,21/07/2011,Argentina,Buenos Aires,Cañuelas,,,"""D:\Nueva carpeta\OneDrive\2010-11\CFK-20110721-01.mp4""",CFK-20110721-01,,,,No,🎥 Video disponible,,
Inauguración de la Terminal de Trenes y Ómnibus de Mar del Plata,22/07/2011,Argentina,Buenos Aires,Mar del Plata,,,"""D:\Nueva carpeta\OneDrive\2010-11\CFK-20110722-01.mp4""",CFK-20110722-01,,,,No,🎥 Video disponible,,
"Inauguración instalaciones megausina de Río Turbio ",23/07/2011,Argentina,Santa Cruz,Rio Turbio,,,"""D:\Nueva carpeta\OneDrive\2010-11\CFK-20110723-01.mp4""",CFK-20110723-01,,,,No,🎥 Video disponible,,
"Inauguración del retrato de Evita en el ex Ministerio de Obras Públicas ",26/07/2011,Argentina,Capital Federal,,,Evita,"""D:\Nueva carpeta\OneDrive\2010-11\CFK-20110726-01.mp4""",CFK-20110726-01,,,,No,🎥 Video disponible,,
Inauguración del Centro Federal Penitenciario Noroeste en Salta,27/07/2011,Argentina,Salta,"General Güemes, Salta",,,"""D:\Nueva carpeta\OneDrive\2010-11\CFK-20110727-01.mp4""",CFK-20110727-01,,,,No,🎥 Video disponible,,
Inauguración de la nueva sede de la Embajada de la República Argentina en Brasil,29/07/2011,Brasil,,Brasilia,Embajada argentina en Brasil,Viajes al exterior,"""D:\Nueva carpeta\OneDrive\2010-11\CFK-20110729-02.mp4""",CFK-20110729-02,,,,No,🎥 Video disponible,,
Almuerzo de honor ofrecido por la Presidenta de Brasil,29/07/2011,Brasil,,Brasilia,,Viajes al exterior,,CFK-20110729-03,,,,No,🔍 Buscar video,,
"Declaración de prensa conjunta con la Presidenta de Brasil en el Palacio Planalto, Brasilia",29/07/2011,Brasil,,Brasilia,Palacio Planalto,Conferencias de prensa y entrevistas,"""D:\Nueva carpeta\OneDrive\2010-11\CFK-20110729-01.mp4""",CFK-20110729-01,,,,No,🎥 Video disponible,,
Reactivación del servicio ferroviario que interconectará a la República Argentina y la República Oriental del Uruguay,01/08/2011,Uruguay,,,,Viajes al exterior,,CFK-20110801-02,,,,No,🔍 Buscar video,,
"Inauguración de la Planta farmacéutica ampliada de Laboratorios Richmond, en Pilar",01/08/2011,Argentina,Buenos Aires,Pilar,,,"""D:\Nueva carpeta\OneDrive\2010-11\CFK-20110801-01.mp4""",CFK-20110801-01,,,,No,🎥 Video disponible,,
"Almuerzo en Honor del Presidente de la República Oriental del Uruguay, José Mujica",02/08/2011,Argentina,Capital Federal,,Casa de Gobierno - Museo del Bicentenario,Visitas de mandatarios extranjeros,"""D:\Nueva carpeta\OneDrive\2010-11\CFK-20110802-01.mp4""",CFK-20110802-02,,,,No,🎥 Video disponible,,
Conferencia conjunta con el Presidente de Uruguay,02/08/2011,Argentina,Capital Federal,,Casa de Gobierno - Salón de las Mujeres Argentinas del Bicentenario,Viajes al exterior,,CFK-20110802-01,,,,No,🔍 Buscar video,,
Inauguración de la planta de La Salteña en Burzaco,03/08/2011,Argentina,Buenos Aires,Almirante Brown,,,"""D:\Nueva carpeta\OneDrive\2010-11\CFK-20110803-01.mp4""",CFK-20110803-01,,,,No,🎥 Video disponible,,
Celebración de los 25 años de la creación del consejo interuniversitario nacional,03/08/2011,Argentina,Capital Federal,,Casa de Gobierno - Salón de las Mujeres Argentinas del Bicentenario,Universidades Nacionales,"""D:\Nueva carpeta\OneDrive\2010-11\CFK-20110803-02.mp4""",CFK-20110803-02,,,,No,🎥 Video disponible,,
Acto de cierre del Congreso metalúrgico 2011,04/08/2011,Argentina,Capital Federal,,,,"""D:\Nueva carpeta\OneDrive\2010-11\CFK-20110804-01.mp4""",CFK-20110804-01,,,,No,🎥 Video disponible,,
146º aniversario de Chacabuco y 38º Fiesta Nacional del Maíz,05/08/2011,Argentina,Buenos Aires,Chacabuco,,,"""D:\Nueva carpeta\OneDrive\2010-11\CFK-20110805-02.mp4""",CFK-20110805-02,,,,No,🎥 Video disponible,,
Visita al Parque Industrial de Las Flores,08/08/2011,Argentina,Buenos Aires,Las Flores,,,"""D:\Nueva carpeta\OneDrive\2010-11\CFK-20110808-01.mp4""",CFK-20110808-01,,,,No,🎥 Video disponible,,
Declaraciones de la Presidenta tras emitir su voto en Santa Cruz,14/08/2011,Argentina,Santa Cruz,Río Gallegos,,Conferencias de prensa y entrevistas,,CFK-20110814-01,,,,No,🔍 Buscar video,,
Palabras al finalizar las elecciones primarias,14/08/2011,Argentina,Capital Federal,,,Acto partidario,,CFK-20110814-02,,,,No,🔍 Buscar video,,
"Conferencia de prensa tras los resultados de las elecciones Primarias Abiertas, Simultáneas y Obligatorias (PASO)",15/08/2011,Argentina,Capital Federal,,Casa de Gobierno,Conferencias de prensa y entrevistas,"""D:\Nueva carpeta\OneDrive\2010-11\CFK-20110815-01.mp4""",CFK-20110815-01,,,,No,🎥 Video disponible,,
Inauguración de la planta de Banghó en Parque Patricios,16/08/2011,Argentina,Capital Federal,,,,"""D:\Nueva carpeta\OneDrive\2010-11\CFK-20110816-01.mp4""",CFK-20110816-01,,,,No,🎥 Video disponible,,
Ley del Software,17/08/2011,Argentina,Buenos Aires,Vicente López,Tecnópolis,,,CFK-20110817-01,,,,No,🔍 Buscar video,,
Firma de acuerdos con el Presidente de Colombia,18/08/2011,Argentina,Capital Federal,,Casa de Gobierno - Salón de los Pensadores y Escritores Argentinos,Visitas de mandatarios extranjeros,"""D:\Nueva carpeta\OneDrive\2010-11\CFK-20110818-02.mp4""",CFK-20110818-02,,,,No,🎥 Video disponible,,
"Almuerzo ofrecido al Presidente de Colombia, Juan Manuel Santos ",18/08/2011,Argentina,Capital Federal,,Casa de Gobierno - Museo del Bicentenario,Visitas de mandatarios extranjeros,"""D:\Nueva carpeta\OneDrive\2010-11\CFK-20110818-01.mp4""",CFK-20110818-01,,,,No,🎥 Video disponible,,
"Inauguración de pavimentación de la Avenida Lynch, en Avellaneda",23/08/2011,Argentina,Buenos Aires,Avellaneda,,,"""D:\Nueva carpeta\OneDrive\2010-11\CFK-20110823-01.mp4""",CFK-20110823-01,,,,No,🎥 Video disponible,,
Inauguración del segundo mural de Evita,24/08/2011,Argentina,Capital Federal,,Casa de Gobierno - Salón de los Patriotas Latinoamericanos,Evita,"""D:\Nueva carpeta\OneDrive\2010-11\CFK-20110824-01.mp4""",CFK-20110824-01,,,,No,🎥 Video disponible,,
Ampliación de la red de Televisión Digital,25/08/2011,Argentina,Capital Federal,,Casa de Gobierno - Salón de las Mujeres Argentinas del Bicentenario,,"""D:\Nueva carpeta\OneDrive\2010-11\CFK-20110825-01.mp4""",CFK-20110825-01,,,,No,🎥 Video disponible,,
"Inauguración del ramal ferroviario Lincoln-Realicó ",26/08/2011,Argentina,Buenos Aires,Lincoln,,,"""D:\Nueva carpeta\OneDrive\2010-11\CFK-20110826-01.mp4""",CFK-20110826-01,,,,No,🎥 Video disponible,,
Acuerdo por el nuevo salario mínimo,27/08/2011,Argentina,Capital Federal,,Ministerio de Trabajo,,,CFK-20110827-01,,,,No,🔍 Buscar video,,
Reactivación del servicio ferroviario que interconectará a la República Argentina y la República Oriental del Uruguay,29/08/2011,Uruguay,,Salto,,,"""D:\Nueva carpeta\OneDrive\2010-11\CFK-20110829-01 Reactivación servicio ferroviario Argentina-Uruguay (Concordia).mp4""""D:\Nueva carpeta\OneDrive\2010-11\CFK-20110829-01 Reactivación servicio ferroviario Argentina-Uruguay (Salto).mp4""",CFK-20110829-01,,,,No,🎥 Video disponible,,
Lanzamiento del plan nacional estratégico de turismo,30/08/2011,Argentina,Capital Federal,,Casa de Gobierno - Salón de las Mujeres Argentinas del Bicentenario,,"""D:\Nueva carpeta\OneDrive\2010-11\CFK-20110830-01.mp4""",CFK-20110830-01,,,,No,🎥 Video disponible,,
Inauguración de la Feria Nacional de la Semilla en Chaco y una fábrica en San Juan,31/08/2011,Argentina,Capital Federal,,Casa de Gobierno - Salón de las Mujeres Argentinas del Bicentenario,,"""D:\Nueva carpeta\OneDrive\2010-11\CFK-20110831-01.mp4""",CFK-20110831-01,,,,No,🎥 Video disponible,,
"Día de la industria en Tecnópolis ",01/09/2011,Argentina,Buenos Aires,Vicente López,Tecnópolis,Día de la industria,"""D:\Nueva carpeta\OneDrive\2010-11\CFK-20110901-01.mp4""",CFK-20110901-01,,,,No,🎥 Video disponible,,
Presentación de las metas previstas para el año 2020 en el Plan Estratégico Agroalimentario y Agroindustrial,05/09/2011,Argentina,Buenos Aires,Vicente López,Tecnópolis,,"""D:\Nueva carpeta\OneDrive\2010-11\CFK-20110905-02.mp4""",CFK-20110905-02,,,,No,🎥 Video disponible,,
60 aniversario de Mercedes Benz en La Matanza,06/09/2011,Argentina,Buenos Aires,La Matanza,,,"""D:\Nueva carpeta\OneDrive\2010-11\CFK-20110906-01.mp4""",CFK-20110906-01,,,,No,🎥 Video disponible,,
Anuncios de aumento en las asignaciones por hijo y familiares,07/09/2011,Argentina,Capital Federal,,Casa de Gobierno - Salón de las Mujeres Argentinas del Bicentenario,,,CFK-20110907-02,,,,No,🔍 Buscar video,,
"Inauguración de la nueva sede de la Cámara Argentina de Comercio ",07/09/2011,Argentina,Capital Federal,,Sede de la Cámara Argentina de Comercio,,"""D:\Nueva carpeta\OneDrive\2010-11\CFK-20110907-01.mp4""",CFK-20110907-01,,,,No,🎥 Video disponible,,
Inauguración de las oficinas de la empresa Globant,08/09/2011,Argentina,Capital Federal,,,,"""D:\Nueva carpeta\OneDrive\2010-11\CFK-20110908-01.mp4""",CFK-20110908-01,,,,No,🎥 Video disponible,,
Entrega de escrituras y netbooks en Lanús,09/09/2011,Argentina,Buenos Aires,Lanús,,,"""D:\Nueva carpeta\OneDrive\2010-11\CFK-20110909-01.mp4""",CFK-20110909-01,,,,No,🎥 Video disponible,,
Inauguración de la muestra fotográfica El Dakar en Argentina,13/09/2011,Francia,,Paris,,Viajes al exterior,"""D:\Nueva carpeta\OneDrive\2010-11\CFK-20110913-01.mp4""",CFK-20110913-01,,,,No,🎥 Video disponible,,
Entrega del Premio de la Unesco a Estela de Carlotto,14/09/2011,Francia,,Paris,Sede de la UNESCO,Viajes al exterior,"""D:\Nueva carpeta\OneDrive\2010-11\CFK-20110914-01.mp4""",CFK-20110914-01,,,,No,🎥 Video disponible,,
Presentación del sitio web Infojus,15/09/2011,Argentina,Capital Federal,,Casa de Gobierno - Salón de las Mujeres Argentinas del Bicentenario,,"""D:\Nueva carpeta\OneDrive\2010-11\CFK-20110915-01.mp4""",CFK-20110915-01,,,,No,🎥 Video disponible,,
Inauguración de la Universidad de Merlo,16/09/2011,Argentina,Buenos Aires,Merlo,Universidad Nacional de Merlo,Universidades Nacionales,"""D:\Nueva carpeta\OneDrive\2010-11\CFK-20110916-01.mp4""",CFK-20110916-01,,,,No,🎥 Video disponible,,
"Acto en el Centro Cultural Parque España, Rosario",19/09/2011,Argentina,Santa Fe,"Rosario, Santa Fe",Centro Cultural Parque España,,,CFK-20110919-01,,,,No,🔍 Buscar video,,
66° Asamblea de la Organización de las Naciones Unidas,21/09/2011,Estados Unidos,,Nueva York,Sede de las Naciones Unidas,,"""D:\Nueva carpeta\OneDrive\2010-11\CFK-20110921-01.mp4""",CFK-20110921-01,,,,No,🎥 Video disponible,https://goo.su/5ExPsx,https://goo.su/FMwTw
Inauguración de la Muestra internacional de Lechería y Centro Genético en Córdoba,24/09/2011,Argentina,Córdoba,"Córdoba, Morteros",,,"""D:\Nueva carpeta\OneDrive\2010-11\CFK-20110924-01.mp4""",CFK-20110924-01,,,,No,🎥 Video disponible,,
Acto de inauguración del nuevo tramo de la Línea Comahue-Cuyo,26/09/2011,Argentina,Mendoza,"Maipú, Mendoza",,,"""D:\Nueva carpeta\OneDrive\2010-11\CFK-20110926-01.mp4""",CFK-20110926-01,,,,No,🎥 Video disponible,,
Acto de bautizo del Motovelero Bernardo Houssay,27/09/2011,Argentina,Capital Federal,,,,"""D:\Nueva carpeta\OneDrive\2010-11\CFK-20110927-01.mp4""",CFK-20110927-01,,,,No,🎥 Video disponible,,
Puesta en marcha de la Central de Atucha II,28/09/2011,Argentina,Buenos Aires,Zárate,Central Nuclear Atucha II,,"""D:\Nueva carpeta\OneDrive\2010-11\CFK-20110928-01.mp4""",CFK-20110928-01,,,,No,🎥 Video disponible,,
Acto de entrega del nuevo DNI número 10 millones e inauguración de un nuevo centro de documentación,29/09/2011,Argentina,Capital Federal,,,,"""D:\Nueva carpeta\OneDrive\2010-11\CFK-20110929-01.mp4""",CFK-20110929-01,,,,No,🎥 Video disponible,,
Inauguración del Museo del Libro y de la Lengua,29/09/2011,Argentina,Capital Federal,,,,"""D:\Nueva carpeta\OneDrive\2010-11\CFK-20110929-02.mp4""",CFK-20110929-02,,,,No,🎥 Video disponible,,
"Inauguración del Parque Eólico Rawson, en la provincia de Chubut",30/09/2011,Argentina,Chubut,Rawson,,,"""D:\Nueva carpeta\OneDrive\2010-11\CFK-20110930-01.mp4""",CFK-20110930-01,,,,No,🎥 Video disponible,,
"Inauguración de la ampliación del Puerto Caleta Paula, Santa Cruz ",03/10/2011,Argentina,Santa Cruz,Caleta Olivia,,,"""D:\Nueva carpeta\OneDrive\2010-11\CFK-20111003-01.mp4""",CFK-20111003-01,,,,No,🎥 Video disponible,,
Saludo a los deportistas que participarán de los Panamericanos de Guadalajara,04/10/2011,Argentina,Capital Federal,,Casa de Gobierno - Salón de las Mujeres Argentinas del Bicentenario,Deporte,,CFK-20111004-02,,,,No,🔍 Buscar video,,
"Presentación del Plan Estratégico Industrial 2020 ",04/10/2011,Argentina,Santa Fe,"Santa Fe, Venado Tuerto",,,"""D:\Nueva carpeta\OneDrive\2010-11\CFK-20111004-01.mp4""",CFK-20111004-01,,,,No,🎥 Video disponible,,
"Inauguración de un hospital en Córdoba ",05/10/2011,Argentina,Córdoba,Córdoba,,,"""D:\Nueva carpeta\OneDrive\2010-11\CFK-20111005-01.mp4""",CFK-20111005-01,,,,No,🎥 Video disponible,,
Inauguración del Polo Científico Tecnológico en la ex bodegas Giol,06/10/2011,Argentina,Capital Federal,,Polo Científico Tecnológico,,,CFK-20111006-01,,,,No,🔍 Buscar video,,
"Inauguración del hospital materno infantil Doctor Alberto Balestrini, en La Matanza",07/10/2011,Argentina,Buenos Aires,La Matanza,,,"""D:\Nueva carpeta\OneDrive\2010-11\CFK-20111007-01.mp4""",CFK-20111007-01,,,,No,🎥 Video disponible,,
Inauguración de una nueva línea de producción de la empresa Calviño,13/10/2011,Argentina,Buenos Aires,Florencio Varela,,,"""D:\Nueva carpeta\OneDrive\2010-11\CFK-20111013-01.mp4""",CFK-20111013-01,,,,No,🎥 Video disponible,,
"Visita al Canal 7, la TV Pública",17/10/2011,Argentina,Capital Federal,,Edificio de la TV Pública,,,CFK-20111017-02,,,,No,🔍 Buscar video,,
"60º Aniversario de la primera emisión de la Televisión Argentina ",17/10/2011,Argentina,Capital Federal,,Edificio de la TV Pública,,"""D:\Nueva carpeta\OneDrive\2010-11\CFK-20111017-01.mp4""",CFK-20111017-01,,,,No,🎥 Video disponible,,
Celebración del 228 Aniversario de la Fundación de la ciudad de Gualeguaychú,18/10/2011,Argentina,Entre Ríos,Gualeguaychú,,,"""D:\Nueva carpeta\OneDrive\2010-11\CFK-20111018-01.mp4""",CFK-20111018-01,,,,No,🎥 Video disponible,,
Inauguración de la ampliación de fábrica de pastas en Tortuguitas,20/10/2011,Argentina,Buenos Aires,Malvinas Argentinas,,,"""D:\Nueva carpeta\OneDrive\2010-11\CFK-20111020-01.mp4""",CFK-20111020-01,,,,No,🎥 Video disponible,,
Discurso en el Hotel Intercontinental con motivo de las elecciones nacionales del 23 de octubre,23/10/2011,Argentina,Capital Federal,,,Acto partidario,,CFK-20111023-01,,,,No,🔍 Buscar video,,
Elecciones presidenciales 2011 declaraciones tras votar,23/10/2011,Argentina,Santa Cruz,Río Gallegos,,Conferencias de prensa y entrevistas,,CFK-20111023-02,,,,No,🔍 Buscar video,,
Inauguración de una Unidad de Pronta Atención en Lanús,25/10/2011,Argentina,Buenos Aires,Lanús,,,"""D:\Nueva carpeta\OneDrive\2010-11\CFK-20111025-01.mp4""",CFK-20111025-01,,,,No,🎥 Video disponible,,
Inauguración de un tomógrafo en el Hospital Churruca,01/11/2011,Argentina,Capital Federal,,Casa de Gobierno - Salón de las Mujeres Argentinas del Bicentenario,,"""D:\Nueva carpeta\OneDrive\2010-11\CFK-20111101-01.mp4""",CFK-20111101-01,,,,No,🎥 Video disponible,,
Discurso ante empresarios del G20 en Cannes,03/11/2011,Francia,,Cannes,,G-20,"""D:\Nueva carpeta\OneDrive\2010-11\CFK-20111103-01.mp4""",CFK-20111103-01,,,,No,🎥 Video disponible,,
Reunión bilateral con el presidente de Estados Unidos Palabras de Cristina Fernández y de Barack Obama,04/11/2011,Francia,,Cannes,,Conferencias de prensa y entrevistas,"""D:\Nueva carpeta\OneDrive\2010-11\CFK-20111104-XX Reunión Cristina Fernández y Barack Obama (Versión completa). Cumbre G-20 en Francia.mp4""",CFK-20111104-01,,,,No,🎥 Video disponible,,
Presentación del Programa de Identificación Biométrica,07/11/2011,Argentina,Capital Federal,,Casa de Gobierno - Salón de las Mujeres Argentinas del Bicentenario,,"""D:\Nueva carpeta\OneDrive\2010-11\CFK-20111107-01.mp4""",CFK-20111107-01,,,,No,🎥 Video disponible,,
Inauguración de la Universidad Aeroportuaria de Ezeiza,08/11/2011,Argentina,Buenos Aires,Ezeiza,,,"""D:\Nueva carpeta\OneDrive\2010-11\CFK-20111108-01.mp4""",CFK-20111108-01,,,,No,🎥 Video disponible,,
Recepción de los deportistas que compitieron en los Panamericanos de Guadalajara,10/11/2011,Argentina,Capital Federal,,Casa de Gobierno - Salón de las Mujeres Argentinas del Bicentenario,Deporte,"""D:\Nueva carpeta\OneDrive\2010-11\CFK-20111110-02.mp4""",CFK-20111110-02,,,,No,🎥 Video disponible,,
Presentación del libro de Adrián Paenza,10/11/2011,Argentina,Capital Federal,,,,"""D:\Nueva carpeta\OneDrive\2010-11\CFK-20111110-01.mp4""",CFK-20111110-01,,,,No,🎥 Video disponible,,
Reinauguración de la planta Newsan,14/11/2011,Argentina,Tierra del Fuego Antártida e Islas del Atlántico Sur,Ushuaia,,,"""D:\Nueva carpeta\OneDrive\2010-11\CFK-20111114-01.mp4""",CFK-20111114-01,,,,No,🎥 Video disponible,,
Cierre de la Muestra Agroindustrial de Las Parejas,15/11/2011,Argentina,Santa Fe,"Las Parejas, Santa Fe",,,"""D:\Nueva carpeta\OneDrive\2010-11\CFK-20111115-01.mp4""",CFK-20111115-01,,,,No,🎥 Video disponible,,
Anuncio de nuevas inversiones en GM,15/11/2011,Argentina,Santa Fe,"Rosario, Santa Fe",,,"""D:\Nueva carpeta\OneDrive\2010-11\CFK-20111115-02.mp4""",CFK-20111115-02,,,,No,🎥 Video disponible,,
Anuncio de medidas de estímulo para el sector rural,16/11/2011,Argentina,Capital Federal,,Casa de Gobierno - Salón de las Mujeres Argentinas del Bicentenario,,"""D:\Nueva carpeta\OneDrive\2010-11\CFK-20111116-01.mp4""",CFK-20111116-01,,,,No,🎥 Video disponible,,
"Lanzamiento del Peugeot 308 en Tres de Febrero ",17/11/2011,Argentina,Buenos Aires,Tres de Febrero,,,"""D:\Nueva carpeta\OneDrive\2010-11\CFK-20111117-01.mp4""",CFK-20111117-01,,,,No,🎥 Video disponible,,
Acto por el 166º aniversario de la Vuelta de Obligado,18/11/2011,Argentina,Buenos Aires,San Pedro,,Día de la Soberanía Nacional,"""D:\Nueva carpeta\OneDrive\2010-11\CFK-20111118-01.mp4""",CFK-20111118-01,,,,No,🎥 Video disponible,,
50 aniversario de Ford Motors Argentina,21/11/2011,Argentina,Buenos Aires,Tigre,,,"""D:\Nueva carpeta\OneDrive\2010-11\CFK-20111121-01.mp4""",CFK-20111121-01,,,,No,🎥 Video disponible,,
Lanzamiento de la ruta Buenos Aires-Dubai de Emirates,22/11/2011,Argentina,Capital Federal,,,,"""D:\Nueva carpeta\OneDrive\2010-11\CFK-20111122-02.mp4""",CFK-20111122-02,,,,No,🎥 Video disponible,,
Acto de cierre de la Conferencia anual de la UIA,22/11/2011,Argentina,Capital Federal,,,,"""D:\Nueva carpeta\OneDrive\2010-11\CFK-20111122-01.mp4""",CFK-20111122-01,,,,No,🎥 Video disponible,,
Anuncio de inversiones en la Industria Gráfica Arcángel Maggio,23/11/2011,Argentina,Capital Federal,,,,"""D:\Nueva carpeta\OneDrive\2010-11\CFK-20111123-01.mp4""",CFK-20111123-01,,,,No,🎥 Video disponible,,
Acto de puesta en marcha del hangar de Aerolíneas Argentinas,24/11/2011,Argentina,Capital Federal,,,Aerolíneas Argentinas,"""D:\Nueva carpeta\OneDrive\2010-11\CFK-20111124-01.mp4""",CFK-20111124-01,,,,No,🎥 Video disponible,,
Cierre 59º Convención anual Cámara Argentina de la Construcción,29/11/2011,Argentina,Capital Federal,,,,"""D:\Nueva carpeta\OneDrive\2010-11\CFK-20111129-02.mp4""",CFK-20111129-02,,,,No,🎥 Video disponible,,
Inauguración de planta de Aluminio en Berazategui,30/11/2011,Argentina,Buenos Aires,Berazategui,,,"""D:\Nueva carpeta\OneDrive\2010-11\CFK-20111130-01.mp4""",CFK-20111130-01,,,,No,🎥 Video disponible,,
Firma de convenios comerciales entre Argentina y Venezuela,01/12/2011,Venezuela,,Caracas,,Visitas de mandatarios extranjeros,"""D:\Nueva carpeta\OneDrive\2010-11\CFK-20111201-01.mp4""",CFK-20111201-02,,,,No,🎥 Video disponible,,
Cumbre de Estados Latinoamericanos y del Caribe,03/12/2011,Venezuela,,Caracas,,CELAC,,CFK-20111203-01,,,,No,🔍 Buscar video,,
Acto de asignación de frecuencias de radio FM a municipios,05/12/2011,Argentina,Capital Federal,,,,"""D:\Nueva carpeta\OneDrive\2010-11\CFK-20111205-01.mp4""",CFK-20111205-01,,,,No,🎥 Video disponible,,
Acto de cierre de Argentina Exporta Audiovisual,06/12/2011,Argentina,Capital Federal,,Casa de Gobierno - Museo del Bicentenario,,"""D:\Nueva carpeta\OneDrive\2010-11\CFK-20111206-01.mp4""",CFK-20111206-01,,,,No,🎥 Video disponible,,
Visita a la Escuela Néstor Kirchner en La Matanza,07/12/2011,Argentina,Buenos Aires,La Matanza,,,"""D:\Nueva carpeta\OneDrive\2010-11\CFK-20111207-01.mp4""",CFK-20111207-01,,,,No,🎥 Video disponible,,
Asunción del mandato presidencial período 2011-2015,10/12/2011,Argentina,Capital Federal,,Congreso de la Nación,Asunciones y apertura de sesiones,"""D:\Nueva carpeta\OneDrive\2010-11\CFK-20111210-01.mp4""",CFK-20111210-01,,,https://www.cronista.com/resizer/v2/VSDL2TMJUFDJFBHIPA25VDXETI.jpg?auth=ec447e1f81d4d30a34eb9e74c183a31a99c41d88b6c854c4b1b48638a8a959fc&smart=true&width=800&height=450&quality=70,No,🎥 Video disponible,https://1drv.ms/v/c/0acaa6780c141b17/IQBiIvcaI8J_RrcvyzfHSWCxAUs0hRmDKD6JWvBkjJhwf6Q?e=v4MICQ,
Acto en Plaza de Mayo,10/12/2011,Argentina,Capital Federal,,Plaza de Mayo,Acto partidario,,CFK-20111210-02,,,,No,🔍 Buscar video,,
Ceremonia de egreso de oficiales de las tres armas,12/12/2011,Argentina,Buenos Aires,El Palomar,Colegio Militar de la Nación,Fuerzas Armadas,"""D:\Nueva carpeta\OneDrive\2010-11\CFK-20111212-01.mp4""",CFK-20111212-01,,,,No,🎥 Video disponible,,
Entrega de Aportes no reintegrables a 12 parques industriales,14/12/2011,Argentina,Capital Federal,,Casa de Gobierno - Salón de las Mujeres Argentinas del Bicentenario,,"""D:\Nueva carpeta\OneDrive\2010-11\CFK-20111214-01.mp4""",CFK-20111214-01,,,,No,🎥 Video disponible,,
Visita a la planta Toyota,15/12/2011,Argentina,Buenos Aires,Zárate,,,"""D:\Nueva carpeta\OneDrive\2010-11\CFK-20111215-01.mp4""",CFK-20111215-01,,,,No,🎥 Video disponible,,
"Inauguración de la nueva terminal de San Rafael ",16/12/2011,Argentina,Mendoza,"Mendoza, San Rafael",,,"""D:\Nueva carpeta\OneDrive\2010-11\CFK-20111216-02.mp4""",CFK-20111216-02,,,,No,🎥 Video disponible,,
Inauguración de ampliación de las Bodegas Bianchi,16/12/2011,Argentina,Mendoza,"Mendoza, San Rafael",,,"""D:\Nueva carpeta\OneDrive\2010-11\CFK-20111216-01.mp4""",CFK-20111216-01,,,,No,🎥 Video disponible,,
"Recepción de la Presidencia pro tempore del Mercosur ",20/12/2011,Uruguay,,Montevideo,,MERCOSUR,"""D:\Nueva carpeta\OneDrive\2010-11\CFK-20111220-01.mp4""",CFK-20111220-01,,,,No,🎥 Video disponible,,
"Inauguración de la UNDAI de Lomas de Zamora ",21/12/2011,Argentina,Buenos Aires,Lomas de Zamora,,,"""D:\Nueva carpeta\OneDrive\2010-11\CFK-20111221-01.mp4""",CFK-20111221-01,,,,No,🎥 Video disponible,,
Firma de ampliación de fondo de desendeudamiento para provincias,28/12/2011,Argentina,Capital Federal,,Casa de Gobierno - Salón de las Mujeres Argentinas del Bicentenario,,"""D:\Nueva carpeta\OneDrive\2010-11\CFK-20111228-01.mp4""",CFK-20111228-01,,,,No,🎥 Video disponible,,
Anuncios de nuevas obras,25/01/2012,Argentina,Capital Federal,,Casa de Gobierno - Salón de las Mujeres Argentinas del Bicentenario,,"""D:\Nueva carpeta\OneDrive\2012\CFK-20120125-01.mp4""",CFK-20120125-01,,,,No,🎥 Video disponible,,
Creación del Registro del Fondo de Garantías Provinciales,01/02/2012,Argentina,Capital Federal,,Casa de Gobierno - Salón de las Mujeres Argentinas del Bicentenario,,"""D:\Nueva carpeta\OneDrive\Jellyfin\2012\CFK-20120201-01.mp4""",CFK-20120201-01,,,,No,🎥 Video disponible,,
"Firma del decreto de desclasificación del Informe Rattenbach ",07/02/2012,Argentina,Capital Federal,,Casa de Gobierno - Salón de los Patriotas Latinoamericanos,Malvinas,"""D:\Nueva carpeta\OneDrive\Jellyfin\2012\CFK-20120207-01.mp4""",CFK-20120207-01,,,,No,🎥 Video disponible,https://goo.su/qKFxNQl,https://goo.su/qKFxNQl
Firma de contratos de obras públicas e inauguración de obras,09/02/2012,Argentina,Capital Federal,,Casa de Gobierno - Salón de las Mujeres Argentinas del Bicentenario,,"""D:\Nueva carpeta\OneDrive\Jellyfin\2012\CFK-20120209-01.mp4""",CFK-20120209-01,,,,No,🎥 Video disponible,,
Entrega de certificados del Programa de Créditos del Bicentenario,13/02/2012,Argentina,Capital Federal,,Casa de Gobierno - Salón de las Mujeres Argentinas del Bicentenario,,"""D:\Nueva carpeta\OneDrive\Jellyfin\2012\CFK-20120213-01.mp4""",CFK-20120213-01,,,,No,🎥 Video disponible,,
"Celebración del 135º aniversario del bautismo del Lago Argentino ",15/02/2012,Argentina,Santa Cruz,El Calafate,,,"""D:\Nueva carpeta\OneDrive\Jellyfin\2012\CFK-20120215-01.mp4""",CFK-20120215-01,,,,No,🎥 Video disponible,,
"Bicentenario del primer izamiento de la Bandera Argentina ",27/02/2012,Argentina,Santa Fe,"Rosario, Santa Fe",Monumento nacional a la Bandera,20 de junio,"""D:\Nueva carpeta\OneDrive\Jellyfin\2012\CFK-20120227-01.mp4""",CFK-20120227-01,,,,No,🎥 Video disponible,https://1drv.ms/v/c/0acaa6780c141b17/IQAXGxQMeKbKIIAKAwMAAAAAATTzc4HMB6RzVwjf2BQSsiQ?e=fYDTS2,
"Anuncios de temas de Desarrollo Social ",29/02/2012,Argentina,Capital Federal,,Casa de Gobierno - Salón de las Mujeres Argentinas del Bicentenario,,"""D:\Nueva carpeta\OneDrive\Jellyfin\2012\CFK-20120229-01.mp4""",CFK-20120229-01,,,,No,🎥 Video disponible,,
Apertura del 130º periodo de sesiones ordinarias del Congreso,01/03/2012,Argentina,Capital Federal,,Congreso de la Nación,Asunciones y apertura de sesiones,"""D:\Nueva carpeta\OneDrive\2012\CFK-20120301-01.mp4""",CFK-20120301-01,,,https://www.newsdigitales.com/uploads/noticias/5/2026/02/20260228161459_apertura-seisones.webp,No,🎥 Video disponible,https://1drv.ms/v/c/0acaa6780c141b17/IQD8F4fTmdXZS60jaWnT1K0MATA2qS5fJAMRKjjPAw_3xPE?e=daZpeW,
"Llamado a licitación del Museo y Memorial de Malvinas y Dia de la Antártida ",05/03/2012,Argentina,Capital Federal,,Casa de Gobierno - Salón de las Mujeres Argentinas del Bicentenario,Malvinas,"""D:\Nueva carpeta\OneDrive\Jellyfin\2012\CFK-20120305-01.mp4""",CFK-20120503-01,,,,No,🎥 Video disponible,,
"Inauguración de la Galería de los Ídolos Populares ",08/03/2012,Argentina,Capital Federal,,Casa de Gobierno - Galería de los Ídolos Populares,Inauguraciones de salas y salones en Casa de Gobierno,"""D:\Nueva carpeta\OneDrive\Jellyfin\2012\CFK-20120308-01.mp4""",CFK-20120308-01,,,,No,🎥 Video disponible,,
Anuncio de Programa de Telefonía e Internet para localidades sin servicio básico telefónico,08/03/2012,Argentina,Capital Federal,,Casa de Gobierno - Salón de las Mujeres Argentinas del Bicentenario,,,CFK-20120308-02,,,,No,🔍 Buscar video,,
Lanzamiento del Plan Nacional de Igualdad Cultural,12/03/2012,Argentina,Capital Federal,,Casa de Gobierno - Museo del Bicentenario,,"""D:\Nueva carpeta\OneDrive\Jellyfin\2012\CFK-20120312-01.mp4""",CFK-20120312-01,,,,No,🎥 Video disponible,,
"Recibimiento a los pilotos argentinos que participaron en el Rally Dakar 2012 ",14/03/2012,Argentina,Capital Federal,,Casa de Gobierno - Galería de Bustos Presidenciales,Deporte,"""D:\Nueva carpeta\OneDrive\Jellyfin\2012\CFK-20120314-01.mp4""",CFK-20120314-01,,,,No,🎥 Video disponible,,
Firma de convenios para la presentación de créditos con entidades multilaterales,14/03/2012,Argentina,Capital Federal,,Casa de Gobierno - Salón de las Mujeres Argentinas del Bicentenario,,"""D:\Nueva carpeta\OneDrive\Jellyfin\2012\CFK-20120314-02.mp4""",CFK-20120314-02,,,,No,🎥 Video disponible,,
"Ceremonia en el Centro Cultural Argentino en Chile ",16/03/2012,Chile,,Santiago,,Viajes al exterior,"""D:\Nueva carpeta\OneDrive\Jellyfin\2012\CFK-20120316-03.mp4""",CFK-20120316-03,,,,No,🎥 Video disponible,,
" Declaraciones a la prensa tras la firma de acuerdos con la República de Chile",16/03/2012,Chile,,Santiago,,Conferencias de prensa y entrevistas,"""D:\Nueva carpeta\OneDrive\Jellyfin\2012\CFK-20120316-02.mp4""",CFK-20120316-02,,,,No,🎥 Video disponible,,
"Cena de honor ofrecida por el jefe de Estado chileno, Sebastián Piñera, en el Palacio de La Moneda ",16/03/2012,Chile,,Santiago,Palacio de la Moneda,Viajes al exterior,"""D:\Nueva carpeta\OneDrive\Jellyfin\2012\CFK-20120316-01.mp4""",CFK-20120316-01,,,,No,🎥 Video disponible,,
Entrega del decodificador de Televisión Digital 1 millón,20/03/2012,Argentina,Buenos Aires,Vicente López,Tecnópolis,,"""D:\Nueva carpeta\OneDrive\Jellyfin\2012\CFK-20120320-01.mp4""",CFK-20120320-01,,,,No,🎥 Video disponible,,
"Inauguración de una planta de medicamentos oncológicos ",22/03/2012,Argentina,Buenos Aires,Pilar,,,"""D:\Nueva carpeta\OneDrive\Jellyfin\2012\CFK-20120322-02.mp4""",CFK-20120322-02,,,,No,🎥 Video disponible,,
"Presentación del Informe Rattenbach ",22/03/2012,Argentina,Buenos Aires,,Residencia Presidencial de Olivos,Malvinas,"""D:\Nueva carpeta\OneDrive\Jellyfin\2012\CFK-20120322-01.mp4""",CFK-20120322-01,,,,No,🎥 Video disponible,https://goo.su/N039o,	 https://goo.su/N039o
Anuncio de la modernización del sistema de DNI y firma de acuerdos con la CAF,26/03/2012,Argentina,Capital Federal,,Casa de Gobierno - Salón de las Mujeres Argentinas del Bicentenario,,"""D:\Nueva carpeta\OneDrive\Jellyfin\2012\CFK-20120326-01.mp4""",CFK-20120326-01,,,,No,🎥 Video disponible,,
Presentación del Anteproyecto de nuevo Código Civil y Comercial unificado,27/03/2012,Argentina,Capital Federal,,Casa de Gobierno - Museo del Bicentenario,,"""D:\Nueva carpeta\OneDrive\Jellyfin\2012\CFK-20120327-01.mp4""",CFK-20120327-01,,,,No,🎥 Video disponible,,
Arribo al Aeropuerto de San Julián,29/03/2012,Argentina,Santa Cruz,San Julián,,Conferencias de prensa y entrevistas,,CFK-20120329-03,,,,No,🔍 Buscar video,,
"Inauguración de la mina subterránea en San Julián ",29/03/2012,Argentina,Santa Cruz,San Julián,,,"""D:\Nueva carpeta\OneDrive\Jellyfin\2012\CFK-20120329-02.mp4""",CFK-20120329-02,,,,No,🎥 Video disponible,,
Anuncios sobre traspaso de transporte urbano al Gobierno de la Ciudad de Buenos Aires,29/03/2012,Argentina,Capital Federal,,Casa de Gobierno - Salón Sur,,"""D:\Nueva carpeta\OneDrive\Jellyfin\2012\CFK-20120329-01.mp4""",CFK-20120329-01,,,,No,🎥 Video disponible,,
Día del veterano y de los caídos en la guerra de Malvinas,02/04/2012,Argentina,Tierra del Fuego Antártida e Islas del Atlántico Sur,Ushuaia,,Malvinas,"""D:\Nueva carpeta\OneDrive\Jellyfin\2012\CFK-20120402-01.mp4""",CFK-20120402-01,,,,No,🎥 Video disponible,https://goo.su/T4SpG1f,https://goo.su/T4SpG1f
Anuncio de obras en Bariloche,04/04/2012,Argentina,Río Negro,Bariloche,,,"""D:\Nueva carpeta\OneDrive\Jellyfin\2012\CFK-20120404-01.mp4""",CFK-20120404-01,,,,No,🎥 Video disponible,,
"Anuncio de programa de créditos para compra de camiones ",10/04/2012,Argentina,Capital Federal,,Casa de Gobierno - Salón de las Mujeres Argentinas del Bicentenario,,"""D:\Nueva carpeta\OneDrive\Jellyfin\2012\CFK-20120410-01.mp4""",CFK-20120410-01,,,,No,🎥 Video disponible,,
"Anuncio de medidas para la industria frigorífica ",13/04/2012,Argentina,Capital Federal,,Casa de Gobierno - Salón de las Mujeres Argentinas del Bicentenario,,"""D:\Nueva carpeta\OneDrive\Jellyfin\2012\CFK-20120413-01.mp4""",CFK-20120413-01,,,,No,🎥 Video disponible,,
"Anunció del proyecto de ley de expropiación de YPF ",16/04/2012,Argentina,Capital Federal,,Casa de Gobierno - Salón de las Mujeres Argentinas del Bicentenario,YPF,"""D:\Nueva carpeta\OneDrive\Jellyfin\2012\CFK-20120416-01.mp4""",CFK-20120416-01,,,,No,🎥 Video disponible,,
Lanzamiento del canal Tecnópolis TV,18/04/2012,Argentina,Buenos Aires,Vicente López,Tecnópolis,,"""D:\Nueva carpeta\OneDrive\Jellyfin\2012\CFK-20120418-01.mp4""",CFK-20120418-01,,,,No,🎥 Video disponible,,
"Inauguración del parque de generación fotovoltaica en San Juan ",19/04/2012,Argentina,San Juan,"Cañada Honda, San Juan",,,"""D:\Nueva carpeta\OneDrive\Jellyfin\2012\CFK-20120419-01.mp4""",CFK-20120419-01,,,,No,🎥 Video disponible,,
"Carta de la Sra. Presidenta, leída por el Canciller en el acto de reconocimiento a la política de derechos humanos del Presidente Néstor Kirchner por parte de la Universidad de Padua",20/04/2012,Italia,,Padua,,,,CFK-20120420-02,,,,No,🔍 Buscar video,,
"Licitación de nuevo complejo hidroeléctrico sobre el río Santa Cruz ",20/04/2012,Argentina,Santa Cruz,Comandante Luis Piedrabuena,,,"""D:\Nueva carpeta\OneDrive\Jellyfin\2012\CFK-20120420-01.mp4""",CFK-20120420-01,,,,No,🎥 Video disponible,,
Simposio Fronteras en Biociencia,23/04/2012,Argentina,Capital Federal,,,Conferencias y disertaciones,"""D:\Nueva carpeta\OneDrive\Jellyfin\2012\CFK-20120423-01.mp4""",CFK-20120423-01,,,,No,🎥 Video disponible,,
Inauguración de escuela secundaria en San Antonio de Areco,24/04/2012,Argentina,Buenos Aires,San Antonio de Areco,,,"""D:\Nueva carpeta\OneDrive\Jellyfin\2012\CFK-20120424-01.mp4""",CFK-20120424-01,,,,No,🎥 Video disponible,,
Ampliación de la planta de Pirelli en Merlo,25/04/2012,Argentina,Buenos Aires,Merlo,,,"""D:\Nueva carpeta\OneDrive\Jellyfin\2012\CFK-20120425-01.mp4""",CFK-20120425-01,,,,No,🎥 Video disponible,,
30º Aniversario del hundimiento del Crucero General Belgrano e inauguración Patio Malvinas Argentinas,02/05/2012,Argentina,Capital Federal,,Casa de Gobierno - Patio Malvinas Argentinas,Malvinas,"""D:\Nueva carpeta\OneDrive\Jellyfin\2012\CFK-20120502-01.mp4""",CFK-20120502-01,,,,No,🎥 Video disponible,https://goo.su/bZ6qU,	 https://goo.su/bZ6qU
Inauguración de la planta faenadora de pollos de Coto,03/05/2012,Argentina,Buenos Aires,Esteban Echeverría,,,"""D:\Nueva carpeta\OneDrive\Jellyfin\2012\CFK-20120503-01.mp4""",CFK-20120305-01,,,,No,🎥 Video disponible,,
Promulgación de la ley que declara de interés público el abastecimiento de hidrocarburos,04/05/2012,Argentina,Capital Federal,,Casa de Gobierno - Salón de las Mujeres Argentinas del Bicentenario,,"""D:\Nueva carpeta\OneDrive\Jellyfin\2012\CFK-20120504-01.mp4""",CFK-20120504-01,,,,No,🎥 Video disponible,,
Inauguración del Salón Eva Perón de Casa de Gobierno,07/05/2012,Argentina,Capital Federal,,Casa de Gobierno - Salón Eva Perón,Inauguraciones de salas y salones en Casa de Gobierno,"""D:\Nueva carpeta\OneDrive\Jellyfin\2012\CFK-20120507-01.mp4""",CFK-20120507-01,,,,No,🎥 Video disponible,,
"Inauguración de la Planta Potabilizadora General Belgrano en Quilmes ",08/05/2012,Argentina,Buenos Aires,Quilmes,,,"""D:\Nueva carpeta\OneDrive\Jellyfin\2012\CFK-20120508-01.mp4""",CFK-20120508-01,,,,No,🎥 Video disponible,,
Entrega de certificados de elegibilidad del Programa de financiamiento productivo del Bicentenario,10/05/2012,Argentina,Capital Federal,,Casa de Gobierno - Salón de las Mujeres Argentinas del Bicentenario,,"""D:\Nueva carpeta\OneDrive\Jellyfin\2012\CFK-20120510-01.mp4""",CFK-20120510-01,,,,No,🎥 Video disponible,,
Inauguración de la nueva línea de producción de chocolates Milka,15/05/2012,Argentina,Buenos Aires,San Fernando,,,"""D:\Nueva carpeta\OneDrive\Jellyfin\2012\CFK-20120515-01.mp4""",CFK-20120515-01,,,,No,🎥 Video disponible,,
"Inauguración de la Sala de la Juventud Néstor Kirchner ",15/05/2012,Argentina,Capital Federal,,Congreso de la Nación,Homenajes y conmemoraciones,"""D:\Nueva carpeta\OneDrive\Jellyfin\2012\CFK-20120515-02.mp4""",CFK-20120515-02,,,,No,🎥 Video disponible,,
"Visita al recinto ferial de productos argentinos, en Luanda, República de Angola",18/05/2012,Angola,,Luanda,,Viajes al exterior,,CFK-20120518-05,,,,No,🔍 Buscar video,,
"Recorrida por la Feria de Productos Argentinos en Luanda, Angola",18/05/2012,Angola,,Luanda,,Conferencias de prensa y entrevistas,,CFK-20120518-06,,,,No,🔍 Buscar video,,
Presentación ante la Asamblea Legislativa de Angola,18/05/2012,Angola,,Luanda,,Viajes al exterior,"""D:\Nueva carpeta\OneDrive\Jellyfin\2012\CFK-20120518-03.mp4""",CFK-20120518-03,,,,No,🎥 Video disponible,,
Reunión bilateral con el Presidente de Angola,18/05/2012,Angola,,Luanda,,Viajes al exterior,"""D:\Nueva carpeta\OneDrive\Jellyfin\2012\CFK-20120518-02.mp4""",CFK-20120518-02,,,,No,🎥 Video disponible,,
Almuerzo de la Presidenta con su par de Angola,18/05/2012,Angola,,Luanda,,Viajes al exterior,"""D:\Nueva carpeta\OneDrive\Jellyfin\2012\CFK-20120518-01.mp4""",CFK-20120518-01,,,,No,🎥 Video disponible,,
"Inauguración de la Feria Internacional de Productos Argentinos, en Luanda, República de Angola",18/05/2012,Angola,,Luanda,,Viajes al exterior,"""D:\Nueva carpeta\OneDrive\Jellyfin\2012\CFK-20120518-04.mp4""",CFK-20120518-04,,,,No,🎥 Video disponible,,
202° aniversario de la revolución de mayo,25/05/2012,Argentina,Río Negro,Bariloche,,Revolución de mayo,"""D:\Nueva carpeta\OneDrive\Jellyfin\2012\CFK-20120525-01.mp4""",CFK-20120525-01,,,,No,🎥 Video disponible,https://goo.su/TjpumrJ,https://goo.su/TjpumrJ
"Entrega de microcréditos sociales ",29/05/2012,Argentina,Capital Federal,,Casa de Gobierno - Museo del Bicentenario,,"""D:\Nueva carpeta\OneDrive\Jellyfin\2012\CFK-20120529-01.mp4""",CFK-20120529-01,,,,No,🎥 Video disponible,,
Acto conmemorativo del 25° aniversario de Página 12,30/05/2012,Argentina,Capital Federal,,Ex ESMA,,"""D:\Nueva carpeta\OneDrive\Jellyfin\2012\CFK-20120530-01.mp4""",CFK-20120530-01,,,,No,🎥 Video disponible,,
Resolución en defensa de los consumidores de telefonía celular,31/05/2012,Argentina,Capital Federal,,Casa de Gobierno - Salón de las Mujeres Argentinas del Bicentenario,,"""D:\Nueva carpeta\OneDrive\Jellyfin\2012\CFK-20120531-01.mp4""",CFK-20120531-01,,,,No,🎥 Video disponible,,
"Acto de reivindicación del caudillo Felipe Varela ",04/06/2012,Argentina,Catamarca,San Fernando del Valle de Catamarca,,Homenajes y conmemoraciones,"""D:\Nueva carpeta\OneDrive\Jellyfin\2012\CFK-20120604-01.mp4""",CFK-20120604-01,,,,No,🎥 Video disponible,,
Encuentro con el nuevo directorio de YPF,05/06/2012,Argentina,Capital Federal,,,YPF,"""D:\Nueva carpeta\OneDrive\Jellyfin\2012\CFK-20120605-01.mp4""",CFK-20120605-01,,,,No,🎥 Video disponible,,
Anuncio de la creación del Ministerio del Interior y Transporte,06/06/2012,Argentina,Capital Federal,,Casa de Gobierno - Salón de las Mujeres Argentinas del Bicentenario,,"""D:\Nueva carpeta\OneDrive\Jellyfin\2012\CFK-20120606-02.mp4""",CFK-20120606-02,,,,No,🎥 Video disponible,,
"Ascenso post mortem al teniente de fragata Jorge Devoto ",06/06/2012,Argentina,Capital Federal,,,Homenajes y conmemoraciones,"""D:\Nueva carpeta\OneDrive\Jellyfin\2012\CFK-20120606-01.mp4""",CFK-20120606-01,,,,No,🎥 Video disponible,,
"Inauguración de un laboratorio de la Universidad de Lanús ",07/06/2012,Argentina,Buenos Aires,Lanús,Universidad Nacional de Lanús,Universidades Nacionales,"""D:\Nueva carpeta\OneDrive\Jellyfin\2012\CFK-20120607-01.mp4""",CFK-20120607-01,,,,No,🎥 Video disponible,,
Creación del Programa de Crédito Argentino del Bicentenario,12/06/2012,Argentina,Capital Federal,,Casa de Gobierno - Museo del Bicentenario,,"""D:\Nueva carpeta\OneDrive\Jellyfin\2012\CFK-20120612-01.mp4""",CFK-20120612-01,,,,No,🎥 Video disponible,,
Sesión del Comité de Descolonización de la ONU,14/06/2012,Estados Unidos,,Nueva York,Sede de las Naciones Unidas,Naciones Unidas,"""D:\Nueva carpeta\OneDrive\Jellyfin\2012\CFK-20120614-02.mp4""",CFK-20120614-02,,,,No,🎥 Video disponible,,
Almuerzo en el Council de las Américas,15/06/2012,Estados Unidos,,Nueva York,Consejo de las Américas,Consejo de las Américas,,CFK-20120615-01,,,,No,🔍 Buscar video,,
Declaraciones a la prensa con motivo del golpe en Paraguay,22/06/2012,Argentina,Capital Federal,,Casa de Gobierno,Conferencias de prensa y entrevistas,"""D:\Nueva carpeta\OneDrive\Jellyfin\2012\CFK-20120622-01.mp4""",CFK-20120622-01,,,,No,🎥 Video disponible,,
Cena en honor al premier chino Wen Jiabao,24/06/2012,Argentina,Capital Federal,,Casa de Gobierno - Museo del Bicentenario,Visitas de mandatarios extranjeros,"""D:\Nueva carpeta\OneDrive\Jellyfin\2012\CFK-20120624-02.mp4""",CFK-20120624-02,,,,No,🎥 Video disponible,,
40º aniversario de las relaciones diplomáticas entre Argentina y China,24/06/2012,Argentina,Capital Federal,,Casa de Gobierno - Museo del Bicentenario,Visitas de mandatarios extranjeros,"""D:\Nueva carpeta\OneDrive\Jellyfin\2012\CFK-20120624-01.mp4""",CFK-20120624-01,,,,No,🎥 Video disponible,,
"Videoconferencia con los presidentes de Brasil y Uruguay, y el primer ministro de China",25/06/2012,Argentina,Capital Federal,,Casa de Gobierno - Salón de las Mujeres Argentinas del Bicentenario,Visitas de mandatarios extranjeros,"""D:\Nueva carpeta\OneDrive\Jellyfin\2012\CFK-20120625-01.mp4""",CFK-20120625-01,,,,No,🎥 Video disponible,,
Lanzamiento de un nuevo plan de créditos para los jubilados (ARGENTA),26/06/2012,Argentina,Capital Federal,,Casa de Gobierno - Salón de las Mujeres Argentinas del Bicentenario,,"""D:\Nueva carpeta\OneDrive\Jellyfin\2012\CFK-20120626-02.mp4""",CFK-20120626-02,,,,No,🎥 Video disponible,,
Saludo a los atletas argentinos que competirán en Londres 2012,26/06/2012,Argentina,Capital Federal,,Casa de Gobierno - Salón de las Mujeres Argentinas del Bicentenario,Deporte,"""D:\Nueva carpeta\OneDrive\Jellyfin\2012\CFK-20120626-01.mp4""",CFK-20120626-01,,,,No,🎥 Video disponible,,
Visita a la provincia de San Luis,27/06/2012,Argentina,San Luis,San Luis,,,,CFK-20120627-01,,,,No,🔍 Buscar video,,
"Inauguración de un emprendimiento de producción porcina en la localidad de Juan Llerena, departamento Pedernera, provincia de San Luis ",27/06/2012,Argentina,San Luis,"Juan Llerena, San Luis",,,,CFK-20120627-02,,,,No,🔍 Buscar video,,
Cena en honor a los jefes de estado de la Cumbre del Mercosur,28/06/2012,Argentina,Mendoza,"Godoy Cruz, Mendoza",,MERCOSUR,"""D:\Nueva carpeta\OneDrive\Jellyfin\2012\CFK-20120628-01.mp4""",CFK-20120628-01,,,,No,🎥 Video disponible,,
"Declaraciones a los medios ofrecida en el Hotel Intercontinental, Mendoza",29/06/2012,Argentina,Mendoza,"Guaymallén, Mendoza",,Conferencias de prensa y entrevistas,,CFK-20120629-03,,,,No,🔍 Buscar video,,
"Clausura de la Cumbre de Jefes y Jefas de Estado del Mercosur y Estados Asociados, en la provincia de Mendoza",29/06/2012,Argentina,Mendoza,"Guaymallén, Mendoza",,MERCOSUR,"""D:\Nueva carpeta\OneDrive\Jellyfin\2012\CFK-20120629-01.mp4""",CFK-20120629-01,,,,No,🎥 Video disponible,,
Apertura de la Cumbre de Jefas y Jefes de Estado del Mercosur y Estados asociados en la provincia de Mendoza,29/06/2012,Argentina,Mendoza,"Guaymallén, Mendoza",,MERCOSUR,"""D:\Nueva carpeta\OneDrive\Jellyfin\2012\CFK-20120629-02.mp4""",CFK-20120629-02,,,,No,🎥 Video disponible,,
"Entrega de DNI con reconocimiento del derecho a la identidad ",02/07/2012,Argentina,Capital Federal,,Casa de Gobierno - Salón de las Mujeres Argentinas del Bicentenario,,"""D:\Nueva carpeta\OneDrive\Jellyfin\2012\CFK-20120702-01.mp4""",CFK-20120702-01,,,,No,🎥 Video disponible,,
"Firma de convenio con Caritas para construcción de viviendas ",03/07/2012,Argentina,Capital Federal,,Casa de Gobierno - Salón de las Mujeres Argentinas del Bicentenario,,"""D:\Nueva carpeta\OneDrive\Jellyfin\2012\CFK-20120703-01.mp4""",CFK-20120703-01,,,,No,🎥 Video disponible,,
"Videoconferencias con Chivilcoy, Avellaneda, La Plata y Entre Ríos",04/07/2012,Argentina,Capital Federal,,Casa de Gobierno - Salón de las Mujeres Argentinas del Bicentenario,,"""D:\Nueva carpeta\OneDrive\Jellyfin\2012\CFK-20120704-01.mp4""",CFK-20120704-01,,,,No,🎥 Video disponible,,
"83 aniversario de la inauguración de la Superusina Puerto Nuevo ",05/07/2012,Argentina,Capital Federal,,,,"""D:\Nueva carpeta\OneDrive\Jellyfin\2012\CFK-20120705-01.mp4""",CFK-20120705-01,,,,No,🎥 Video disponible,,
"196° aniversario de la declaración de la independencia ",09/07/2012,Argentina,Tucumán,San Miguel de Tucumán,,9 de julio,,CFK-20120709-01,,,,No,🔍 Buscar video,,
Cena de Camaradería de las Fuerzas Armadas,10/07/2012,Argentina,Capital Federal,,Edificio Libertador,Fuerzas Armadas,"""D:\Nueva carpeta\OneDrive\Jellyfin\2012\CFK-20120710-01.mp4""",CFK-20120710-01,,,,No,🎥 Video disponible,,
Inauguración de las obras para la nueva planta de AGCO,11/07/2012,Argentina,Buenos Aires,General Rodríguez,,,"""D:\Nueva carpeta\OneDrive\Jellyfin\2012\CFK-20120711-01.mp4""",CFK-20120711-01,,,,No,🎥 Video disponible,,
Inauguración de la muestra Tecnópolis 2012,12/07/2012,Argentina,Buenos Aires,Vicente López,Tecnópolis,,"""D:\Nueva carpeta\OneDrive\Jellyfin\2012\CFK-20120712-01.mp4""",CFK-20120712-01,,,,No,🎥 Video disponible,,
Entrega de premios y subsidios a productores agrícolas en el Mercado Central,16/07/2012,Argentina,Buenos Aires,La Matanza,,,"""D:\Nueva carpeta\OneDrive\Jellyfin\2012\CFK-20120716-02.mp4""",CFK-20120716-02,,,,No,🎥 Video disponible,,
Encuentro con dirigentes sindicales en Casa de Gobierno,16/07/2012,Argentina,Capital Federal,,Casa de Gobierno - Salón Eva Perón,,"""D:\Nueva carpeta\OneDrive\Jellyfin\2012\CFK-20120716-01.mp4""",CFK-20120716-01,,,,No,🎥 Video disponible,,
"Arribo a la Ciudad de Cochabamba, Bolivia ",17/07/2012,Bolivia,,Cochabamba,,Viajes al exterior,,CFK-20120717-01,,,,No,🔍 Buscar video,,
Cena en honor a la visita de la Presidenta Cristina Fernández al Estado Plurinacional de Bolivia,17/07/2012,Bolivia,,Cochabamba,,Viajes al exterior,"""D:\Nueva carpeta\OneDrive\Jellyfin\2012\CFK-20120717-01.mp4""",CFK-20120717-02,,,,No,🎥 Video disponible,,
Firma de convenios entre la República Argentina y el Estado Plurinacional de Bolivia,18/07/2012,Bolivia,,Cochabamba,,Viajes al exterior,"""D:\Nueva carpeta\OneDrive\Jellyfin\2012\CFK-20120718-01.mp4""",CFK-20120718-01,,,,No,🎥 Video disponible,,
Anuncio sobre sectores de minería e infraestructura,19/07/2012,Argentina,Capital Federal,,Casa de Gobierno - Salón de las Mujeres Argentinas del Bicentenario,,"""D:\Nueva carpeta\OneDrive\Jellyfin\2012\CFK-20120719-01.mp4""",CFK-20120719-01,,,,No,🎥 Video disponible,,
Inauguración de la planta de fabricación de lavarropas Mabe,23/07/2012,Argentina,Buenos Aires,Morón,,,"""D:\Nueva carpeta\OneDrive\Jellyfin\2012\CFK-20120723-01.mp4""",CFK-20120723-01,,,,No,🎥 Video disponible,,
"Inauguración del Aeropuerto Internacional de Termas de Río Hondo ",24/07/2012,Argentina,Santiago del Estero,Termas de Río Hondo,,,"""D:\Nueva carpeta\OneDrive\Jellyfin\2012\CFK-20120724-02.mp4""",CFK-20120724-02,,,,No,🎥 Video disponible,,
"Inauguración del Forum Santiago del Estero ",24/07/2012,Argentina,Santiago del Estero,,,,"""D:\Nueva carpeta\OneDrive\Jellyfin\2012\CFK-20120724-01.mp4""",CFK-20120724-01,,,,No,🎥 Video disponible,,
"Presentación del billete con la efigie de Eva Perón ",25/07/2012,Argentina,Capital Federal,,Casa de Gobierno - Salón de las Mujeres Argentinas del Bicentenario,Evita,"""D:\Nueva carpeta\OneDrive\Jellyfin\2012\CFK-20120725-01.mp4""",CFK-20120725-01,,,,No,🎥 Video disponible,,
Acto con beneficiarios del Programa BEC.AR,26/07/2012,Argentina,Capital Federal,,Casa de Gobierno - Salón de los Científicos,,"""D:\Nueva carpeta\OneDrive\Jellyfin\2012\CFK-20120726-01.mp4""",CFK-20120726-01,,,,No,🎥 Video disponible,,
"60 aniversario del fallecimiento de Eva Perón ",26/07/2012,Argentina,Buenos Aires,José C. Paz,,Evita,"""D:\Nueva carpeta\OneDrive\Jellyfin\2012\CFK-20120726-02.mp4""",CFK-20120726-02,,,,No,🎥 Video disponible,,
Declaraciones a los periodistas,27/07/2012,Argentina,Capital Federal,,Casa de Gobierno,Conferencias de prensa y entrevistas,,CFK-20120727-01,,,,No,🔍 Buscar video,,
"Acuerdo con la AFA sobre prevención de la violencia ",30/07/2012,Argentina,Capital Federal,,Casa de Gobierno - Salón de las Mujeres Argentinas del Bicentenario,Deporte,"""D:\Nueva carpeta\OneDrive\Jellyfin\2012\CFK-20120730-01.mp4""",CFK-20120730-01,,,,No,🎥 Video disponible,,
Declaración conjunta sobre la Cumbre del Mercosur,31/07/2012,Brasil,,Brasilia,,MERCOSUR,"""D:\Nueva carpeta\OneDrive\Jellyfin\2012\CFK-20120731-03.mp4""",CFK-20120731-03,,,,No,🎥 Video disponible,,
Cumbre del Mercosur en Brasilia,31/07/2012,Brasil,,Brasilia,,MERCOSUR,"""D:\Nueva carpeta\OneDrive\Jellyfin\2012\CFK-20120731-01.mp4""",CFK-20120731-01,,,,No,🎥 Video disponible,,
Acuerdo energético con Venezuela,31/07/2012,Brasil,,Brasilia,,Viajes al exterior,"""D:\Nueva carpeta\OneDrive\Jellyfin\2012\CFK-20120731-02.mp4""",CFK-20120731-02,,,,No,🎥 Video disponible,,
"158 aniversario de la Bolsa de Comercio de Buenos Aires ",02/08/2012,Argentina,Capital Federal,,Bolsa de Comercio de Buenos Aires,,"""D:\Nueva carpeta\OneDrive\Jellyfin\2012\CFK-20120802-01.mp4""",CFK-20120802-01,,,,No,🎥 Video disponible,,
Presentación de la segunda etapa del Plan Nacer,06/08/2012,Argentina,Capital Federal,,Casa de Gobierno - Salón de las Mujeres Argentinas del Bicentenario,,"""D:\Nueva carpeta\OneDrive\Jellyfin\2012\CFK-20120806-01.mp4""",CFK-20120806-01,,,,No,🎥 Video disponible,,
Inauguración de un complejo educativo bilingüe en Chaco,07/08/2012,Argentina,Capital Federal,,Casa de Gobierno - Salón de las Mujeres Argentinas del Bicentenario,,"""D:\Nueva carpeta\OneDrive\Jellyfin\2012\CFK-20120807-01.mp4""",CFK-20120807-01,,,,No,🎥 Video disponible,,
Inauguración de la planta de Hidrotratamiento de Gasoil de YPF,09/08/2012,Argentina,Buenos Aires,Ensenada,,YPF,"""D:\Nueva carpeta\OneDrive\Jellyfin\2012\CFK-20120809-01.mp4""",CFK-20120809-01,,,,No,🎥 Video disponible,,
"Disertación junto al premio Nobel de Economía, Joseph Stiglitz",13/08/2012,Argentina,Capital Federal,,Casa de Gobierno - Museo del Bicentenario,Conferencias y disertaciones,"""D:\Nueva carpeta\OneDrive\Jellyfin\2012\CFK-20120813-01.mp4""",CFK-20120813-01,,,,No,🎥 Video disponible,,
Lanzamiento de nueva línea de producción de tractores y cosechadoras John Deere,14/08/2012,Argentina,Capital Federal,,Casa de Gobierno - Salón de las Mujeres Argentinas del Bicentenario,,"""D:\Nueva carpeta\OneDrive\Jellyfin\2012\CFK-20120814-01.mp4""",CFK-20120814-01,,,,No,🎥 Video disponible,,
Recibimiento a atletas olímpicos de Londres 2012,15/08/2012,Argentina,Capital Federal,,Casa de Gobierno - Salón de las Mujeres Argentinas del Bicentenario,Deporte,"""D:\Nueva carpeta\OneDrive\Jellyfin\2012\CFK-20120815-01.mp4""",CFK-20120815-01,,,,No,🎥 Video disponible,,
"Entrega de distinciones a científicos ",15/08/2012,Argentina,Capital Federal,,Casa de Gobierno - Salón de las Mujeres Argentinas del Bicentenario,,,CFK-20120815-02,,,,No,🔍 Buscar video,,
Homenaje a Envar El Kadri,21/08/2012,Argentina,Capital Federal,,,Homenajes y conmemoraciones,"""D:\Nueva carpeta\OneDrive\Jellyfin\2012\CFK-20120821-01.mp4""",CFK-20120821-01,,,,No,🎥 Video disponible,,
"Llamado a licitación para el sistema de presas hidroeléctricas Néstor Kirchner y Jorge Cepernic ",21/08/2012,Argentina,Capital Federal,,,,"""D:\Nueva carpeta\OneDrive\Jellyfin\2013\CFK-20130121-02.mp4""",CFK-20120822-02,,,,No,🎥 Video disponible,,
179º aniversario del izamiento de la bandera argentina en Malvinas,24/08/2012,Argentina,Capital Federal,,Casa de Gobierno - Salón de las Mujeres Argentinas del Bicentenario,Malvinas,"""D:\Nueva carpeta\OneDrive\Jellyfin\2012\CFK-20120824-01.mp4""",CFK-20120824-01,,,,No,🎥 Video disponible,https://goo.su/wacu,https://goo.su/wacu
Declaraciones en Tecnópolis,27/08/2012,Argentina,Buenos Aires,Vicente López,Tecnópolis,Conferencias de prensa y entrevistas,"""D:\Nueva carpeta\OneDrive\Jellyfin\2012\CFK-20120827-01.mp4""",CFK-20120827-01,,,,No,🎥 Video disponible,,
Acto de entrega de diplomas de extensión universitaria en Tecnópolis,27/08/2012,Argentina,Buenos Aires,Vicente López,Tecnópolis,,"""D:\Nueva carpeta\OneDrive\Jellyfin\2012\CFK-20120827-02.mp4""",CFK-20120827-02,,,,No,🎥 Video disponible,,
Acto de lanzamiento del Plan de Marketing Internacional Argentino 2012/13,28/08/2012,Argentina,Capital Federal,,Casa de Gobierno - Salón de las Mujeres Argentinas del Bicentenario,,"""D:\Nueva carpeta\OneDrive\Jellyfin\2012\CFK-20120828-01.mp4""",CFK-20120828-01,,,,No,🎥 Video disponible,,
Lanzamiento del Polo Audiovisual Isla Demarchi,29/08/2012,Argentina,Capital Federal,,Casa de Gobierno - Museo del Bicentenario,,"""D:\Nueva carpeta\OneDrive\Jellyfin\2012\CFK-20120829-02.mp4""",CFK-20120829-02,,,,No,🎥 Video disponible,,
Consejo del salario,29/08/2012,Argentina,Capital Federal,,Ministerio de Trabajo,,"""D:\Nueva carpeta\OneDrive\Jellyfin\2012\CFK-20120829-01.mp4""",CFK-20120829-01,,,,No,🎥 Video disponible,,
Inauguración de cuatro tramos de la Autovía Ruta Nacional 14 en Concordia,30/08/2012,Argentina,Entre Ríos,Concordia,,,"""D:\Nueva carpeta\OneDrive\Jellyfin\2012\CFK-20120830-01.mp4""",CFK-20120830-01,,,,No,🎥 Video disponible,,
Día de la Industria,03/09/2012,Argentina,Buenos Aires,Vicente López,Tecnópolis,Día de la industria,"""D:\Nueva carpeta\OneDrive\Jellyfin\2012\CFK-20120903-01.mp4""",CFK-20120903-01,,,,No,🎥 Video disponible,,
"Acto por obras ambientales ",06/09/2012,Argentina,Capital Federal,,Casa de Gobierno - Salón de las Mujeres Argentinas del Bicentenario,,"""D:\Nueva carpeta\OneDrive\Jellyfin\2012\CFK-20120906-01.mp4""",CFK-20120906-01,,,,No,🎥 Video disponible,,
Entrega de viviendas en el Barrio Almafuerte de La Matanza,11/09/2012,Argentina,Buenos Aires,La Matanza,,,"""D:\Nueva carpeta\OneDrive\Jellyfin\2012\CFK-20120911-01.mp4""",CFK-20120911-01,,,,No,🎥 Video disponible,,
Anuncio de nuevas medidas de gobierno,12/09/2012,Argentina,Capital Federal,,Casa de Gobierno - Salón de las Mujeres Argentinas del Bicentenario,,"""D:\Nueva carpeta\OneDrive\Jellyfin\2012\CFK-20120912-01.mp4""",CFK-20120912-01,,,,No,🎥 Video disponible,,
Visita a la provincia de San Juan,13/09/2012,Argentina,San Juan,"Pocito, San Juan",,,"""D:\Nueva carpeta\OneDrive\Jellyfin\2012\CFK-20120913-01.mp4""",CFK-20120913-01,,,,No,🎥 Video disponible,,
"Anuncios laborales, de industria y comercio",19/09/2012,Argentina,Capital Federal,,Casa de Gobierno - Salón de las Mujeres Argentinas del Bicentenario,,"""D:\Nueva carpeta\OneDrive\Jellyfin\2012\CFK-20120919-01.mp4""",CFK-20120919-01,,,,No,🎥 Video disponible,,
"Programa de Crédito Argentino para la vivienda única familiar ",20/09/2012,Argentina,Capital Federal,,Casa de Gobierno - Museo del Bicentenario,,"""D:\Nueva carpeta\OneDrive\Jellyfin\2012\CFK-20120920-01.mp4""",CFK-20120920-01,,,,No,🎥 Video disponible,,
Saludo a los atletas que compitieron en los Juegos Paralímpicos 2012,21/09/2012,Argentina,Capital Federal,,Casa de Gobierno - Salón de las Mujeres Argentinas del Bicentenario,Deporte,"""D:\Nueva carpeta\OneDrive\Jellyfin\2012\CFK-20120921-01.mp4""",CFK-20120921-01,,,,No,🎥 Video disponible,,
67° Asamblea de la Organización de las Naciones Unidas,25/09/2012,Estados Unidos,,Nueva York,Sede de las Naciones Unidas,,"""D:\Nueva carpeta\OneDrive\Jellyfin\2012\CFK-20120925-01.mp4""",CFK-20120925-01,,,,No,🎥 Video disponible,https://goo.su/11agzj,https://goo.su/11agzj
Inauguración de la Cátedra Argentina en la Universidad de Georgetown,26/09/2012,Estados Unidos,,Washington,Universidad de Georgetown,Conferencias y disertaciones,,CFK-20120926-01,,,,No,🎥 Video disponible,,
Conferencia de la Presidenta ante docentes y alumnos de la Universidad de Harvard,27/09/2012,Estados Unidos,,Boston,Universidad de Harvard,Conferencias y disertaciones,,CFK-20120927-01,,,,No,🔍 Buscar video,,
"Nombramiento de Martín Sabbatella en AFSCA y entrega de Créditos del Bicentenario ",01/10/2012,Argentina,Capital Federal,,Casa de Gobierno - Salón de las Mujeres Argentinas del Bicentenario,,"""D:\Nueva carpeta\OneDrive\Jellyfin\2012\CFK-20121001-01.mp4""",CFK-20121001-01,,,,No,🎥 Video disponible,,
III Cumbre de Jefes de Estado y de Gobierno de América del Sur y Países Árabes,02/10/2012,Perú,,Lima,,Cumbre América del Sur - Países Árabes,"""D:\Nueva carpeta\OneDrive\Jellyfin\2012\CFK-20121002-01.mp4""",CFK-20121002-01,,,,No,🎥 Video disponible,,
Visita del presidente del Líbano,03/10/2012,Argentina,Capital Federal,,Casa de Gobierno - Salón Sur,Visitas de mandatarios extranjeros,"""D:\Nueva carpeta\OneDrive\Jellyfin\2012\CFK-20121003-01.mp4""",CFK-20121003-01,,,,No,🎥 Video disponible,,
Acto por el tercer aniversario de la Ley de Servicios de Comunicación Audiovisual,10/10/2012,Argentina,Capital Federal,,Casa de Gobierno - Museo del Bicentenario,,"""D:\Nueva carpeta\OneDrive\Jellyfin\2012\CFK-20121010-01.mp4""",CFK-20121010-01,,,,No,🎥 Video disponible,,
Lanzamiento del Plan de formación continua Emplear-Tec,15/10/2012,Argentina,Capital Federal,,Casa de Gobierno - Salón de las Mujeres Argentinas del Bicentenario,,"""D:\Nueva carpeta\OneDrive\Jellyfin\2012\CFK-20121015-01.mp4""",CFK-20121015-01,,,,No,🎥 Video disponible,,
Acto recordatorio del Día de la Lealtad,17/10/2012,Argentina,Capital Federal,,Casa de Gobierno - Salón de las Mujeres Argentinas del Bicentenario,17 de octubre,"""D:\Nueva carpeta\OneDrive\Jellyfin\2012\CFK-20121017-01.mp4""",CFK-20121017-01,,,,No,🎥 Video disponible,,
Ofrenda de la bandera del Operativo Cóndor en Itatí,18/10/2012,Argentina,Corrientes,Itatí,,Malvinas,"""D:\Nueva carpeta\OneDrive\Jellyfin\2012\CFK-20121018-01.mp4""",CFK-20121018-01,,,,No,🎥 Video disponible,https://goo.su/2YlGzd,https://goo.su/2YlGzd
Presentación del Plan Nacional Estratégico de Seguros,22/10/2012,Argentina,Capital Federal,,Casa de Gobierno - Museo del Bicentenario,,"""D:\Nueva carpeta\OneDrive\Jellyfin\2012\CFK-20121022-01.mp4""",CFK-20121022-01,,,,No,🎥 Video disponible,,
Conmemoración del centenario de la sanción de la Ley Sáenz,23/10/2012,Argentina,Capital Federal,,Casa de Gobierno - Museo del Bicentenario,Homenajes y conmemoraciones,,CFK-20121023-01,,,,No,🔍 Buscar video,,
Anuncio de creación de un gasoducto en el sur de Córdoba,24/10/2012,Argentina,Capital Federal,,Casa de Gobierno - Salón de los Pensadores y Escritores Argentinos,,"""D:\Nueva carpeta\OneDrive\Jellyfin\2012\CFK-20121024-01.mp4""",CFK-20121024-01,,,,No,🎥 Video disponible,,
Entrega de DNI número 20 millones,01/11/2012,Argentina,Capital Federal,,Casa de Gobierno - Salón de las Mujeres Argentinas del Bicentenario,,"""D:\Nueva carpeta\OneDrive\Jellyfin\2012\CFK-20121101-01.mp4""",CFK-20121101-01,,,,No,🎥 Video disponible,,
Presentación de Programa de Becas en Tecnópolis,05/11/2012,Argentina,Buenos Aires,Vicente López,Tecnópolis,,"""D:\Nueva carpeta\OneDrive\Jellyfin\2012\CFK-20121105-01.mp4""",CFK-20121105-01,,,,No,🎥 Video disponible,,
"Inauguración del Instituto de Matemática aplicada y entrega de premios del Concurso Dale Aceptar ",06/11/2012,Argentina,Capital Federal,,Casa de Gobierno - Salón de las Mujeres Argentinas del Bicentenario,,"""D:\Nueva carpeta\OneDrive\Jellyfin\2012\CFK-20121106-01.mp4""",CFK-20121106-01,,,,No,🎥 Video disponible,,
"Recepción a participantes de la IV Reunión Binacional de Ministros de Argentina-Chile ",08/11/2012,Argentina,Buenos Aires,,Residencia Presidencial de Olivos,,"""D:\Nueva carpeta\OneDrive\Jellyfin\2012\CFK-20121108-02.mp4""",CFK-20121108-02,,,,No,🎥 Video disponible,,
"Inauguración del Centro Cultural “Amigo Néstor”, en el municipio de Ezeiza ",08/11/2012,Argentina,Buenos Aires,Ezeiza,,,"""D:\Nueva carpeta\OneDrive\Jellyfin\2012\CFK-20121108-01.mp4""",CFK-20121108-01,,,,No,🎥 Video disponible,,
Reunión con intendentes bonaerenses,09/11/2012,Argentina,Capital Federal,,Casa de Gobierno - Salón de las Mujeres Argentinas del Bicentenario,,"""D:\Nueva carpeta\OneDrive\Jellyfin\2012\CFK-20121109-01.mp4""",CFK-20121109-01,,,,No,🎥 Video disponible,,
"Inauguración de la planta de Laminados Industriales en Villa Constitución, Santa Fe",12/11/2012,Argentina,Santa Fe,"Santa Fe, Villa Constitución",,,"""D:\Nueva carpeta\OneDrive\Jellyfin\2012\CFK-20121112-01.mp4""",CFK-20121112-01,,,,No,🎥 Video disponible,,
"Entrega del botiquín número 1.500.000, en el marco del Programa “Remediar más Redes”",14/11/2012,Argentina,Capital Federal,,Casa de Gobierno - Salón de las Mujeres Argentinas del Bicentenario,,,CFK-20121114-01,,,,No,🔍 Buscar video,,
Entrega de viviendas en General Rodríguez,15/11/2012,Argentina,Buenos Aires,General Rodríguez,,,"""D:\Nueva carpeta\OneDrive\Jellyfin\2012\CFK-20121115-01.mp4""",CFK-20121115-01,,,,No,🎥 Video disponible,,
"Inauguración del Centro Cultural de la Municipalidad de El Calafate, Santa Cruz ",16/11/2012,Argentina,Santa Cruz,El Calafate,,,,CFK-20121116-01,,,,No,🔍 Buscar video,,
Clausura de la Convención anual de la Cámara Argentina de la Construcción,19/11/2012,Argentina,Capital Federal,,,,"""D:\Nueva carpeta\OneDrive\Jellyfin\2012\CFK-20121119-01.mp4""",CFK-20121119-01,,,,No,🎥 Video disponible,,
"Día de la Soberanía Nacional ",20/11/2012,Argentina,Buenos Aires,San Pedro,,Día de la Soberanía Nacional,"""D:\Nueva carpeta\OneDrive\Jellyfin\2012\CFK-20121120-01.mp4""",CFK-20121120-01,,,,No,🎥 Video disponible,,
Inauguración del 2º Encuentro de Comunicación Audiovisual en Mar del Plata,23/11/2012,Argentina,Buenos Aires,Mar del Plata,,,"""D:\Nueva carpeta\OneDrive\Jellyfin\2012\CFK-20121123-01.mp4""",CFK-20121123-01,,,,No,🎥 Video disponible,,
"Almuerzo en honor al presidente de Perú, Ollanta Humala",27/11/2012,Argentina,Capital Federal,,Casa de Gobierno - Museo del Bicentenario,Visitas de mandatarios extranjeros,"""D:\Nueva carpeta\OneDrive\Jellyfin\2012\CFK-20121127-01.mp4""",CFK-20121127-01,,,,No,🎥 Video disponible,,
"Conferencia Anual de la Unión Industrial Argentina ",28/11/2012,Argentina,Buenos Aires,Campana,,,,CFK-20121128-01,,,,No,🔍 Buscar video,,
Llamado al segundo concurso para familias sin terreno del plan PROCREAR,29/11/2012,Argentina,Capital Federal,,Casa de Gobierno - Museo del Bicentenario,,"""D:\Nueva carpeta\OneDrive\Jellyfin\2012\CFK-20121129-01.mp4""",CFK-20121129-01,,,,No,🎥 Video disponible,,
Lanzamiento del nuevo Centro de Comando y Control de Servicios de Emergencia 911,03/12/2012,Argentina,Capital Federal,,,,"""D:\Nueva carpeta\OneDrive\Jellyfin\2012\CFK-20121203-01.mp4""",CFK-20121203-01,,,,No,🎥 Video disponible,,
"Almuerzo ofrecido en honor al presidente De Ecuador, Rafael Correa ",04/12/2012,Argentina,Capital Federal,,Casa de Gobierno - Museo del Bicentenario,Visitas de mandatarios extranjeros,"""D:\Nueva carpeta\OneDrive\Jellyfin\2012\CFK-20121204-01.mp4""",CFK-20121204-01,,,,No,🎥 Video disponible,,
"Inauguración de la Primera Expoindustria, Petróleo y Gas en Tecnópolis",05/12/2012,Argentina,Buenos Aires,Vicente López,Tecnópolis,,"""D:\Nueva carpeta\OneDrive\Jellyfin\2012\CFK-20121205-01.mp4""",CFK-20121205-01,,,,No,🎥 Video disponible,,
"Cumbre del Mercosur en Brasilia, República Federativa de Brasil ",07/12/2012,Brasil,,Brasilia,,MERCOSUR,"""D:\Nueva carpeta\OneDrive\Jellyfin\2012\CFK-20121207-01.mp4""",CFK-20121207-01,,,,No,🎥 Video disponible,,
Cumbre del Mercosur en Brasilia,07/12/2012,Brasil,,Brasilia,,MERCOSUR,"""D:\Nueva carpeta\OneDrive\Jellyfin\2012\CFK-20121207-02.mp4""",CFK-20121207-02,,,,No,🎥 Video disponible,,
"Aniversario de la Democracia y Día de los Derechos Humanos ",09/12/2012,Argentina,Capital Federal,,Plaza de Mayo,Día de los Derechos Humanos,"""D:\Nueva carpeta\OneDrive\Jellyfin\2012\CFK-20121209-01.mp4""",CFK-20121209-01,,,,No,🎥 Video disponible,,
"Inauguración de la exposición Pesebres de San Pedro en Argentina ",10/12/2012,Argentina,Capital Federal,,Casa de Gobierno - Museo del Bicentenario,,"""D:\Nueva carpeta\OneDrive\Jellyfin\2012\CFK-20121210-01.mp4""",CFK-20121210-01,,,,No,🎥 Video disponible,,
Inauguración de la planta del Laboratorio Sinergium Biotech,12/12/2012,Argentina,Buenos Aires,Escobar,,,"""D:\Nueva carpeta\OneDrive\Jellyfin\2012\CFK-20121212-01.mp4""",CFK-20121212-01,,,,No,🎥 Video disponible,,
"Inauguración de 17 nuevas estaciones de TV Digital Abierta (TDA) ",13/12/2012,Argentina,Buenos Aires,Tigre,,,"""D:\Nueva carpeta\OneDrive\Jellyfin\2012\CFK-20121213-01.mp4""",CFK-20121213-01,,,,No,🎥 Video disponible,,
Ceremonia de egreso de oficiales de las Fuerzas Armadas,17/12/2012,Argentina,Buenos Aires,El Palomar,Colegio Militar de la Nación,Fuerzas Armadas,"""D:\Nueva carpeta\OneDrive\Jellyfin\2012\CFK-20121217-01.mp4""",CFK-20121217-01,,,,No,🎥 Video disponible,,
Entrega de aportes no reintegrables a Parques Industriales,18/12/2012,Argentina,Capital Federal,,Casa de Gobierno - Salón de las Mujeres Argentinas del Bicentenario,,"""D:\Nueva carpeta\OneDrive\Jellyfin\2012\CFK-20121218-01.mp4""",CFK-20121218-01,,,,No,🎥 Video disponible,,
Presentación de autobombas para el Plan Nacional del Manejo del Fuego y firma de adjudicación de licitación para la fabricación de 600.000 netbooks del Plan Conectar Igualdad,27/12/2012,Argentina,Capital Federal,,Casa de Gobierno - Salón de las Mujeres Argentinas del Bicentenario,,"""D:\Nueva carpeta\OneDrive\Jellyfin\2012\CFK-20121227-01.mp4""",CFK-20121227-01,,,,No,🎥 Video disponible,,
Recepción de la Fragata Libertad,09/01/2013,Argentina,Buenos Aires,Mar del Plata,,,"""D:\Nueva carpeta\OneDrive\Jellyfin\2013\CFK-20130109-01.mp4""",CFK-20130109-01,,,,No,🎥 Video disponible,,
Anuncios para el sector ferroviario y obras educativas,10/01/2013,Argentina,Capital Federal,,Casa de Gobierno - Salón de las Mujeres Argentinas del Bicentenario,,"""D:\Nueva carpeta\OneDrive\Jellyfin\2013\CFK-20130110-01.mp4""",CFK-20130110-01,,,,No,🎥 Video disponible,,
Visita a Cuba,11/01/2013,Cuba,,La Habana,,Viajes al exterior,"""D:\Nueva carpeta\OneDrive\Jellyfin\2013\CFK-20130110-01.mp4""",CFK-20131101-01,,,,No,🎥 Video disponible,,
"Cumbre Mundial de Energía en Abu Dhabi ",15/01/2013,Emiratos Árabes Unidos,,,,Viajes al exterior,"""D:\Nueva carpeta\OneDrive\Jellyfin\2013\CFK-20130115-01.mp4""",CFK-20130115-01,,,,No,🎥 Video disponible,,
Firma de acuerdos con el Presidente de Indonesia,17/01/2013,Indonesia,,Yakarta,,Viajes al exterior,"""D:\Nueva carpeta\OneDrive\Jellyfin\2013\CFK-20130117-02.mp4""",CFK-20130117-02,,,,No,🎥 Video disponible,,
Cena ofrecida en su honor por el Presidente de Indonesia,17/01/2013,Indonesia,,Yakarta,,Viajes al exterior,"""D:\Nueva carpeta\OneDrive\Jellyfin\2013\CFK-20130117-01.mp4""",CFK-20130117-01,,,,No,🎥 Video disponible,,
"Audiencia con Le Hoang Quan, Presidente del Comité Popular",19/01/2013,Vietnam,,Ho Chi Minh,,Viajes al exterior,"""D:\Nueva carpeta\OneDrive\Jellyfin\2013\CFK-20130119-01.mp4""",CFK-20130119-01,,,,No,🎥 Video disponible,,
Declaraciones durante el recorrido por los túneles de Cu Chi,19/01/2013,Vietnam,,Ho Chi Minh,,Conferencias de prensa y entrevistas,"""D:\Nueva carpeta\OneDrive\Jellyfin\2013\CFK-20130119-02.mp4""",CFK-20130119-02,,,,No,🎥 Video disponible,,
Palabras durante el almuerzo con el Presidente de Vietnam,21/01/2013,Vietnam,,Hanoi,,Viajes al exterior,"""D:\Nueva carpeta\OneDrive\Jellyfin\2013\CFK-20130121-01.mp4""",CFK-20130121-01,,,,No,🎥 Video disponible,,
Declaraciones al término de la reunión con su par de Vietnam,21/01/2013,Vietnam,,Hanoi,,Conferencias de prensa y entrevistas,"""D:\Nueva carpeta\OneDrive\Jellyfin\2013\CFK-20130121-02.mp4""",CFK-20130121-02,,,,No,🎥 Video disponible,,
Entrega de viviendas,25/01/2013,Argentina,Capital Federal,,Casa de Gobierno - Salón de las Mujeres Argentinas del Bicentenario,,"""D:\Nueva carpeta\OneDrive\Jellyfin\2013\CFK-20130125-01.mp4""",CFK-20130125-01,,,,No,🎥 Video disponible,,
Declaraciones al finalizar la reunión bilateral con su par de Brasil,26/01/2013,Chile,,Santiago,,Conferencias de prensa y entrevistas,"""D:\Nueva carpeta\OneDrive\Jellyfin\2013\CFK-20130126-02.mp4""",CFK-20130126-02,,,,No,🎥 Video disponible,,
Arribo a Chile,26/01/2013,Chile,,Santiago,,Viajes al exterior,"""D:\Nueva carpeta\OneDrive\Jellyfin\2013\CFK-20130126-01.mp4""",CFK-20130126-01,,,,No,🎥 Video disponible,,
Primera Cumbre CELAC- UE en Santiago de Chile Palabras a la prensa,27/01/2013,Chile,,Santiago,,Cumbre CELAC - UE,"""D:\Nueva carpeta\OneDrive\Jellyfin\2013\CFK-20130127-01.mp4""",CFK-20130127-01,,,,No,🎥 Video disponible,,
Palabras a los militantes,28/01/2013,Argentina,Capital Federal,,Casa de Gobierno - Salón de los Patriotas Latinoamericanos,Patios militantes,"""D:\Nueva carpeta\OneDrive\Jellyfin\2013\CFK-20130128-02.mp4""",CFK-20130128-02,,,,No,🎥 Video disponible,,
Acto en Casa de Gobierno,28/01/2013,Argentina,Capital Federal,,Casa de Gobierno - Salón de las Mujeres Argentinas del Bicentenario,,"""D:\Nueva carpeta\OneDrive\Jellyfin\2013\CFK-20130128-01.mp4""",CFK-20130128-01,,,,No,🎥 Video disponible,,
Anuncio de nuevas obras,04/02/2013,Argentina,Capital Federal,,Casa de Gobierno - Salón de las Mujeres Argentinas del Bicentenario,,"""D:\Nueva carpeta\OneDrive\Jellyfin\2013\CFK-20130204-01.mp4""",CFK-20130204-01,,,,No,🎥 Video disponible,,
"Presentación del Plan Nacional de Educación Obligatoria y Formación Docente 2012–2016 ",05/02/2013,Argentina,Capital Federal,,,,"""D:\Nueva carpeta\OneDrive\Jellyfin\2013\CFK-20130205-01.mp4""",CFK-20130205-01,,,,No,🎥 Video disponible,,
Mensaje al país por cadena nacional con motivo del envío del Memorandum entre Argentina e Irán al Parlamento Nacional,08/02/2013,Argentina,Capital Federal,,Casa de Gobierno - Despacho presidencial,Cadena Nacional,,CFK-20130208-01,,,,No,🔍 Buscar video,,
Inauguración de la primera exploración de gas y petróleo no convencional de YPF en Chubut,13/02/2013,Argentina,Chubut,Comodoro Rivadavia,,YPF,"""D:\Nueva carpeta\OneDrive\Jellyfin\2013\CFK-20130213-01.mp4""",CFK-20130213-01,,,,No,🎥 Video disponible,,
"Aniversario del bautismo del Lago Argentino en El Calafate ",15/02/2013,Argentina,Santa Cruz,El Calafate,,,"""D:\Nueva carpeta\OneDrive\Jellyfin\2013\CFK-20130215-01.mp4""",CFK-20130215-01,,,,No,🎥 Video disponible,,
Lanzamiento de la señal DeporTV,21/02/2013,Argentina,Buenos Aires,Vicente López,Tecnópolis,Deporte,"""D:\Nueva carpeta\OneDrive\Jellyfin\2013\CFK-20130221-01.mp4""",CFK-20130221-01,,,,No,🎥 Video disponible,,
Apertura del 131º periodo de sesiones ordinarias del Congreso,01/03/2013,Argentina,Capital Federal,,Congreso de la Nación,Asunciones y apertura de sesiones,"""D:\Nueva carpeta\OneDrive\Jellyfin\2013\CFK-20130301-01.mp4""",CFK-20130301-01,,,https://www.cfkargentina.com/wp-content/uploads/2013/03/cristina_congreso010313_34_42130-530x383.jpg,No,🎥 Video disponible,https://1drv.ms/v/c/0acaa6780c141b17/IQBiIvcaI8J_RrcvyzfHSWCxAUs0hRmDKD6JWvBkjJhwf6Q?e=Tom5Xl,
Declaraciones a la prensa en Venezuela,07/03/2013,Venezuela,,Caracas,,Conferencias de prensa y entrevistas,,CFK-20130307-01,,,,No,🔍 Buscar video,,
Lanzamiento del Plan Argentina Innovadora 2020,12/03/2013,Argentina,Capital Federal,,Casa de Gobierno - Salón de las Mujeres Argentinas del Bicentenario,,"""D:\Nueva carpeta\OneDrive\Jellyfin\2013\CFK-20130312-01.mp4""",CFK-20130312-01,,,,No,🎥 Video disponible,,
Anuncios en políticas sociales,13/03/2013,Argentina,Buenos Aires,Vicente López,Tecnópolis,,"""D:\Nueva carpeta\OneDrive\Jellyfin\2013\CFK-20130313-01.mp4""",CFK-20130313-01,,,,No,🎥 Video disponible,,
Anuncios de obras públicas,14/03/2013,Argentina,Buenos Aires,Avellaneda,,,"""D:\Nueva carpeta\OneDrive\Jellyfin\2013\CFK-20130314-01.mp4""",CFK-20130314-01,,,,No,🎥 Video disponible,,
"Audiencia con el papa Francisco en el Vaticano ",18/03/2013,Ciudad del Vaticano,,,Casa Santa Marta,,"""D:\Nueva carpeta\OneDrive\Jellyfin\2013\CFK-20130318-01.mp4""",CFK-20130318-01,,,,No,🎥 Video disponible,,
"Anuncios del programa PRO.CRE.AR. Bicentenario ",21/03/2013,Argentina,Capital Federal,,Casa de Gobierno - Salón de las Mujeres Argentinas del Bicentenario,,"""D:\Nueva carpeta\OneDrive\Jellyfin\2013\CFK-20130321-01.mp4""",CFK-20130321-01,,,,No,🎥 Video disponible,,
"Inauguración del Espacio Mansión Seré ",22/03/2013,Argentina,Buenos Aires,Morón,Espacio Mansión Seré,,"""D:\Nueva carpeta\OneDrive\Jellyfin\2013\CFK-20130322-01.mp4""",CFK-20130322-01,,,,No,🎥 Video disponible,,
Inauguración de Centro de Formación y Entrenamiento de Pilotos,26/03/2013,Argentina,Buenos Aires,Ezeiza,,Aerolíneas Argentinas,"""D:\Nueva carpeta\OneDrive\Jellyfin\2013\CFK-20130326-02.mp4""",CFK-20130326-02,,,,No,🎥 Video disponible,,
Inauguración de la Terminal B del Aeropuerto de Ezeiza,26/03/2013,Argentina,Buenos Aires,Ezeiza,,,"""D:\Nueva carpeta\OneDrive\Jellyfin\2013\CFK-20130326-01.mp4""",CFK-20130326-01,,,,No,🎥 Video disponible,,
Día del veterano y de los caídos en la guerra de Malvinas,02/04/2013,Argentina,Chubut,Puerto Madryn,,Malvinas,"""D:\Nueva carpeta\OneDrive\Jellyfin\2013\CFK-20130402-01.mp4""",CFK-20130402-01,,,,No,🎥 Video disponible,https://goo.su/4v0iB,https://goo.su/4v0iB
Recorrida por la zona afectada por la inundación en La Plata,03/04/2013,Argentina,Buenos Aires,La Plata,,,"""D:\Nueva carpeta\OneDrive\Jellyfin\2013\CFK-20130403-01.mp4""",CFK-20130403-01,,,,No,🎥 Video disponible,,
"Medidas dirigidas a damnificados por las inundaciones ",05/04/2013,Argentina,Capital Federal,,Casa de Gobierno - Despacho presidencial,,"""D:\Nueva carpeta\OneDrive\Jellyfin\2013\CFK-20130405-01.mp4""",CFK-20130405-01,,,,No,🎥 Video disponible,,
Plan para la democratización de la Justicia,09/04/2013,Argentina,Capital Federal,,Casa de Gobierno - Museo del Bicentenario,,,CFK-20130409-01,,,,No,🔍 Buscar video,,
Promulgación de las leyes del personal doméstico y de penalización de utilización de mano de obra infantil,11/04/2013,Argentina,Capital Federal,,Casa de Gobierno - Salón de las Mujeres Argentinas del Bicentenario,,,CFK-20130411-01,,,,No,🔍 Buscar video,,
Entrega de aportes en el marco del programa integral de residuos sólidos,17/04/2013,Argentina,Capital Federal,,Casa de Gobierno - Salón de las Mujeres Argentinas del Bicentenario,,,CFK-20130417-01,,,,No,🔍 Buscar video,,
"Entrega de aportes para escuelas técnicas ",18/04/2013,Argentina,Capital Federal,,Casa de Gobierno - Salón de las Mujeres Argentinas del Bicentenario,,,CFK-20130418-01,,,,No,🔍 Buscar video,,
Visita al centro de acopio de ropa donada para damnificados por el temporal,23/04/2013,Argentina,Buenos Aires,La Plata,,,,CFK-20130423-01,,,,No,🔍 Buscar video,,
"Juramento de fidelidad a la Nación, de los egresados del ISEN",23/04/2013,Argentina,Capital Federal,,Casa de Gobierno - Salón de los Patriotas Latinoamericanos,,,CFK-20130423-02,,,,No,🔍 Buscar video,,
"Visita a la planta de la empresa Unilever, en Tortuguitas",24/04/2013,Argentina,Buenos Aires,Malvinas Argentinas,,,,CFK-20130424-01,,,,No,🔍 Buscar video,,
"Cena en honor de la Presidenta de la República de Brasil, Dilma Rousseff ",25/04/2013,Argentina,Capital Federal,,Casa de Gobierno - Museo del Bicentenario,Visitas de mandatarios extranjeros,"""D:\Nueva carpeta\OneDrive\Jellyfin\2013\CFK-20130425-02.mp4""",CFK-20130425-02,,,,No,🎥 Video disponible,,
"Visita de la Presidenta de la República Federativa de Brasil, Dilma Rousseff ",25/04/2013,Argentina,Capital Federal,,Casa de Gobierno - Salón Sur,Visitas de mandatarios extranjeros,"""D:\Nueva carpeta\OneDrive\Jellyfin\2013\CFK-20130425-01.mp4""",CFK-20130425-01,,,,No,🎥 Video disponible,,
"Visita a la localidad de Las Heras, Santa Cruz",29/04/2013,Argentina,Santa Cruz,Las Heras,,,,CFK-20130429-01,,,,No,🔍 Buscar video,,
Presentación de un plan de obras públicas,30/04/2013,Argentina,Capital Federal,,Casa de Gobierno - Salón de las Mujeres Argentinas del Bicentenario,,,CFK-20130430-01,,,,No,🔍 Buscar video,,
Inauguración de obras y empresas privadas,02/05/2013,Argentina,Capital Federal,,Casa de Gobierno - Salón de las Mujeres Argentinas del Bicentenario,,,CFK-20130502-01,,,,No,🔍 Buscar video,,
Anuncios de medidas para el sector productor triguero,07/05/2013,Argentina,Capital Federal,,Casa de Gobierno - Salón de las Mujeres Argentinas del Bicentenario,,,CFK-20130507-02,,,,No,🔍 Buscar video,,
Inauguración de nueva planta de Fiat Argentina en Córdoba,07/05/2013,Argentina,Córdoba,Córdoba,,,,CFK-20130507-01,,,,No,🔍 Buscar video,,
"Cena en honor del Presidente de la República Bolivariana de Venezuela, Nicolás Maduro",08/05/2013,Argentina,Capital Federal,,Casa de Gobierno - Museo del Bicentenario,Visitas de mandatarios extranjeros,"""D:\Nueva carpeta\OneDrive\Jellyfin\2013\CFK-20130508-01.mp4""",CFK-20130508-01,,,,No,🎥 Video disponible,,
"Encuentro de los presidentes de la Argentina y Venezuela con la prensa ",08/05/2013,Argentina,Capital Federal,,Casa de Gobierno - Salón Sur,Conferencias de prensa y entrevistas,,CFK-20130508-02,,,,No,🔍 Buscar video,,
"Informe de ayuda a los damnificados por las inundaciones ",09/05/2013,Argentina,Capital Federal,,Casa de Gobierno - Despacho presidencial,,,CFK-20130509-01,,,,No,🔍 Buscar video,,
Congreso sobre democratización de la Justicia,14/05/2013,Argentina,Buenos Aires,La Matanza,,,,CFK-20130514-01,,,,No,🔍 Buscar video,,
Inauguración de nueva Casa de Gobierno municipal en Ituzaingó,15/05/2013,Argentina,Buenos Aires,Ituzaingó,,,,CFK-20130515-01,,,,No,🔍 Buscar video,,
Inauguración de la Universidad Metropolitana para la Educación y el Trabajo,16/05/2013,Argentina,Capital Federal,,Universidad Metropolitana para la Educación y el Trabajo,Universidades Nacionales,,CFK-20130516-01,,,,No,🔍 Buscar video,,
Inauguración del nuevo edificio de la biblioteca del Colegio Nacional de La Plata,21/05/2013,Argentina,Buenos Aires,La Plata,,,,CFK-20130521-01,,,,No,🔍 Buscar video,,
Anuncio de aumentos en asignaciones y medidas para ampliar la protección social,22/05/2013,Argentina,Capital Federal,,Casa de Gobierno - Salón de las Mujeres Argentinas del Bicentenario,,"""D:\Nueva carpeta\OneDrive\Jellyfin\2013\CFK-20130522-01.mp4""",CFK-20130522-01,,,,No,🎥 Video disponible,,
"203° aniversario de la revolución de mayo ",25/05/2013,Argentina,Capital Federal,,Plaza de Mayo,Revolución de mayo,"""D:\Nueva carpeta\OneDrive\Jellyfin\2013\CFK-20130525-01.mp4""",CFK-20130525-01,,,,No,🎥 Video disponible,https://goo.su/JS9t,https://goo.su/JS9t
"Lanzamiento de campaña Mirar para cuidar ",29/05/2013,Argentina,Capital Federal,,Secretaría de Comercio,,"""D:\Nueva carpeta\OneDrive\Jellyfin\2013\CFK-20130529-01.mp4""",CFK-20130529-01,,,,No,🎥 Video disponible,,
Inauguración de una muestra en el Pabellón Argentino de la Bienal de Venecia,29/05/2013,Argentina,Capital Federal,,Casa de Gobierno - Museo del Bicentenario,,"""D:\Nueva carpeta\OneDrive\Jellyfin\2013\CFK-20130529-02.mp4""",CFK-20130529-02,,,,No,🎥 Video disponible,,
Inauguración del Centro de Protección Urbana en Lomas de Zamora,30/05/2013,Argentina,Buenos Aires,Lomas de Zamora,,,,CFK-20130530-01,,,,No,🔍 Buscar video,,
Inauguración del Hospital Néstor Kirchner en Haití y anuncio de obras de infraestructura,04/06/2013,Argentina,Capital Federal,,Casa de Gobierno - Salón de las Mujeres Argentinas del Bicentenario,,"""D:\Nueva carpeta\OneDrive\Jellyfin\2013\CFK-20130604-01.mp4""",CFK-20130604-01,,,,No,🎥 Video disponible,,
Inauguración de obras en Tucumán,06/06/2013,Argentina,Tucumán,Banda del Río Sali,,,,CFK-20130606-01,,,,No,🔍 Buscar video,,
"Inauguración laboratorio de investigación forense en Rio Gallegos ",10/06/2013,Argentina,Santa Cruz,Río Gallegos,,,,CFK-20130610-01,,,,No,🔍 Buscar video,,
Inauguración de dos plantas de hidrotratamiento de gasoil y naftas de YPF en Mendoza,13/06/2013,Argentina,Mendoza,"Luján de Cuyo, Mendoza",,YPF,,CFK-20130613-01,,,,No,🔍 Buscar video,,
Acto por el primer aniversario del plan PRO.CRE.AR.,13/06/2013,Argentina,Capital Federal,,Casa de Gobierno - Museo del Bicentenario,,,CFK-20130613-02,,,,No,🔍 Buscar video,,
Celebración de los 400 años de la Universidad Nacional de Córdoba,19/06/2013,Argentina,Córdoba,Córdoba,Universidad Nacional de Córdoba,,,CFK-20130619-01,,,,No,🔍 Buscar video,,
Conmemoración del Día de la Bandera,20/06/2013,Argentina,Santa Fe,"Rosario, Santa Fe",Monumento nacional a la Bandera,20 de junio,,CFK-20130620-01,,,,No,🔍 Buscar video,https://1drv.ms/v/c/0acaa6780c141b17/IQCNNka6LDeZQJcCM7I_RF8zAZwo-QtQS1t4RUwbJKbQ8KE?e=f8QIGi,
"Celebración del Bicentenario de la ciudad de Paraná ",25/06/2013,Argentina,Entre Ríos,Paraná,,,,CFK-20130625-01,,,,No,🔍 Buscar video,,
Inauguración del sector Internación y Traumatología del Hospital Churruca,27/06/2013,Argentina,Capital Federal,,,,,CFK-20130627-01,,,,No,🔍 Buscar video,,
Puesta en funciones de los nuevos jefes de las Fuerzas Armadas,03/07/2013,Argentina,Buenos Aires,El Palomar,Colegio Militar de la Nación,Fuerzas Armadas,,CFK-20130703-01,,,,No,🔍 Buscar video,,
"Reunión urgente de UNASUR en Cochabamba ",04/07/2013,Bolivia,,Cochabamba,,UNASUR,,CFK-20130704-03,,,,No,🔍 Buscar video,,
Declaraciones con motivo del encuentro de Presidentes de Suramérica desde el Gran Hotel Cochabamba en Bolivia,04/07/2013,Bolivia,,Cochabamba,,Conferencias de prensa y entrevistas,"""D:\Nueva carpeta\OneDrive\Jellyfin\2013\CFK-20130704-02.mp4""",CFK-20130704-01,,,,No,🎥 Video disponible,,
Inauguración de obras en el Instituto Balseiro en Bariloche,04/07/2013,Argentina,Río Negro,Bariloche,Instituto Balseiro,,"""D:\Nueva carpeta\OneDrive\Jellyfin\2013\CFK-20130704-01.mp4""",CFK-20130704-02,,,,No,🎥 Video disponible,,
Acto de entrega de la netbook número tres millones,08/07/2013,Argentina,Buenos Aires,Pilar,,,,CFK-20130708-01,,,,No,🔍 Buscar video,,
"197° aniversario de la declaración de la independencia ",09/07/2013,Argentina,Tucumán,San Miguel de Tucumán,,9 de julio,"""D:\Nueva carpeta\OneDrive\Jellyfin\2013\CFK-20130709-01.mp4""",CFK-20130709-01,,,,No,🎥 Video disponible,,
Cena de Camaradería de las FFAA,11/07/2013,Argentina,Capital Federal,,,Fuerzas Armadas,,CFK-20130711-01,,,,No,🔍 Buscar video,,
Apertura de la tercera edición de la megamuestra Tecnópolis,12/07/2013,Argentina,Buenos Aires,Vicente López,Tecnópolis,,,CFK-20130712-02,,,,No,🔍 Buscar video,,
Cumbre de Jefes y Jefas de Estado de Mercosur en Uruguay,12/07/2013,Uruguay,,Montevideo,,MERCOSUR,"""D:\Nueva carpeta\OneDrive\Jellyfin\2013\CFK-20130712-01.mp4""",CFK-20130712-01,,,,No,🎥 Video disponible,,
Acto en la provincia de Santa Cruz,13/07/2013,Argentina,Santa Cruz,Río Gallegos,,,,CFK-20130713-01,,,,No,🔍 Buscar video,,
"Inauguración de estación de desgasificado al vacío en planta industrial de Ternium Siderar, en San Nicolás, provincia de Buenos Aires",15/07/2013,Argentina,Buenos Aires,San Nicolás,,,"""D:\Nueva carpeta\OneDrive\Jellyfin\2013\CFK-20130715-01.mp4""",CFK-20130715-01,,,,No,🎥 Video disponible,,
"Reapertura del Cine Gaumont ",16/07/2013,Argentina,Capital Federal,,,,"""D:\Nueva carpeta\OneDrive\Jellyfin\2013\CFK-20130716-01.mp4""",CFK-20130716-01,,,,No,🎥 Video disponible,,
Inauguración de la fábrica de bicicletas López Hnos. en Chaco,17/07/2013,Argentina,Chaco,Resistencia,,,,CFK-20130717-01,,,,No,🔍 Buscar video,,
"Firma de acuerdos con la República de Colombia ",18/07/2013,Colombia,,Bogotá,,Viajes al exterior,,CFK-20130718-01,,,,No,🔍 Buscar video,,
Almuerzo de honor ofrecido por el Presidente de Colombia a la Jefa de Estado,18/07/2013,Colombia,,Bogotá,,Viajes al exterior,"""D:\Nueva carpeta\OneDrive\Jellyfin\2013\CFK-20130718-02.mp4""",CFK-20130718-02,,,,No,🎥 Video disponible,,
"Inauguración de maternidad Estela de Carlotto en Moreno ",20/07/2013,Argentina,Buenos Aires,Moreno,,,,CFK-20130720-01,,,,No,🔍 Buscar video,,
"Inauguración del Hogar para mujeres víctimas de violencia doméstica en Lomas de Zamora ",22/07/2013,Argentina,Buenos Aires,Lomas de Zamora,,,,CFK-20130722-01,,,,No,🔍 Buscar video,,
"Presentación de informe sobre extranjerización de tierras ",24/07/2013,Argentina,Capital Federal,,Casa de Gobierno - Salón de las Mujeres Argentinas del Bicentenario,,,CFK-20130724-01,,,,No,🔍 Buscar video,,
Entrega de certificados del Plan Fines,25/07/2013,Argentina,Buenos Aires,Vicente López,Tecnópolis,,,CFK-20130725-05,,,,No,🔍 Buscar video,,
Festejos por el 460 aniversario de Santiago del Estero,25/07/2013,Argentina,Santiago del Estero,,,,,CFK-20130725-06,,,,No,🔍 Buscar video,,
Inauguración de obras en Termas de Río Hondo,25/07/2013,Argentina,Santiago del Estero,Termas de Río Hondo,,,,CFK-20130725-02,,,,No,🔍 Buscar video,,
Reunión del Consejo del Salario Mínimo Vital y Móvil,25/07/2013,Argentina,Capital Federal,,Ministerio de Trabajo,,"""D:\Nueva carpeta\OneDrive\Jellyfin\2013\CFK-20130725-01.mp4""",CFK-20130725-01,,,,No,🎥 Video disponible,,
"Inauguración del estadio del Deportivo Morón y lanzamiento de los Juegos Evita ",26/07/2013,Argentina,Buenos Aires,Morón,Estadio Nuevo Francisco Urbano,Deporte,,CFK-20130726-01,,,,No,🔍 Buscar video,,
Visita al partido de San Fernando,27/07/2013,Argentina,Buenos Aires,San Fernando,,,,CFK-20130727-01,,,,No,🔍 Buscar video,,
"Inauguración de la Planta de Lavarropas Samsung en Cañuelas ",30/07/2013,Argentina,Buenos Aires,Cañuelas,,,,CFK-20130730-01,,,,No,🔍 Buscar video,,
"159 aniversario de la Bolsa de Comercio de Buenos Aires ",31/07/2013,Argentina,Capital Federal,,Bolsa de Comercio de Buenos Aires,,"""D:\Nueva carpeta\OneDrive\Jellyfin\2013\CFK-20130731-01.mp4""",CFK-20130731-01,,,,No,🎥 Video disponible,,
Acto junto a organizaciones sociales de Jujuy,01/08/2013,Argentina,Jujuy,San Salvador de Jujuy,,,,CFK-20130801-02,,,,No,🔍 Buscar video,,
Apertura simbólica de la zafra azucarera en Jujuy,01/08/2013,Argentina,Jujuy,San Pedro,,,"""D:\Nueva carpeta\OneDrive\Jellyfin\2013\CFK-20130801-01.mp4""",CFK-20130801-01,,,,No,🎥 Video disponible,,
"Acto por el aprovisionamiento de gas natural en zonas tabacaleras de Salta ",01/08/2013,Argentina,Salta,"Coronel Moldes, Salta",,,,CFK-20130801-05,,,,No,🔍 Buscar video,,
"Audiencia con el secretario general de la ONU, Ban Ki-moon ",05/08/2013,Estados Unidos,,Nueva York,Sede de las Naciones Unidas,Conferencias de prensa y entrevistas,,CFK-20130805-01,,,,No,🔍 Buscar video,,
Apertura del debate en el Consejo de Seguridad de la ONU,06/08/2013,Estados Unidos,,Nueva York,Sede de las Naciones Unidas,Naciones Unidas,"""D:\Nueva carpeta\OneDrive\Jellyfin\2013\CFK-20130806-02.mp4""",CFK-20130806-02,,,,No,🎥 Video disponible,,
"Reunión del Consejo de Seguridad de la ONU ",06/08/2013,Estados Unidos,,Nueva York,Sede de las Naciones Unidas,Naciones Unidas,"""D:\Nueva carpeta\OneDrive\Jellyfin\2013\CFK-20130806-04.mp4""",CFK-20130806-04,,,,No,🎥 Video disponible,,
"Almuerzo en honor del Secretario General de las Naciones Unidas ",06/08/2013,Estados Unidos,,Nueva York,,Naciones Unidas,"""D:\Nueva carpeta\OneDrive\Jellyfin\2013\CFK-20130806-01.mp4""",CFK-20130806-01,,,,No,🎥 Video disponible,,
Segundo día de actividad en la ONU,06/08/2013,Estados Unidos,,Nueva York,Sede de las Naciones Unidas,Naciones Unidas,"""D:\Nueva carpeta\OneDrive\Jellyfin\2013\CFK-20130806-03.mp4""",CFK-20130806-03,,,,No,🎥 Video disponible,,
Declaraciones después de emitir su voto en Santa Cruz,11/08/2013,Argentina,Santa Cruz,Río Gallegos,,Conferencias y disertaciones,,CFK-20131108-01,,,,No,🔍 Buscar video,,
"Lanzamiento del programa Agrovalor ",14/08/2013,Argentina,Buenos Aires,Vicente López,Tecnópolis,,,CFK-20130814-02,,,,No,🔍 Buscar video,,
Declaraciones al arribar a Paraguay para la asunción del nuevo mandatario de ese país,14/08/2013,Paraguay,,Asunción,,Viajes al exterior,"""D:\Nueva carpeta\OneDrive\Jellyfin\2013\CFK-20130814-01.mp4""",CFK-20130814-01,,,,No,🎥 Video disponible,,
"Declaraciones al finalizar encuentro con empresarios, banqueros y sindicalistas, en Santa Cruz",21/08/2013,Argentina,Santa Cruz,Río Gallegos,,,"""D:\Nueva carpeta\OneDrive\Jellyfin\2013\CFK-20130821-02.mp4""",CFK-20130821-02,,,,No,🎥 Video disponible,,
"Adjudicación de obras de las represas Néstor Kirchner y Jorge Cepernic en Santa Cruz ",21/08/2013,Argentina,Santa Cruz,Río Gallegos,,,,CFK-20130821-01,,,,No,🔍 Buscar video,,
"Clausura de la Conferencia general de OPANAL ",22/08/2013,Argentina,Capital Federal,,Palacio San Martín,,,CFK-20130822-01,,,,No,🔍 Buscar video,,
Proyecto de reapertura del canje de la deuda,26/08/2013,Argentina,Capital Federal,,Casa de Gobierno - Despacho presidencial,Cadena Nacional,"""D:\Nueva carpeta\OneDrive\Jellyfin\2013\CFK-20130826-02.mp4""",CFK-20130826-02,,,,No,🎥 Video disponible,,
"Inauguración de la planta de ANCAP en Montevideo ",27/08/2013,Uruguay,,Montevideo,,,"""D:\Nueva carpeta\OneDrive\Jellyfin\2013\CFK-20130827-02.mp4""",CFK-20130827-02,,,,No,🎥 Video disponible,,
"Reunión con empresarios, sindicalistas y banqueros ",27/08/2013,Argentina,Capital Federal,,Casa de Gobierno - Salón de las Mujeres Argentinas del Bicentenario,,,CFK-20130827-01,,,,No,🔍 Buscar video,,
Audiencia con miembros de SADAIC,29/08/2013,Argentina,Capital Federal,,Casa de Gobierno - Salón de las Mujeres Argentinas del Bicentenario,,"""D:\Nueva carpeta\OneDrive\Jellyfin\2013\CFK-20130829-01.mp4""",CFK-20130829-01,,,,No,🎥 Video disponible,,
"Inauguración de la Cuarta Exposición Industrial de Berazategui ",29/08/2013,Argentina,Buenos Aires,Berazategui,,,"""D:\Nueva carpeta\OneDrive\Jellyfin\2013\CFK-20130829-02.mp4""",CFK-20130829-02,,,,No,🎥 Video disponible,,
"Declaraciones de la Presidenta, a su llegada a Rusia para participar en el G20",04/09/2013,Rusia,,San Petesburgo,,Conferencias de prensa y entrevistas,"""D:\Nueva carpeta\OneDrive\Jellyfin\2013\CFK-20130904-01.mp4""",CFK-20130904-01,,,,No,🎥 Video disponible,,
Declaraciones al finalizar reunión con el Primer Ministro de Japón y el Presidente de la OMC,05/09/2013,Rusia,,San Petesburgo,,Conferencias de prensa y entrevistas,"""D:\Nueva carpeta\OneDrive\Jellyfin\2013\CFK-20130905-01.mp4""",CFK-20130905-02,,,,No,🎥 Video disponible,,
Audiencia con el Presidente de la República Popular China,05/09/2013,Rusia,,San Petesburgo,,Conferencias de prensa y entrevistas,,CFK-20130905-01,,,,No,🔍 Buscar video,,
Balance final de la cumbre del G20 de San Petersburgo,06/09/2013,Rusia,,San Petesburgo,,Conferencias de prensa y entrevistas,,CFK-20130609-01,,,,No,🎥 Video disponible,,
Inauguración de la Casa de la Cultura de la Villa 21 de Barracas,09/09/2013,Argentina,Capital Federal,,,,,CFK-20130909-01,,,,No,🔍 Buscar video,,
"Almuerzo en honor del Presidente de Paraguay, Horacio Cartés",10/09/2013,Argentina,Capital Federal,,Casa de Gobierno - Museo del Bicentenario,Visitas de mandatarios extranjeros,,CFK-20130910-02,,,,No,🔍 Buscar video,,
"Visita oficial del Presidente de Paraguay, Horacio Cartés",10/09/2013,Argentina,Capital Federal,,Casa de Gobierno - Salón de los Pensadores y Escritores Argentinos,Visitas de mandatarios extranjeros,,CFK-20130910-01,,,,No,🔍 Buscar video,,
"Cena anual por el Día de la Industria ",11/09/2013,Argentina,Buenos Aires,Vicente López,Tecnópolis,Día de la industria,,CFK-20130911-02,,,,No,🔍 Buscar video,,
"Palabras durante la tercera reunión con empresarios, banqueros y sindicalistas",11/09/2013,Argentina,Capital Federal,,Casa de Gobierno - Salón de las Mujeres Argentinas del Bicentenario,,,CFK-20130911-01,,,,No,🔍 Buscar video,,
Entrevista con la Televisión Pública,14/09/2013,Argentina,Santa Cruz,Río Gallegos,Residencia Presidencial de Olivos,Conferencias de prensa y entrevistas,,CFK-20130914-03,,,,No,🔍 Buscar video,,
"Inauguración de la interconexión de Río Gallegos con el sistema eléctrico argentino ",14/09/2013,Argentina,Santa Cruz,Río Gallegos,,,,CFK-20130914-02,,,,No,🔍 Buscar video,,
"Inauguración de la interconexión de Río Gallegos con el sistema eléctrico argentino ",14/09/2013,Argentina,Santa Cruz,Río Gallegos,,,"""D:\Nueva carpeta\OneDrive\Jellyfin\2013\CFK-20130914-01.mp4""",CFK-20130914-01,,,,No,🎥 Video disponible,,
"Inauguración de obras de adecuación tecnológica en la planta industrial Sancor, en la localidad de Chivilcoy ",17/09/2013,Argentina,Buenos Aires,Chivilcoy,,,"""D:\Nueva carpeta\OneDrive\Jellyfin\2013\CFK-20130917-01.mp4""",CFK-20130917-01,,,,No,🎥 Video disponible,,
Recorrida por la provincia de Córdoba,19/09/2013,Argentina,Córdoba,Córdoba,,,,CFK-20130919-01,,,,No,🔍 Buscar video,,
Inauguración de obras del Centro Recreativo Nacional en Ezeiza,20/09/2013,Argentina,Buenos Aires,Ezeiza,,,,CFK-20130920-01,,,,No,🔍 Buscar video,,
Segunda parte de la entrevista en la TV Pública,23/09/2013,Argentina,Buenos Aires,,Residencia Presidencial de Olivos,Conferencias de prensa y entrevistas,,CFK-20130923-02,,,,No,🔍 Buscar video,,
Reunión con la Presidenta de Brasil en Nueva York,23/09/2013,Estados Unidos,,Nueva York,,Viajes al exterior,,CFK-20130923-01,,,,No,🔍 Buscar video,,
68° Asamblea de la Organización de las Naciones Unidas,24/09/2013,Estados Unidos,,Nueva York,Sede de las Naciones Unidas,Naciones Unidas,"""D:\Nueva carpeta\OneDrive\Jellyfin\2013\CFK-20130924-01.mp4""",CFK-20130924-01,,,,No,🎥 Video disponible,https://goo.su/Nb0tLr,https://goo.su/Nb0tLr
"Entrega de Créditos del Programa PRO.CRE.AR. ",26/09/2013,Argentina,Capital Federal,,Casa de Gobierno - Museo del Bicentenario,,,CFK-20130926-01,,,,No,🔍 Buscar video,,
"Inauguración de obras complementarias de Yacyretá, en Misiones ",26/09/2013,Argentina,Misiones,Posadas,,,"""D:\Nueva carpeta\OneDrive\Jellyfin\2013\CFK-20130926-02.mp4""",CFK-20130926-02,,,,No,🎥 Video disponible,,
"Inauguración de CEATSA en Bariloche ",27/09/2013,Argentina,Río Negro,Bariloche,,,"""D:\Nueva carpeta\OneDrive\Jellyfin\2013\CFK-20130927-01.mp4""",CFK-20130927-01,,,,No,🎥 Video disponible,,
Entrevista realizada a la Presidenta por el periodista Jorge Rial,30/09/2013,Argentina,Buenos Aires,,Residencia Presidencial de Olivos,Conferencias de prensa y entrevistas,,CFK-20130930-02,,,,No,🔍 Buscar video,,
Ceremonia de bautismo del catamarán Francisco Papa de Buquebús,30/09/2013,Argentina,Capital Federal,,,,,CFK-20130930-01,,,,No,🔍 Buscar video,,
Visita a la fábrica de tractores AGCO,01/10/2013,Argentina,Buenos Aires,General Rodríguez,,,,CFK-20131001-01,,,,No,🔍 Buscar video,,
"Entrega de viviendas y firma de acuerdo para la construcción de paneles solares en San Juan ",03/10/2013,Argentina,San Juan,San Juan,,,,CFK-20131003-01,,,,No,🔍 Buscar video,,
"Inauguración del Hospital Materno Infantil, Alberto Balestrini, en La Matanza ",04/10/2013,Argentina,Buenos Aires,La Matanza,,,,CFK-20131004-01,,,,No,🔍 Buscar video,,
Segunda parte de la entrevista a la Presidenta con el periodista Jorge Rial,07/10/2013,Argentina,Buenos Aires,,Residencia Presidencial de Olivos,Conferencias de prensa y entrevistas,,CFK-20131007-01,,,,No,🔍 Buscar video,,
Palabras tras retornar a su actividad habitual en Olivos,18/11/2013,Argentina,Buenos Aires,,Residencia Presidencial de Olivos,Cadena Nacional,"""D:\Nueva carpeta\OneDrive\Jellyfin\2013\CFK-20131118-01.mp4""",CFK-20131118-01,,,,No,🎥 Video disponible,,
"Saludo al público reunido en Casa de Gobierno ",20/11/2013,Argentina,Capital Federal,,Casa de Gobierno - Patio de las Palmeras,Patios militantes,"""D:\Nueva carpeta\OneDrive\Jellyfin\2013\CFK-20131120-01.mp4""",CFK-20131120-01,,,,No,🎥 Video disponible,,
Acto por los 30 años de la Democracia,10/12/2013,Argentina,Capital Federal,,Plaza de Mayo,Día de los Derechos Humanos,,CFK-20131210-01,,,,No,🔍 Buscar video,,
Anuncio del Programa PROGRESAR,22/01/2014,Argentina,Capital Federal,,Casa de Gobierno - Salón de las Mujeres Argentinas del Bicentenario,,,CFK-20140122-01,,,,No,🔍 Buscar video,,
Primera sesión plenaria de la Celac,28/01/2014,Cuba,,La Habana,,CELAC,"""D:\Nueva carpeta\OneDrive\Jellyfin\2014\CFK-20140128-01.mp4""",CFK-20140128-01,,,,No,🎥 Video disponible,,
Anuncio de aumentos de las jubilaciones y ayuda escolar,04/02/2014,Argentina,Capital Federal,,Casa de Gobierno - Salón de las Mujeres Argentinas del Bicentenario,,"""D:\Nueva carpeta\OneDrive\Jellyfin\2014\CFK-20140204-01.mp4""",CFK-20140204-01,,,,No,🎥 Video disponible,,
"Saludo a participantes en el acto, en el Patio de las Malvinas de Casa de Gobierno",04/02/2014,Argentina,Capital Federal,,Casa de Gobierno - Patio Malvinas Argentinas,Patios militantes,,CFK-20140204-05,,,,No,🎥 Video disponible,,
"Saludo a participantes en acto en Casa de Gobierno ",04/02/2014,Argentina,Capital Federal,,Casa de Gobierno - Salón de los Patriotas Latinoamericanos,Patios militantes,"""D:\Nueva carpeta\OneDrive\Jellyfin\2014\CFK-20140204-02.mp4""",CFK-20140204-02,,,,No,🎥 Video disponible,,
"Saludo a los presentes en acto en Casa de Gobierno ",12/02/2014,Argentina,Capital Federal,,Casa de Gobierno - Salón de los Patriotas Latinoamericanos,Patios militantes,"""D:\Nueva carpeta\OneDrive\Jellyfin\2014\CFK-20140212-02.mp4""",CFK-20140212-02,,,,No,🎥 Video disponible,,
"Saludo a asistentes a acto en Casa de Gobierno ",12/02/2014,Argentina,Capital Federal,,Casa de Gobierno - Patio Malvinas Argentinas,Patios militantes,"""D:\Nueva carpeta\OneDrive\Jellyfin\2014\CFK-20140212-03.mp4""",CFK-20140212-03,,,,No,🎥 Video disponible,,
"Anuncio de obras saneamiento urbano y entrega de premios de los Juegos Nacionales Evita ",12/02/2014,Argentina,Capital Federal,,Casa de Gobierno - Salón de las Mujeres Argentinas del Bicentenario,,"""D:\Nueva carpeta\OneDrive\Jellyfin\2014\CFK-20140212-01.mp4""",CFK-20140212-01,,,,No,🎥 Video disponible,,
"137° aniversario del bautismo del Lago Argentino ",15/02/2014,Argentina,Santa Cruz,El Calafate,,,"""D:\Nueva carpeta\OneDrive\Jellyfin\2014\CFK-20140215-01.mp4""",CFK-20140215-01,,,,No,🎥 Video disponible,,
Presentación del Programa Progresar en Florencio Varela,21/02/2014,Argentina,Buenos Aires,Florencio Varela,,,"""D:\Nueva carpeta\OneDrive\Jellyfin\2014\CFK-20140221-01.mp4""",CFK-20140221-01,,,,No,🎥 Video disponible,,
Palabras al público tras la apertura del 132º período ordinario de sesiones del Congreso nacional,01/03/2014,Argentina,Capital Federal,,Congreso de la Nación,Acto partidario,"""D:\Nueva carpeta\OneDrive\Jellyfin\2014\CFK-20140301-02.mp4""",CFK-20140301-02,,,,No,🎥 Video disponible,,
Apertura del 132º período de sesiones ordinarias del Congreso,01/03/2014,Argentina,Capital Federal,,Congreso de la Nación,Asunciones y apertura de sesiones,,CFK-20140301-01,,,https://media.minutouno.com/p/651ae1df58d103142ab371c75ea4665f/adjuntos/150/imagenes/025/228/0025228543/610x0/smart/asamblea-legislativa-cristina-kirchner-congreso2jpg.png,No,🔍 Buscar video,https://goo.su/OEnTj,https://goo.su/OEnTj
"Misa por el primer aniversario del fallecimiento de Hugo Chávez ",05/03/2014,Argentina,Capital Federal,,,Homenajes y conmemoraciones,,CFK-20140305-01,,,,No,🔍 Buscar video,,
"Audiencia con Michelle Bachelet ",10/03/2014,Chile,,Santiago,,Viajes al exterior,,CFK-20140310-02,,,,No,🔍 Buscar video,,
Arribo al Aeropuerto Comodoro Arturo Merino Benítez,10/03/2014,Chile,,Santiago,,Conferencias de prensa y entrevistas,"""D:\Nueva carpeta\OneDrive\Jellyfin\2014\CFK-20140310-01.mp4""",CFK-20140310-01,,,,No,🎥 Video disponible,,
"Entrevista con el Papa Francisco en el Vaticano ",17/03/2014,Ciudad del Vaticano,,,Palacio Apostólico,,,CFK-20140317-01,,,,No,🔍 Buscar video,,
Audiencia privada entre presidentes de la Argentina y Francia,19/03/2014,Francia,,Paris,,Conferencias de prensa y entrevistas,"""D:\Nueva carpeta\OneDrive\Jellyfin\2014\CFK-20140319-01.mp4""",CFK-20140319-01,,,,No,🎥 Video disponible,,
"Inauguración del Salón del Libro en Paris ",20/03/2014,Francia,,Paris,,Viajes al exterior,"""D:\Nueva carpeta\OneDrive\Jellyfin\2014\CFK-20140320-01.mp4""",CFK-20140320-01,,,,No,🎥 Video disponible,,
"Inauguración de obras de ampliación del Aeroparque metropolitano ",26/03/2014,Argentina,Capital Federal,,,,"""D:\Nueva carpeta\OneDrive\Jellyfin\2014\CFK-20140326-01.mp4""",CFK-20140326-01,,,,No,🎥 Video disponible,,
Entrega de aportes a parques industriales y créditos a Pymes,27/03/2014,Argentina,Buenos Aires,,Residencia Presidencial de Olivos,,,CFK-20140327-01,,,,No,🔍 Buscar video,,
"Acto de lanzamiento del programa Recuperar Inclusión ",31/03/2014,Argentina,Capital Federal,,Casa de Gobierno - Salón de las Mujeres Argentinas del Bicentenario,,"""D:\Nueva carpeta\OneDrive\Jellyfin\2014\CFK-20140331-01.mp4""",CFK-20140331-01,,,,No,🎥 Video disponible,,
Saludo a los jóvenes que asistieron al lanzamiento del programa Recuperar Inclusión,31/03/2014,Argentina,Capital Federal,,Casa de Gobierno - Salón de los Patriotas Latinoamericanos,Patios militantes,"""D:\Nueva carpeta\OneDrive\Jellyfin\2014\CFK-20140331-02.mp4""",CFK-20140331-02,,,,No,🎥 Video disponible,,
Día del veterano y de los caídos en la guerra de Malvinas,02/04/2014,Argentina,Capital Federal,,Casa de Gobierno - Patio Malvinas Argentinas,Malvinas,"""D:\Nueva carpeta\OneDrive\Jellyfin\2014\CFK-20140402-01.mp4""",CFK-20140402-01,,,,No,🎥 Video disponible,https://goo.su/U0X4nU,https://goo.su/U0X4nU
"Inauguración del Encuentro Federal de la Palabra ",08/04/2014,Argentina,Buenos Aires,Vicente López,Tecnópolis,,"""D:\Nueva carpeta\OneDrive\Jellyfin\2014\CFK-20140408-01.mp4""",CFK-20140408-01,,,,No,🎥 Video disponible,,
"Inauguración de obras en la ciudad de La Plata ",09/04/2014,Argentina,Buenos Aires,Ensenada,,,"""D:\Nueva carpeta\OneDrive\Jellyfin\2014\CFK-20140409-01.mp4""",CFK-20140409-01,,,,No,🎥 Video disponible,,
Inauguración del Salón de los Pueblos Originarios,14/04/2014,Argentina,Capital Federal,,Casa de Gobierno - Salón de los Pueblos Originarios,Inauguraciones de salas y salones en Casa de Gobierno,"""D:\Nueva carpeta\OneDrive\Jellyfin\2014\CFK-20140414-01.mp4""",CFK-20140414-01,,,,No,🎥 Video disponible,,
"Presentación de la Iniciativa Pampa Azul ",21/04/2014,Argentina,Capital Federal,,Casa de Gobierno - Salón de las Mujeres Argentinas del Bicentenario,,"""D:\Nueva carpeta\OneDrive\Jellyfin\2014\CFK-20140421-01.mp4""",CFK-20140421-01,,,,No,🎥 Video disponible,,
Puesta funcionamiento de las nuevas formaciones del Ferrocarril San Martín,23/04/2014,Argentina,Buenos Aires,Tres de Febrero,,,"""D:\Nueva carpeta\OneDrive\Jellyfin\2014\CFK-20140423-01.mp4""",CFK-20140423-01,,,,No,🎥 Video disponible,,
"Firma de convenios con distintas cadenas de valor ",24/04/2014,Argentina,Capital Federal,,Casa de Gobierno - Salón de las Mujeres Argentinas del Bicentenario,,"""D:\Nueva carpeta\OneDrive\Jellyfin\2014\CFK-20140424-02.mp4""",CFK-20140424-02,,,,No,🎥 Video disponible,,
"Memorándum de acuerdo con Emiratos Árabes Unidos ",24/04/2014,Argentina,Capital Federal,,Casa de Gobierno,Visitas de mandatarios extranjeros,"""D:\Nueva carpeta\OneDrive\Jellyfin\2014\CFK-20140424-01.mp4""",CFK-20140424-01,,,,No,🎥 Video disponible,,
Firma de convenios de reestructuración de deudas públicas provinciales,28/04/2014,Argentina,Capital Federal,,Casa de Gobierno - Salón de las Mujeres Argentinas del Bicentenario,,,CFK-20140428-01,,,,No,🔍 Buscar video,,
"Inauguración de la planta de Siam en Avellaneda ",30/04/2014,Argentina,Buenos Aires,Avellaneda,,,"""D:\Nueva carpeta\OneDrive\Jellyfin\2014\CFK-20140430-01.mp4""",CFK-20140430-01,,,,No,🎥 Video disponible,,
Inauguración de oficinas de Facebook en Buenos Aires,06/05/2014,Argentina,Capital Federal,,,,"""D:\Nueva carpeta\OneDrive\Jellyfin\2014\CFK-20140506-01.mp4""",CFK-20140506-01,,,,No,🎥 Video disponible,,
"Inauguración de las oficinas de Facebook ",06/05/2014,Argentina,Capital Federal,,,,"""D:\Nueva carpeta\OneDrive\Jellyfin\2014\CFK-20140506-02.mp4""",CFK-20140506-02,,,,No,🎥 Video disponible,,
Despedida a la delegación que participará del Festival de Cannes,07/05/2014,Argentina,Capital Federal,,Casa de Gobierno - Salón de las Mujeres Argentinas del Bicentenario,,"""D:\Nueva carpeta\OneDrive\Jellyfin\2014\CFK-20140507-01.mp4""",CFK-20140507-01,,,,No,🎥 Video disponible,,
"Homenaje al Padre Mugica a 40 años de su asesinato ",10/05/2014,Argentina,Capital Federal,,,Homenajes y conmemoraciones,"""D:\Nueva carpeta\OneDrive\Jellyfin\2014\CFK-20140510-01.mp4""",CFK-20140510-01,,,,No,🎥 Video disponible,,
"Audiencia de la presidenta Cristina Fernández con su par de Chile, Michelle Bachelet ",12/05/2014,Argentina,Capital Federal,,Casa de Gobierno - Salón de las Mujeres Argentinas del Bicentenario,Conferencias de prensa y entrevistas,"""D:\Nueva carpeta\OneDrive\Jellyfin\2014\CFK-20140512-02.mp4""",CFK-20140512-02,,,,No,🎥 Video disponible,,
"Almuerzo en honor a la Presidenta de Chile, Michelle Bachelet ",12/05/2014,Argentina,Capital Federal,,Casa de Gobierno - Museo del Bicentenario,Visitas de mandatarios extranjeros,"""D:\Nueva carpeta\OneDrive\Jellyfin\2014\CFK-20140512-01.mp4""",CFK-20140512-03,,,,No,🎥 Video disponible,,
"Saludo a los militantes, tras el acto por PRO.CRE.AR.",14/05/2014,Argentina,Capital Federal,,Casa de Gobierno - Salón de los Patriotas Latinoamericanos,Patios militantes,"""D:\Nueva carpeta\OneDrive\Jellyfin\2014\CFK-20140514-01.mp4""",CFK-20140514-01,,,,No,🎥 Video disponible,,
Anuncios del plan PRO.CRE.AR. y aumento de asignaciones,14/05/2014,Argentina,Capital Federal,,Casa de Gobierno - Salón de las Mujeres Argentinas del Bicentenario,,"""D:\Nueva carpeta\OneDrive\Jellyfin\2014\CFK-20140514-02.mp4""",CFK-20140514-02,,,,No,🎥 Video disponible,,
"Inauguración de la sede Costanera Sur del Ministerio de Justicia ",20/05/2014,Argentina,Capital Federal,,Ministerio de Justicia,,"""D:\Nueva carpeta\OneDrive\Jellyfin\2014\CFK-20140520-01.mp4""",CFK-20140520-01,,,,No,🎥 Video disponible,,
"Inauguración del Centro Médico de Alta Complejidad de SMATA ",22/05/2014,Argentina,Buenos Aires,Tigre,,,"""D:\Nueva carpeta\OneDrive\Jellyfin\2014\CFK-20140522-01.mp4""",CFK-20140522-01,,,,No,🎥 Video disponible,,
"Presentación de los nuevos coches del Ferrocarril Sarmiento ",22/05/2014,Argentina,Capital Federal,,,,"""D:\Nueva carpeta\OneDrive\Jellyfin\2014\CFK-20140522-02.mp4""",CFK-20140522-02,,,,No,🎥 Video disponible,,
204° aniversario de la revolución de mayo,25/05/2014,Argentina,Capital Federal,,Plaza de Mayo,Revolución de mayo,"""D:\Nueva carpeta\OneDrive\Jellyfin\2014\CFK-20140525-01.mp4""",CFK-20140525-01,,,,No,🎥 Video disponible,https://goo.su/Njq6Zf,https://goo.su/Njq6Zf
Recorrida por el Centro de Monitoreo del Transporte Ferroviario,27/05/2014,Argentina,Capital Federal,,,,"""D:\Nueva carpeta\OneDrive\Jellyfin\2014\CFK-20140527-01.mp4""",CFK-20140527-01,,,,No,🎥 Video disponible,,
"Inauguración de planta depuradora de líquidos cloacales en Berazategui ",29/05/2014,Argentina,Buenos Aires,Berazategui,,,,CFK-20140529-01,,,,No,🔍 Buscar video,,
Firma de convenios de obras públicas en Santa Cruz,31/05/2014,Argentina,Santa Cruz,Río Gallegos,,,"""D:\Nueva carpeta\OneDrive\Jellyfin\2014\CFK-20140531-01.mp4""",CFK-20140531-01,,,,No,🎥 Video disponible,,
Inauguración de la extensión de la Autopista Arturo Illia,03/06/2014,Argentina,Capital Federal,,,,"""D:\Nueva carpeta\OneDrive\Jellyfin\2014\CFK-20140603-01.mp4""",CFK-20140603-01,,,,No,🎥 Video disponible,,
Adhesión de tres provincias al Plan SUMAR,04/06/2014,Argentina,Capital Federal,,Casa de Gobierno - Salón de las Mujeres Argentinas del Bicentenario,,"""D:\Nueva carpeta\OneDrive\Jellyfin\2014\CFK-20140604-01.mp4""",CFK-20140604-01,,,,No,🎥 Video disponible,,
Saludo a los militantes tras el acto en el Salón de las Mujeres,04/06/2014,Argentina,Capital Federal,,Casa de Gobierno - Salón de los Patriotas Latinoamericanos,Patios militantes,"""D:\Nueva carpeta\OneDrive\Jellyfin\2014\CFK-20140604-02.mp4""",CFK-20140604-02,,,,No,🎥 Video disponible,,
Anuncios para medios de comunicación,05/06/2014,Argentina,Capital Federal,,Casa de Gobierno - Museo del Bicentenario,,"""D:\Nueva carpeta\OneDrive\Jellyfin\2014\CFK-20140605-01.mp4""",CFK-20140605-01,,,,No,🎥 Video disponible,,
Día de la afirmación de los derechos argentinos sobre las Islas Malvinas,10/06/2014,Argentina,Capital Federal,,Museo Malvinas,Malvinas,"""D:\Nueva carpeta\OneDrive\Jellyfin\2014\CFK-20140610-01.mp4""",CFK-20140610-01,,,,No,🎥 Video disponible,https://goo.su/1BWfZ9a,https://goo.su/1BWfZ9a
Inauguración de la extensión del ferrocarril San Martín,14/06/2014,Argentina,Buenos Aires,Pilar,,,"""D:\Nueva carpeta\OneDrive\Jellyfin\2014\CFK-20140614-01.mp4""",CFK-20140614-01,,,,No,🎥 Video disponible,,
"Cumbre G77 + China, en Santa Cruz, Bolivia",15/06/2014,Bolivia,,Santa Cruz de la Sierra,,G-77,"""D:\Nueva carpeta\OneDrive\Jellyfin\2014\CFK-20140615-01.mp4""",CFK-20140615-01,,,,No,🎥 Video disponible,,
"Mensaje por Cadena Nacional ",16/06/2014,Argentina,Capital Federal,,Casa de Gobierno - Despacho presidencial,Cadena Nacional,"""D:\Nueva carpeta\OneDrive\Jellyfin\2014\CFK-20140616-01.mp4""",CFK-20140616-01,,,,No,🎥 Video disponible,,
Conmemoración del Día de la Bandera,20/06/2014,Argentina,Santa Fe,"Rosario, Santa Fe",Monumento nacional a la Bandera,20 de junio,"""D:\Nueva carpeta\OneDrive\Jellyfin\2014\CFK-20140620-01.mp4""",CFK-20140620-01,,,,No,🎥 Video disponible,https://1drv.ms/v/c/0acaa6780c141b17/IQAXGxQMeKbKIIAKIwYAAAAAAbJvbULM4SxGDA4clSj9T3M?e=yzczWX,
Presentación del Procreauto,23/06/2014,Argentina,Capital Federal,,Casa de Gobierno - Salón de las Mujeres Argentinas del Bicentenario,,"""D:\Nueva carpeta\OneDrive\Jellyfin\2014\CFK-20140623-01.mp4""",CFK-20140623-01,,,,No,🎥 Video disponible,,
Inauguración de tramo de obras en Gral. Paz,30/06/2014,Argentina,Capital Federal,,,,"""D:\Nueva carpeta\OneDrive\Jellyfin\2014\CFK-20140630-01.mp4""",CFK-20140630-01,,,,No,🎥 Video disponible,,
Acto en homenaje a Yrigoyen y Perón,01/07/2014,Argentina,Capital Federal,,Casa de Gobierno - Salón de las Mujeres Argentinas del Bicentenario,Homenajes y conmemoraciones,"""D:\Nueva carpeta\OneDrive\Jellyfin\2014\CFK-20140701-01.mp4""",CFK-20140701-01,,,,No,🎥 Video disponible,,
"Palabras luego de reunión bilateral con el Presidente de Rusia, Vladimir Putín",12/07/2014,Argentina,Capital Federal,,Casa de Gobierno - Salón de los Pensadores y Escritores Argentinos,Conferencias de prensa y entrevistas,,CFK-20140712-03,,,,No,🔍 Buscar video,,
"Conferencia de prensa junto al Presidente de Rusia, Vladimir Putín",12/07/2014,Argentina,Capital Federal,,Casa de Gobierno - Salón de los Pensadores y Escritores Argentinos,Conferencias de prensa y entrevistas,"""D:\Nueva carpeta\OneDrive\Jellyfin\2014\CFK-20140712-01.mp4""",CFK-20140712-01,,,,No,🎥 Video disponible,,
Cena de agasajo por la visita del Presidente de Rusia Vladimir Putin,12/07/2014,Argentina,Capital Federal,,Casa de Gobierno - Museo del Bicentenario,Visitas de mandatarios extranjeros,"""D:\Nueva carpeta\OneDrive\Jellyfin\2014\CFK-20140712-02.mp4""",CFK-20140712-02,,,,No,🎥 Video disponible,,
Palabras a los integrantes de a Selección Argentina,14/07/2014,Argentina,Buenos Aires,Ezeiza,Predio deportivo de Ezeiza,Deporte,"""D:\Nueva carpeta\OneDrive\Jellyfin\2014\CFK-20140714-01.mp4""",CFK-20140714-01,,,,No,🎥 Video disponible,,
"Cumbre de países del BRICS y Unasur en Brasilia ",16/07/2014,Brasil,,Brasilia,,Cumbre BRICS - UNASUR,"""D:\Nueva carpeta\OneDrive\Jellyfin\2014\CFK-20140716-02.mp4""",CFK-20140716-02,,,,No,🎥 Video disponible,,
Palabras a un grupo de jóvenes brasileños antes de la cumbre Brics-Unasur,16/07/2014,Brasil,,Brasilia,,Acto partidario,"""D:\Nueva carpeta\OneDrive\Jellyfin\2014\CFK-20140716-01.mp4""",CFK-20140716-01,,,,No,🎥 Video disponible,,
"Cumbre de países del BRICS y Unasur en Brasilia ",16/07/2014,Brasil,,Brasilia,,Cumbre BRICS - UNASUR,"""D:\Nueva carpeta\OneDrive\Jellyfin\2014\CFK-20140716-03.mp4""",CFK-20140716-03,,,,No,🎥 Video disponible,,
"Firma de convenios entre Argentina y China ",18/07/2014,Argentina,Capital Federal,,Casa de Gobierno - Salón de los Pensadores y Escritores Argentinos,Visitas de mandatarios extranjeros,"""D:\Nueva carpeta\OneDrive\Jellyfin\2014\CFK-20140718-01.mp4""",CFK-20140718-01,,,,No,🎥 Video disponible,,
Cena en honor del presidente de la República Popular China,18/07/2014,Argentina,Capital Federal,,Casa de Gobierno - Museo del Bicentenario,Visitas de mandatarios extranjeros,"""D:\Nueva carpeta\OneDrive\Jellyfin\2014\CFK-20140718-02.mp4""",CFK-20140718-02,,,,No,🎥 Video disponible,,
Inauguración de nuevos trenes de la línea Sarmiento,21/07/2014,Argentina,Capital Federal,,,,,CFK-20140721-01,,,,No,🔍 Buscar video,,
Inauguración planta Yamaha,23/07/2014,Argentina,Buenos Aires,General Rodríguez,,,"""D:\Nueva carpeta\OneDrive\Jellyfin\2014\CFK-20140723-01.mp4""",CFK-20140723-01,,,,No,🎥 Video disponible,,
Teleconferencia con Chaco,25/07/2014,Argentina,Buenos Aires,,Residencia Presidencial de Olivos,,,CFK-20140725-01,,,,No,🔍 Buscar video,,
Palabras al arribar a Caracas para participar de la Cumbre del Mercosur,28/07/2014,Venezuela,,Caracas,,Conferencias de prensa y entrevistas,,CFK-20140728-01,,,,No,🔍 Buscar video,,
"Sesión plenaria del Mercosur en Caracas, Venezuela ",29/07/2014,Venezuela,,Caracas,,MERCOSUR,"""D:\Nueva carpeta\OneDrive\Jellyfin\2014\CFK-20140729-02.mp4""",CFK-20140729-02,,,,No,🎥 Video disponible,,
"Traspaso de la presidencia pro tempore del Mercosur ",29/07/2014,Venezuela,,Caracas,,MERCOSUR,"""D:\Nueva carpeta\OneDrive\Jellyfin\2014\CFK-20140729-01.mp4""",CFK-20140729-01,,,,No,🎥 Video disponible,,
Saludo a jóvenes militantes en Caracas,29/07/2014,Venezuela,,Caracas,,Acto partidario,,CFK-20140729-03,,,,No,🔍 Buscar video,,
Saludo a los jóvenes militantes en los patios internos de Casa de Gobierno,31/07/2014,Argentina,Capital Federal,,"Casa de Gobierno - Patio Malvinas Argentinas, Casa de Gobierno - Patio de las Palmeras, Casa de Gobierno - Salón de los Patriotas Latinoamericanos",Patios militantes,,CFK-20140731-05,,,,No,🎥 Video disponible,,
"Firma de convenios para reestructuración de deudas provinciales ",31/07/2014,Argentina,Capital Federal,,Casa de Gobierno - Salón de las Mujeres Argentinas del Bicentenario,,"""D:\Nueva carpeta\OneDrive\Jellyfin\2014\CFK-20140731-01.mp4""",CFK-20140731-01,,,,No,🎥 Video disponible,,
Anuncios de inversión en Salud y Obras de infraestructura,04/08/2014,Argentina,Capital Federal,,Casa de Gobierno - Salón de las Mujeres Argentinas del Bicentenario,,"""D:\Nueva carpeta\OneDrive\Jellyfin\2014\CFK-20140804-01.mp4""",CFK-20140804-01,,,,No,🎥 Video disponible,,
"Anuncio del Programa Proemplear y modificaciones en el CEDIN ",07/08/2014,Argentina,Capital Federal,,Casa de Gobierno - Salón de las Mujeres Argentinas del Bicentenario,,"""D:\Nueva carpeta\OneDrive\Jellyfin\2014\CFK-20140807-01.mp4""",CFK-20140807-01,,,,No,🎥 Video disponible,,
Presentación de nuevas formaciones del Ferrocarril Sarmiento,11/08/2014,Argentina,Capital Federal,,,,"""D:\Nueva carpeta\OneDrive\Jellyfin\2014\CFK-20140811-01.mp4""",CFK-20140811-01,,,,No,🎥 Video disponible,,
Jóvenes manifestantes del Paraguay apoyan a la Argentina,13/08/2014,Paraguay,,Asunción,,Acto partidario,"""D:\Nueva carpeta\OneDrive\Jellyfin\2014\CFK-20140813-02.mp4""",CFK-20140813-02,,,,No,🎥 Video disponible,,
Firma de acuerdos con el Presidente de Paraguay,13/08/2014,Paraguay,,Asunción,,Viajes al exterior,,CFK-20140813-03,,,,No,🎥 Video disponible,,
Visita oficial al Paraguay,13/08/2014,Paraguay,,Asunción,,Conferencias de prensa y entrevistas,"""D:\Nueva carpeta\OneDrive\Jellyfin\2014\CFK-20140813-01.mp4""",CFK-20140813-01,,,,No,🎥 Video disponible,,
"Acto de lanzamiento de Plan Vivir Mas Cerca ",14/08/2014,Argentina,Capital Federal,,Casa de Gobierno - Salón de las Mujeres Argentinas del Bicentenario,,"""D:\Nueva carpeta\OneDrive\Jellyfin\2014\CFK-20140814-01.mp4""",CFK-20140814-01,,,,No,🎥 Video disponible,,
Saludo a los militantes en Casa de Gobierno,14/08/2014,Argentina,Capital Federal,,"Casa de Gobierno - Patio de las Palmeras, Casa de Gobierno - Salón de los Patriotas Latinoamericanos",Patios militantes,"""D:\Nueva carpeta\OneDrive\Jellyfin\2014\CFK-20140814-02.mp4""",CFK-20140814-02,,,,No,🎥 Video disponible,,
"Anuncio del proyecto de ley de pago soberano local de la deuda externa ",19/08/2014,Argentina,Capital Federal,,Casa de Gobierno - Despacho presidencial,,"""D:\Nueva carpeta\OneDrive\Jellyfin\2014\CFK-20140819-01.mp4""",CFK-20140819-01,,,,No,🎥 Video disponible,,
160 aniversario de la Bolsa de Comercio de Buenos Aires,20/08/2014,Argentina,Capital Federal,,Bolsa de Comercio de Buenos Aires,,"""D:\Nueva carpeta\OneDrive\Jellyfin\2014\CFK-20140820-01.mp4""",CFK-20140820-01,,,,No,🎥 Video disponible,,
Cena de camaradería de las Fuerzas Armadas,25/08/2014,Argentina,Capital Federal,,,Fuerzas Armadas,"""D:\Nueva carpeta\OneDrive\Jellyfin\2014\CFK-20140825-01.mp4""",CFK-20140825-01,,,,No,🎥 Video disponible,,
"Inauguración de obras y firma de convenios en Santiago del Estero ",26/08/2014,Argentina,Santiago del Estero,,,,"""D:\Nueva carpeta\OneDrive\Jellyfin\2014\CFK-20140826-01.mp4""",CFK-20140826-01,,,,No,🎥 Video disponible,,
Presentación de programa contra las adicciones,01/09/2014,Argentina,Capital Federal,,Casa de Gobierno - Salón de las Mujeres Argentinas del Bicentenario,,"""D:\Nueva carpeta\OneDrive\Jellyfin\2014\CFK-20140901-02.mp4""",CFK-20140901-02,,,,No,🎥 Video disponible,,
Cierre del Consejo del Salario Mínimo Vital y Móvil,01/09/2014,Argentina,Capital Federal,,Ministerio de Trabajo,,"""D:\Nueva carpeta\OneDrive\Jellyfin\2014\CFK-20140901-01.mp4""",CFK-20140901-01,,,,No,🎥 Video disponible,,
Anuncios educativos y en materia de obras energéticas,03/09/2014,Argentina,Capital Federal,,Casa de Gobierno - Salón de las Mujeres Argentinas del Bicentenario,,"""D:\Nueva carpeta\OneDrive\Jellyfin\2014\CFK-20140903-01.mp4""",CFK-20140903-01,,,,No,🎥 Video disponible,,
Recepción de formaciones para la línea Mitre,08/09/2014,Argentina,Capital Federal,,,,"""D:\Nueva carpeta\OneDrive\Jellyfin\2014\CFK-20140908-01.mp4""",CFK-20140908-01,,,,No,🎥 Video disponible,,
Promulgación de la Ley de inclusión jubilatoria,09/09/2014,Argentina,Capital Federal,,Casa de Gobierno - Salón de las Mujeres Argentinas del Bicentenario,,"""D:\Nueva carpeta\OneDrive\Jellyfin\2014\CFK-20140909-01.mp4""",CFK-20140909-01,,,,No,🎥 Video disponible,,
"Cena por el Día de la Industria, en Tecnópolis",10/09/2014,Argentina,Buenos Aires,Vicente López,Tecnópolis,Día de la industria,"""D:\Nueva carpeta\OneDrive\Jellyfin\2014\CFK-20140910-02.mp4""",CFK-20140910-02,,,,No,🎥 Video disponible,,
Lanzamiento del plan Ahora 12,10/09/2014,Argentina,Capital Federal,,Casa de Gobierno - Salón de las Mujeres Argentinas del Bicentenario,,"""D:\Nueva carpeta\OneDrive\Jellyfin\2014\CFK-20140910-01.mp4""",CFK-20140910-01,,,,No,🎥 Video disponible,,
"Inauguración de obras eléctricas en la provincia de Formosa ",16/09/2014,Argentina,Formosa,Formosa,,,"""D:\Nueva carpeta\OneDrive\Jellyfin\2014\CFK-20140916-01.mp4""",CFK-20140916-01,,,,No,🎥 Video disponible,,
Visita al papa Francisco en el Vaticano,20/09/2014,Ciudad del Vaticano,,,Casa Santa Marta,,"""D:\Nueva carpeta\OneDrive\Jellyfin\2014\CFK-20140920-01.mp4""",CFK-20140920-01,,,,No,🎥 Video disponible,,
Reunión con dirigentes de federaciones gremiales internacionales,22/09/2014,Estados Unidos,,Nueva York,,Viajes al exterior,"""D:\Nueva carpeta\OneDrive\Jellyfin\2014\CFK-20140922-01.mp4""",CFK-20140922-01,,,,No,🎥 Video disponible,,
Reunión del Consejo de Seguridad de la ONU,24/09/2014,Estados Unidos,,Nueva York,Sede de las Naciones Unidas,Naciones Unidas,"""D:\Nueva carpeta\OneDrive\Jellyfin\2014\CFK-20140924-01.mp4""",CFK-20140924-01,,,,No,🎥 Video disponible,,
Conferencia de prensa después de su participación en la Asamblea General de Naciones Unidas en Nueva York,24/09/2014,Estados Unidos,,Nueva York,Sede de las Naciones Unidas,Conferencias de prensa y entrevistas,"""D:\Nueva carpeta\OneDrive\Jellyfin\2014\CFK-20140924-02.mp4""",CFK-20140924-02,,,,No,🎥 Video disponible,,
69° Asamblea de la Organización de las Naciones Unidas,24/09/2014,Estados Unidos,,Nueva York,Sede de las Naciones Unidas,Naciones Unidas,,CFK-20140924-03,,,,No,🔍 Buscar video,https://goo.su/31zJSYO,https://goo.su/31zJSYO
Anuncios en el Salón de las Mujeres del Bicentenario,30/09/2014,Argentina,Capital Federal,,Casa de Gobierno - Salón de las Mujeres Argentinas del Bicentenario,,"""D:\Nueva carpeta\OneDrive\Jellyfin\2014\CFK-20140930-01.mp4""",CFK-20140930-01,,,,No,🎥 Video disponible,,
"Entrega de viviendas en Ezeiza ",02/10/2014,Argentina,Buenos Aires,Ezeiza,,,"""D:\Nueva carpeta\OneDrive\Jellyfin\2014\CFK-20141002-01.mp4""",CFK-20141002-01,,,,No,🎥 Video disponible,,
"Promulgación del Nuevo Código Civil y Comercial de la Nación ",07/10/2014,Argentina,Capital Federal,,Casa de Gobierno - Museo del Bicentenario,,"""D:\Nueva carpeta\OneDrive\Jellyfin\2014\CFK-20141007-01.mp4""",CFK-20141007-01,,,,No,🎥 Video disponible,,
Acto de anuncios de desarrollo social y salud,15/10/2014,Argentina,Buenos Aires,Vicente López,Tecnópolis,,"""D:\Nueva carpeta\OneDrive\Jellyfin\2014\CFK-20141015-01.mp4""",CFK-20141015-01,,,,No,🎥 Video disponible,,
Lanzamiento del satélite argentino ARSAT-1,16/10/2014,Argentina,Capital Federal,,Casa de Gobierno - Despacho presidencial,Cadena Nacional,"""D:\Nueva carpeta\OneDrive\Jellyfin\2014\CFK-20141016-01.mp4""",CFK-20141016-01,,,,No,🎥 Video disponible,,
Anuncio de envío al Congreso del proyecto de nuevo Código Procesal Penal por Cadena Nacional,21/10/2014,Argentina,Capital Federal,,Casa de Gobierno - Despacho presidencial,,"""D:\Nueva carpeta\OneDrive\Jellyfin\2014\CFK-20141021-01.mp4""",CFK-20141021-01,,,,No,🎥 Video disponible,,
"Inauguración de obras en Resistencia, Chaco",23/10/2014,Argentina,Chaco,Resistencia,,,"""D:\Nueva carpeta\OneDrive\Jellyfin\2014\CFK-20141023-01.mp4""",CFK-20141023-01,,,,No,🎥 Video disponible,,
62ª Convención Anual de la Cámara Argentina de la Construcción,25/11/2014,Argentina,Capital Federal,,,,"""D:\Nueva carpeta\OneDrive\Jellyfin\2014\CFK-20141125-01.mp4""",CFK-20141125-01,,,,No,🎥 Video disponible,,
20ª Conferencia Anual de la Unión Industrial,03/12/2014,Argentina,Buenos Aires,Pilar,,,"""D:\Nueva carpeta\OneDrive\Jellyfin\2014\CFK-20141203-01.mp4""",CFK-20141203-01,,,,No,🎥 Video disponible,,
Inauguración de la sede Néstor Kirchner de la Unasur,05/12/2014,Ecuador,,Quito,Sede Néstor Kirchner de la UNASUR,UNASUR,"""D:\Nueva carpeta\OneDrive\Jellyfin\2014\CFK-20141205-01.mp4""",CFK-20141205-01,,,,No,🎥 Video disponible,,
Inauguración de obras del nuevo Hospital Municipal de Morón,10/12/2014,Argentina,Buenos Aires,Morón,,,,CFK-20141210-01,,,,No,🔍 Buscar video,,
31º aniversario de la Democracia y Día Internacional de los Derechos Humanos,13/12/2014,Argentina,Capital Federal,,Casa de Gobierno - Salón de las Mujeres Argentinas del Bicentenario,Día de los Derechos Humanos,"""D:\Nueva carpeta\OneDrive\Jellyfin\2014\CFK-20141213-01.mp4""",CFK-20141213-01,,,,No,🎥 Video disponible,,
Saludo a manifestantes en Plaza de Mayo,13/12/2014,Argentina,Capital Federal,,Plaza de Mayo,Acto partidario,,CFK-20141213-02,,,,No,🔍 Buscar video,,
Lanzamiento del Programa nacional de salud bucal Argentina Sonríe,15/12/2014,Argentina,Capital Federal,,Casa de Gobierno - Salón de las Mujeres Argentinas del Bicentenario,,"""D:\Nueva carpeta\OneDrive\Jellyfin\2014\CFK-20141215-01.mp4""",CFK-20141215-01,,,,No,🎥 Video disponible,,
Recibimiento al plantel de Racing,16/12/2014,Argentina,Capital Federal,,Casa de Gobierno - Salón de las Mujeres Argentinas del Bicentenario,Deporte,,CFK-20141216-01,,,,No,🔍 Buscar video,,
"Transmisión de la Presidencia pro témpore del Mercosur a la Presidenta de Brasil ",17/12/2014,Argentina,Entre Ríos,Paraná,,MERCOSUR,"""D:\Nueva carpeta\OneDrive\Jellyfin\2014\CFK-20141217-01.mp4""",CFK-20141217-01,,,,No,🎥 Video disponible,,
"Apertura de la Cumbre del Mercosur en Paraná ",17/12/2014,Argentina,Entre Ríos,Paraná,,MERCOSUR,,CFK-20141217-02,,,,No,🔍 Buscar video,,
Firma de acuerdo con Estado Plurinacional de Bolivia,18/12/2014,Argentina,Entre Ríos,Paraná,,Visitas de mandatarios extranjeros,,CFK-20141218-02,,,,No,🔍 Buscar video,,
Promulgación de la ley de trabajadores del servicio social,18/12/2014,Argentina,Capital Federal,,Casa de Gobierno - Salón de las Mujeres Argentinas del Bicentenario,,"""D:\Nueva carpeta\OneDrive\Jellyfin\2014\CFK-20141218-01.mp4""",CFK-20141218-01,,,,No,🎥 Video disponible,,
Brindis con diputados y senadores nacionales,23/12/2014,Argentina,Capital Federal,,Casa de Gobierno - Salón Eva Perón,Acto partidario,,CFK-20141223-01,,,,No,🔍 Buscar video,,
"Reforma del sistema de Inteligencia del Estado ",26/01/2015,Argentina,Buenos Aires,,Residencia Presidencial de Olivos,Cadena Nacional,"""D:\Nueva carpeta\OneDrive\Jellyfin\2015\CFK-20150126-01.mp4""",CFK-20150126-01,,,,No,🎥 Video disponible,,
Acto de firma de convenios de desendeudamiento de las provincias,30/01/2015,Argentina,Capital Federal,,Casa de Gobierno - Salón de las Mujeres Argentinas del Bicentenario,,"""D:\Nueva carpeta\OneDrive\Jellyfin\2015\CFK-20150130-01.mp4""",CFK-20150130-01,,,,No,🎥 Video disponible,,
Reunión con empresarios en la República Popular China,03/02/2015,China,,Beijing,,Viajes al exterior,"""D:\Nueva carpeta\OneDrive\Jellyfin\2015\CFK-20150203-01.mp4""",CFK-20150203-01,,,,No,🎥 Video disponible,,
Firma de acuerdos bilaterales con la República Popular China,04/02/2015,China,,Beijing,,Viajes al exterior,"""D:\Nueva carpeta\OneDrive\Jellyfin\2015\CFK-20150204-03.mp4""",CFK-20150204-03,,,,No,🎥 Video disponible,,
Inicio de las represas Néstor Kirchner y Jorge Cepernic,04/02/2015,China,,Beijing,,Viajes al exterior,"""D:\Nueva carpeta\OneDrive\Jellyfin\2015\CFK-20150204-01.mp4""",CFK-20150204-01,,,,No,🎥 Video disponible,,
Clausura del Foro Empresarial Argentino Chino,04/02/2015,China,,Beijing,,Viajes al exterior,"""D:\Nueva carpeta\OneDrive\Jellyfin\2015\CFK-20150204-02.mp4""",CFK-20150204-02,,,,No,🎥 Video disponible,,
"138 aniversario del bautismo del Lago Argentino, en El Calafate, Santa Cruz",15/02/2015,Argentina,Santa Cruz,El Calafate,,,"""D:\Nueva carpeta\OneDrive\Jellyfin\2015\CFK-20150215-01.mp4""",CFK-20150215-01,,,,No,🎥 Video disponible,,
"Puesta en funcionamiento al 100% de la central nuclear Néstor Kirchner, Atucha II ",18/02/2015,Argentina,Buenos Aires,Zárate,Central Nuclear Atucha II,,"""D:\Nueva carpeta\OneDrive\Jellyfin\2015\CFK-20150218-01.mp4""",CFK-20150218-01,,,,No,🎥 Video disponible,,
"Inauguración del nuevo edificio municipal de Berazategui ",23/02/2015,Argentina,Buenos Aires,Berazategui,,,"""D:\Nueva carpeta\OneDrive\Jellyfin\2015\CFK-20150223-01.mp4""",CFK-20150223-01,,,,No,🎥 Video disponible,,
Jura de nuevos miembros del Gabinete Nacional,26/02/2015,Argentina,Capital Federal,,Casa de Gobierno - Salón Blanco,,"""D:\Nueva carpeta\OneDrive\Jellyfin\2015\CFK-20150226-01.mp4""",CFK-20150226-01,,,,No,🎥 Video disponible,,
Apertura del 133° período de sesiones ordinarias del Congreso,01/03/2015,Argentina,Capital Federal,,Congreso de la Nación,Asunciones y apertura de sesiones,,CFK-20150301-01,,,https://www.clarin.com/2015/03/01/Hk-kfWECme_1256x620.jpg,No,🔍 Buscar video,https://goo.su/jch4vK,https://goo.su/jch4vK
Presentación de nuevas formaciones del Ferrocarril Roca,05/03/2015,Argentina,Capital Federal,,,,"""D:\Nueva carpeta\OneDrive\Jellyfin\2015\CFK-20150305-01.mp4""",CFK-20150305-01,,,,No,🎥 Video disponible,,
Presentación del AirBus A330-200 de Aerolíneas Argentinas,10/03/2015,Argentina,Buenos Aires,Ezeiza,,Aerolíneas Argentinas,"""D:\Nueva carpeta\OneDrive\Jellyfin\2015\CFK-20150310-01.mp4""",CFK-20150310-01,,,,No,🎥 Video disponible,,
Presentación de la ampliación del programa PROGRESAR 2015,12/03/2015,Argentina,Capital Federal,,Casa de Gobierno - Salón de las Mujeres Argentinas del Bicentenario,,"""D:\Nueva carpeta\OneDrive\Jellyfin\2015\CFK-20150312-03.mp4""",CFK-20150312-03,,,,No,🎥 Video disponible,,
Recibimiento a los intelectuales del Foro por la Emancipación y la Igualdad,12/03/2015,Argentina,Capital Federal,,Casa de Gobierno - Salón Eva Perón,,"""D:\Nueva carpeta\OneDrive\Jellyfin\2015\CFK-20150312-01.mp4""",CFK-20150312-01,,,,No,🎥 Video disponible,,
"Palabras a los militantes, luego de la presentación de la ampliación del programa Progresar 2015",12/03/2015,Argentina,Capital Federal,,Casa de Gobierno - Salón de los Patriotas Latinoamericanos,Patios militantes,"""D:\Nueva carpeta\OneDrive\Jellyfin\2015\CFK-20150312-02.mp4""",CFK-20150312-02,,,,No,🎥 Video disponible,,
Anuncios para pequeños productores agrícolas,16/03/2015,Argentina,Capital Federal,,Casa de Gobierno - Museo del Bicentenario,,,CFK-20150316-01,,,,No,🔍 Buscar video,,
Inauguración y anuncios de obras en El Calafate,20/03/2015,Argentina,Santa Cruz,El Calafate,,,"""D:\Nueva carpeta\OneDrive\Jellyfin\2015\CFK-20150320-01.mp4""",CFK-20150320-01,,,,No,🎥 Video disponible,,
Anuncios en la Casa Rosada,26/03/2015,Argentina,Capital Federal,,Casa de Gobierno - Salón de las Mujeres Argentinas del Bicentenario,,"""D:\Nueva carpeta\OneDrive\Jellyfin\2015\CFK-20150326-01.mp4""",CFK-20150326-01,,,,No,🎥 Video disponible,,
"Visita al centro deportivo y cultural Juan Domingo Perón en La Matanza ",31/03/2015,Argentina,Buenos Aires,La Matanza,,,"""D:\Nueva carpeta\OneDrive\Jellyfin\2015\CFK-20150331-01.mp4""",CFK-20150331-01,,,,No,🎥 Video disponible,,
Día del veterano y de los caídos en la guerra de Malvinas,02/04/2015,Argentina,Tierra del Fuego Antártida e Islas del Atlántico Sur,Ushuaia,,Malvinas,"""D:\Nueva carpeta\OneDrive\Jellyfin\2015\CFK-20150402-01.mp4""",CFK-20150402-01,,,,No,🎥 Video disponible,https://goo.su/S3yDxkh,https://goo.su/S3yDxkh
Anuncios del Gobierno Nacional,07/04/2015,Argentina,Capital Federal,,Casa de Gobierno - Museo del Bicentenario,,"""D:\Nueva carpeta\OneDrive\Jellyfin\2015\CFK-20150407-01.mp4""",CFK-20150407-01,,,,No,🎥 Video disponible,,
Acto de entrega de la distinción Senador Domingo Faustino Sarmiento al Dr. Cristian Fuster,09/04/2015,Argentina,Capital Federal,,Congreso de la Nación,Homenajes y conmemoraciones,"""D:\Nueva carpeta\OneDrive\Jellyfin\2015\CFK-20150409-01.mp4""",CFK-20150409-01,,,,No,🎥 Video disponible,,
VII Cumbre de las Américas,11/04/2015,Panamá,,Panamá,,Cumbre de las Américas,"""D:\Nueva carpeta\OneDrive\Jellyfin\2015\CFK-20150411-01.mp4""",CFK-20150411-01,,,,No,🎥 Video disponible,,
Declaraciones a la prensa tras la VII Cumbre de las Américas,11/04/2015,Panamá,,Panamá,,Conferencias de prensa y entrevistas,"""D:\Nueva carpeta\OneDrive\Jellyfin\2015\CFK-20150411-02.mp4""",CFK-20150411-02,,,,No,🎥 Video disponible,,
Presentación de la producción del modelo de Honda HR-V,14/04/2015,Argentina,Buenos Aires,Campana,,,,CFK-20150414-01,,,,No,🔍 Buscar video,,
Cierre del Congreso Nacional del Radicalismo Popular,16/04/2015,Argentina,Capital Federal,,,Acto partidario,"""D:\Nueva carpeta\OneDrive\Jellyfin\2015\CFK-20150416-01.mp4""",CFK-20150416-01,,,,No,🎥 Video disponible,,
"Arribo a Moscú para la Visita Oficial a Rusia ",21/04/2015,Rusia,,Moscú,,Conferencias de prensa y entrevistas,"""D:\Nueva carpeta\OneDrive\Jellyfin\2015\CFK-20150421-01.mp4""",CFK-20150421-01,,,,No,🎥 Video disponible,,
"Clausura del Foro Empresarial Argentino- Ruso, en Moscú",22/04/2015,Rusia,,Moscú,,Viajes al exterior,"""D:\Nueva carpeta\OneDrive\Jellyfin\2015\CFK-20150422-01.mp4""",CFK-20150422-01,,,,No,🎥 Video disponible,,
Encuentro CEOs de empresas rusas,22/04/2015,Rusia,,Moscú,,Viajes al exterior,"""D:\Nueva carpeta\OneDrive\Jellyfin\2015\CFK-20150422-02.mp4""",CFK-20150422-02,,,,No,🎥 Video disponible,,
"Inauguración de muestra sobre Eva Perón en el Museo Histórico de Moscú ",22/04/2015,Rusia,,Moscú,,Evita,"""D:\Nueva carpeta\OneDrive\Jellyfin\2015\CFK-20150422-03.mp4""",CFK-20150422-03,,,,No,🎥 Video disponible,,
Firma de acuerdos bilaterales con la Federación Rusa,23/04/2015,Rusia,,Moscú,,Viajes al exterior,"""D:\Nueva carpeta\OneDrive\Jellyfin\2015\CFK-20150423-01.mp4""",CFK-20150423-01,,,,No,🎥 Video disponible,,
"Cierre de la visita oficial a la Federación Rusa ",23/04/2015,Rusia,,Moscú,,Conferencias de prensa y entrevistas,,CFK-20150423-06,,,,No,🔍 Buscar video,,
Encuentro con el presidente de la Federación Rusa,23/04/2015,Rusia,,Moscú,,Viajes al exterior,"""D:\Nueva carpeta\OneDrive\Jellyfin\2015\CFK-20150423-02.mp4""",CFK-20150423-02,,,,No,🎥 Video disponible,,
Entrevista del canal RT,23/04/2015,Rusia,,Moscú,,Conferencias de prensa y entrevistas,,CFK-20150423-05,,,,No,🔍 Buscar video,,
"Inauguración del Banco Nacional de Materiales Controlados ",28/04/2015,Argentina,Buenos Aires,San Martín,,,,CFK-20150428-01,,,,No,🎥 Video disponible,,
Saludo a los militantes en Casa de Gobierno,04/05/2015,Argentina,Capital Federal,,Casa de Gobierno - Patio de las Palmeras,Patios militantes,"""D:\Nueva carpeta\OneDrive\Jellyfin\2015\CFK-20150504-02.mp4""",CFK-20150504-02,,,,No,🎥 Video disponible,,
Homenaje a Néstor Kirchner a cinco años de su elección como secretario general de Unasur,04/05/2015,Argentina,Capital Federal,,Casa de Gobierno - Salón de los Patriotas Latinoamericanos,Homenajes y conmemoraciones,,CFK-20150405-01,,,,No,🎥 Video disponible,,
Inauguración de un hospital pediátrico en Chaco,07/05/2015,Argentina,Chaco,Resistencia,,,"""D:\Nueva carpeta\OneDrive\Jellyfin\2015\CFK-20150507-01.mp4""",CFK-20150507-01,,,,No,🎥 Video disponible,,
Firma del Programa Federal de Desendeudamiento para las Provincias,12/05/2015,Argentina,Capital Federal,,Casa de Gobierno - Salón de las Mujeres Argentinas del Bicentenario,,"""D:\Nueva carpeta\OneDrive\Jellyfin\2015\CFK-20150512-01.mp4""",CFK-20150512-01,,,,No,🎥 Video disponible,,
Inauguración de la sede de la Universidad de Río Negro en General Roca,14/05/2015,Argentina,Río Negro,General Roca,Universidad Nacional de Río Negro,Universidades Nacionales,"""D:\Nueva carpeta\OneDrive\Jellyfin\2015\CFK-20150514-01.mp4""",CFK-20150514-01,,,,No,🎥 Video disponible,,
Inauguración del Sitio de la Memoria en la Ex ESMA,19/05/2015,Argentina,Capital Federal,,Ex ESMA,,"""D:\Nueva carpeta\OneDrive\Jellyfin\2015\CFK-20150519-01.mp4""",CFK-20150519-01,,,,No,🎥 Video disponible,,
Promulgación de la ley de creación de Ferrocarriles Argentinos SE,20/05/2015,Argentina,Capital Federal,,,,"""D:\Nueva carpeta\OneDrive\Jellyfin\2015\CFK-20150520-01.mp4""",CFK-20150520-01,,,,No,🎥 Video disponible,,
Inauguración del Centro Cultural Kirchner,21/05/2015,Argentina,Capital Federal,,Centro Cultural Kirchner,,,CFK-20150521-01,,,,No,🔍 Buscar video,,
205° aniversario de la revolución de mayo,25/05/2015,Argentina,Capital Federal,,Plaza de Mayo,Revolución de mayo,"""D:\Nueva carpeta\OneDrive\Jellyfin\2015\CFK-20150525-01.mp4""",CFK-20150525-01,,,,No,🎥 Video disponible,https://goo.su/D97MKS,	 https://goo.su/D97MKS
"Inauguración de Centro de Diagnóstico Intensivo en Mendoza ",03/06/2015,Argentina,Mendoza,"Maipú, Mendoza",,,"""D:\Nueva carpeta\OneDrive\Jellyfin\2015\CFK-20150603-01.mp4""",CFK-20150603-01,,,,No,🎥 Video disponible,,
Disertación en al 39° conferencia de la FAO,08/06/2015,Italia,,Roma,Sede de la FAO,FAO,"""D:\Nueva carpeta\OneDrive\Jellyfin\2015\CFK-20150608-01.mp4""",CFK-20150608-01,,,,No,🎥 Video disponible,,
Declaraciones luego de ser recibida por funcionarios de la FAO,08/06/2015,Italia,,Roma,Sede de la FAO,Conferencias de prensa y entrevistas,,CFK-20150608-03,,,,No,🔍 Buscar video,,
Declaraciones al término de la reunión en la FAO,08/06/2015,Italia,,Roma,Sede de la FAO,Conferencias y disertaciones,"""D:\Nueva carpeta\OneDrive\Jellyfin\2015\CFK-20150608-02.mp4""",CFK-20150608-02,,,,No,🎥 Video disponible,,
Actividad oficial en Roma,08/06/2015,Italia,,Roma,,Conferencias de prensa y entrevistas,,CFK-20150608-04,,,,No,🔍 Buscar video,,
Inauguración del pabellón argentino en la Expo Milano 2015,09/06/2015,Italia,,Milán,Expo Milano,Viajes al exterior,"""D:\Nueva carpeta\OneDrive\Jellyfin\2015\CFK-20150609-01.mp4""",CFK-20150609-01,,,,No,🎥 Video disponible,,
Día de la afirmación de los derechos argentinos sobre las Islas Malvinas,10/06/2015,Argentina,Capital Federal,,Museo Malvinas,Malvinas,"""D:\Nueva carpeta\OneDrive\Jellyfin\2015\CFK-20150610-01.mp4""",CFK-20150610-01,,,,No,🎥 Video disponible,https://goo.su/LCvnW,https://goo.su/LCvnW
Anuncios e inauguraciones,16/06/2015,Argentina,Capital Federal,,Casa de Gobierno - Salón de las Mujeres Argentinas del Bicentenario,,"""D:\Nueva carpeta\OneDrive\Jellyfin\2015\CFK-20150616-02.mp4""",CFK-20150616-02,,,,No,🎥 Video disponible,,
Anuncios e inauguraciones en Casa Rosada,16/06/2015,Argentina,Capital Federal,,"Casa de Gobierno - Patio de las Palmeras, Casa de Gobierno - Salón de los Patriotas Latinoamericanos",Patios militantes,"""D:\Nueva carpeta\OneDrive\Jellyfin\2015\CFK-20150616-01.mp4""",CFK-20150616-01,,,,No,🎥 Video disponible,,
Conmemoración del Día de la Bandera,20/06/2015,Argentina,Santa Fe,"Rosario, Santa Fe",Monumento nacional a la Bandera,20 de junio,"""D:\Nueva carpeta\OneDrive\Jellyfin\2015\CFK-20150620-01.mp4""",CFK-20150620-01,,,,No,🎥 Video disponible,https://1drv.ms/v/c/0acaa6780c141b17/IQAXGxQMeKbKIIAKIwYAAAAAAbJvbULM4SxGDA4clSj9T3M?e=yzczWX,
"Inauguración de obras en La Pampa ",25/06/2015,Argentina,La Pampa,Santa Rosa,,,"""D:\Nueva carpeta\OneDrive\Jellyfin\2015\CFK-20150625-01.mp4""",CFK-20150625-01,,,,No,🎥 Video disponible,,
Entrega de la netbook 5 millones y distinciones a científicos,01/07/2015,Argentina,Capital Federal,,Casa de Gobierno - Salón de las Mujeres Argentinas del Bicentenario,,"""D:\Nueva carpeta\OneDrive\Jellyfin\2015\CFK-20150701-01.mp4""",CFK-20150701-01,,,,No,🎥 Video disponible,,
Saludo a los militantes en Casa de Gobierno,01/07/2015,Argentina,Capital Federal,,"Casa de Gobierno - Patio de las Palmeras, Casa de Gobierno - Salón de los Patriotas Latinoamericanos",Patios militantes,"""D:\Nueva carpeta\OneDrive\Jellyfin\2015\CFK-20150701-02.mp4""",CFK-20150701-02,,,,No,🎥 Video disponible,,
Cena de Camaradería de las Fuerzas Armadas,07/07/2015,Argentina,Capital Federal,,Edificio Libertador,Fuerzas Armadas,"""D:\Nueva carpeta\OneDrive\Jellyfin\2015\CFK-20150707-01.mp4""",CFK-20150707-01,,,,No,🎥 Video disponible,,
"199° aniversario de la declaración de la independencia ",09/07/2015,Argentina,Tucumán,San Miguel de Tucumán,,9 de julio,"""D:\Nueva carpeta\OneDrive\Jellyfin\2015\CFK-20150709-01.mp4""",CFK-20150709-01,,,,No,🎥 Video disponible,,
"Cena en honor al presidente de Bolivia, Evo Morales, en el Museo del Bicentenario",15/07/2015,Argentina,Capital Federal,,Casa de Gobierno - Museo del Bicentenario,Visitas de mandatarios extranjeros,,CFK-20150715-02,,,,No,🎥 Video disponible,,
Firma de acuerdos con el Presidente de Bolivia,15/07/2015,Argentina,Capital Federal,,Casa de Gobierno - Salón de las Mujeres Argentinas del Bicentenario,Visitas de mandatarios extranjeros,"""D:\Nueva carpeta\OneDrive\Jellyfin\2015\CFK-20150715-01.mp4""",CFK-20150715-01,,,,No,🎥 Video disponible,,
"Inauguración de la quinta edición de Tecnópolis ",16/07/2015,Argentina,Buenos Aires,Vicente López,Tecnópolis,,"""D:\Nueva carpeta\OneDrive\Jellyfin\2015\CFK-20150716-01.mp4""",CFK-20150716-01,,,,No,🎥 Video disponible,,
Plenario de la Cumbre de Mercosur en Brasilia,17/07/2015,Brasil,,Brasilia,,MERCOSUR,"""D:\Nueva carpeta\OneDrive\Jellyfin\2015\CFK-20150717-01.mp4""",CFK-20150717-01,,,,No,🎥 Video disponible,,
"Inauguración de Autovía Ruta Provincial Nº 6 ",21/07/2015,Argentina,Buenos Aires,Cañuelas,,,"""D:\Nueva carpeta\OneDrive\Jellyfin\2015\CFK-20150721-02.mp4""",CFK-20150721-02,,,,No,🎥 Video disponible,,
"Cierre de la reunión del Consejo del Salario Mínimo, Vital y Móvil ",21/07/2015,Argentina,Capital Federal,,Ministerio de Trabajo,,"""D:\Nueva carpeta\OneDrive\Jellyfin\2015\CFK-20150721-01.mp4""",CFK-20150721-01,,,,No,🎥 Video disponible,,
Inauguración del Centro Articulador de Políticas Sanitarias en Río Gallegos,23/07/2015,Argentina,Santa Cruz,Río Gallegos,,,"""D:\Nueva carpeta\OneDrive\Jellyfin\2015\CFK-20150723-01.mp4""",CFK-20150723-01,,,,No,🎥 Video disponible,,
"Acto de anuncios en Casa de Gobierno ",05/08/2015,Argentina,Capital Federal,,Casa de Gobierno - Salón de las Mujeres Argentinas del Bicentenario,,"""D:\Nueva carpeta\OneDrive\Jellyfin\2015\CFK-20150805-01.mp4""",CFK-20150805-01,,,,No,🎥 Video disponible,,
"Anuncios e inauguraciones de obras, en el Salón de las Mujeres Argentinas",20/08/2015,Argentina,Capital Federal,,Casa de Gobierno - Salón de las Mujeres Argentinas del Bicentenario,,"""D:\Nueva carpeta\OneDrive\Jellyfin\2015\CFK-20150820-01.mp4""",CFK-20150820-01,,,,No,🎥 Video disponible,,
Palabras ante los militantes en los patios de Casa Rosada,20/08/2015,Argentina,Capital Federal,,"Casa de Gobierno - Patio Malvinas Argentinas, Casa de Gobierno - Patio de las Palmeras, Casa de Gobierno - Salón de los Patriotas Latinoamericanos",Patios militantes,"""D:\Nueva carpeta\OneDrive\Jellyfin\2015\CFK-20150820-02.mp4""",CFK-20150820-02,,,,No,🎥 Video disponible,,
Reapertura de salas del Museo Nacional de Bellas Artes,22/08/2015,Argentina,Capital Federal,,Museo Nacional de Bellas Artes,,,CFK-20150822-01,,,,No,🔍 Buscar video,,
161 Aniversario de la Bolsa de Comercio de Buenos Aires,26/08/2015,Argentina,Capital Federal,,Bolsa de Comercio de Buenos Aires,,"""D:\Nueva carpeta\OneDrive\Jellyfin\2015\CFK-20150826-01.mp4""",CFK-20150826-01,,,,No,🎥 Video disponible,,
Inaguración de la Estación Ciudad Universitaria,29/08/2015,Argentina,Capital Federal,,,,"""D:\Nueva carpeta\OneDrive\Jellyfin\2015\CFK-20150829-01.mp4""",CFK-20150829-01,,,,No,🎥 Video disponible,,
"Festejo del Día del Niño en APUBA ",29/08/2015,Argentina,Capital Federal,,,,"""D:\Nueva carpeta\OneDrive\Jellyfin\2015\CFK-20150829-02.mp4""",CFK-20150829-02,,,,No,🎥 Video disponible,,
Cena por el Día de la Industria,03/09/2015,Argentina,Buenos Aires,Vicente López,Tecnópolis,Día de la industria,,CFK-20150903-01,,,,No,🔍 Buscar video,,
Inauguración del primer módulo de la Central Termoeléctrica de Río Turbio,04/09/2015,Argentina,Santa Cruz,Rio Turbio,,,,CFK-20150904-01,,,,No,🔍 Buscar video,,
Inauguración de Unidad de Pronta Atención en José C. Paz,09/09/2015,Argentina,Buenos Aires,José C. Paz,,,,CFK-20150909-01,,,,No,🔍 Buscar video,,
Palabras en Cadena Nacional,10/09/2015,Argentina,Capital Federal,,Casa de Gobierno - Despacho presidencial,Cadena Nacional,,CFK-20150910-01,,,,No,🔍 Buscar video,,
Discursos a jóvenes militantes en los patios de Casa Rosada,16/09/2015,Argentina,Capital Federal,,"Casa de Gobierno - Patio de las Palmeras, Casa de Gobierno - Salón de los Patriotas Latinoamericanos",Patios militantes,,CFK-20150916-02,,,,No,🔍 Buscar video,,
"Anuncios en el Salón de las Mujeres Argentinas del Bicentenario, en Casa Rosada",16/09/2015,Argentina,Capital Federal,,Casa de Gobierno - Salón de las Mujeres Argentinas del Bicentenario,,,CFK-20150916-01,,,,No,🔍 Buscar video,,
Arribo a Cuba,19/09/2015,Cuba,,La Habana,,Conferencias de prensa y entrevistas,"""D:\Nueva carpeta\OneDrive\Jellyfin\2015\CFK-20150919-02.mp4""",CFK-20150919-02,,,,No,🎥 Video disponible,,
Palabras luego de presenciar de la misa que ofreció el Papa Francisco en La Habana,19/09/2015,Cuba,,La Habana,,Conferencias de prensa y entrevistas,"""D:\Nueva carpeta\OneDrive\Jellyfin\2015\CFK-20150920-01.mp4""",CFK-20150920-01,,,,No,🎥 Video disponible,,
"Inauguración del Hospital Materno infantil “Dra. Teresa Germani” y anuncio de obras en La Matanza, Buenos Aires",19/09/2015,Argentina,Buenos Aires,La Matanza,,,,CFK-20150919-01,,,,No,🔍 Buscar video,,
"Inauguración del Hospital pediátrico Fernando Barreyro, en Posadas, provincia de Misiones",23/09/2015,Argentina,Misiones,Posadas,,,"""D:\Nueva carpeta\OneDrive\Jellyfin\2015\CFK-20150923-01.mp4""",CFK-20150923-01,,,,No,🎥 Video disponible,,
Inauguración de obras en la Facultad de Odontología de la UBA,26/09/2015,Argentina,Capital Federal,,Universidad Nacional de Buenos Aires,Universidades Nacionales,,CFK-20150926-01,,,,No,🔍 Buscar video,,
"Encuentro de Líderes Mundiales para la Igualdad de Género y Empoderamiento de la Mujer, en la ONU",27/09/2015,Estados Unidos,,Nueva York,Sede de las Naciones Unidas,Conferencias y disertaciones,"""D:\Nueva carpeta\OneDrive\Jellyfin\2015\CFK-20150927-01.mp4""",CFK-20150927-01,,,,No,🎥 Video disponible,,
"Entrevista de C5N en Nueva York, Estados Unidos",28/09/2015,Estados Unidos,,Nueva York,,Conferencias de prensa y entrevistas,,CFK-20150930-02,,,,No,🎥 Video disponible,,
70° Asamblea de la Organización de las Naciones Unidas,28/09/2015,Estados Unidos,,Nueva York,Sede de las Naciones Unidas,Naciones Unidas,"""D:\Nueva carpeta\OneDrive\Jellyfin\2015\CFK-20150928-01.mp4""",CFK-20150928-01,,,,No,🎥 Video disponible,https://1drv.ms/v/c/0acaa6780c141b17/IQAbgs0OEWGnSoEsBibn6jLMAbTGtfm5WkqZoZURJxtSRa4?e=whePb3,
Histórico lanzamiento del Arsat- 2,01/10/2015,Argentina,Capital Federal,,Casa de Gobierno - Despacho presidencial,Cadena Nacional,,CFK-20151001-01,,,,No,🔍 Buscar video,,
"Inauguración de obras en la Universidad Tecnológica Nacional de Río Gallegos ",02/10/2015,Argentina,Santa Cruz,Río Gallegos,Universidad Tecnológica Nacional de Río Gallegos,Universidades Nacionales,,CFK-20151002-01,,,,No,🔍 Buscar video,,
87 aniversario del Día del Camino,06/10/2015,Argentina,Buenos Aires,Vicente López,Tecnópolis,,,CFK-20151006-01,,,,No,🔍 Buscar video,,
Puesta en marcha del Hospital Dr. René Favaloro en La Matanza,07/10/2015,Argentina,Buenos Aires,La Matanza,,,,CFK-20151007-01,,,,No,🔍 Buscar video,,
Inauguración de obras en Río Gallegos,09/10/2015,Argentina,Santa Cruz,Río Gallegos,,,,CFK-20151009-01,,,,No,🔍 Buscar video,,
"Inauguración de nueva línea de producción de L’Oreal ",14/10/2015,Argentina,Buenos Aires,Escobar,,,,CFK-20151014-01,,,,No,🔍 Buscar video,,
Videoconferencia con el presidente de la Federación Rusa,21/10/2015,Argentina,Buenos Aires,,Residencia Presidencial de Olivos,,,CFK-20151021-01,,,,No,🔍 Buscar video,,
Declaraciones luego de votar en Santa Cruz,25/10/2015,Argentina,Santa Cruz,Río Gallegos,,Conferencias de prensa y entrevistas,"""D:\Nueva carpeta\OneDrive\Jellyfin\2015\CFK-20151025-01.mp4""",CFK-20151025-01,,,,No,🎥 Video disponible,,
"Presentación del proyecto Bosques nativos y comunidad ",30/10/2015,Argentina,Capital Federal,,Casa de Gobierno - Salón de las Mujeres Argentinas del Bicentenario,,,CFK-20151030-02,,,,No,🔍 Buscar video,,
Saludo a los militantes en Casa de Gobierno,30/10/2015,Argentina,Capital Federal,,"Casa de Gobierno - Patio Malvinas Argentinas, Casa de Gobierno - Patio de las Palmeras, Casa de Gobierno - Salón de los Patriotas Latinoamericanos",Patios militantes,,CFK-20151030-01,,,,No,🔍 Buscar video,,
Inauguración de la segunda etapa del Polo Científico Tecnológico,06/11/2015,Argentina,Capital Federal,,Polo Científico Tecnológico,,,CFK-20151106-01,,,,No,🔍 Buscar video,,
Saludo a los militantes y público en el Polo Científico Tecnológico,06/11/2015,Argentina,Capital Federal,,Polo Científico Tecnológico,Patios militantes,"""D:\Nueva carpeta\OneDrive\Jellyfin\2015\CFK-20151106-01.mp4""",CFK-20151106-02,,,,No,🎥 Video disponible,,
Declaraciones tras votar en Santa Cruz,22/11/2015,Argentina,Santa Cruz,Río Gallegos,,Conferencias y disertaciones,"""D:\Nueva carpeta\OneDrive\Jellyfin\2015\CFK-20151122-01.mp4""",CFK-20151122-01,,,,No,🎥 Video disponible,,
Acto de presentación de obras del Hospital Posadas,25/11/2015,Argentina,Buenos Aires,Morón,,,,CFK-20151125-01,,,,No,🔍 Buscar video,,
Declaraciones a la prensa tras la recorrida por Y-TEC,26/11/2015,Argentina,Buenos Aires,Berisso,Centro Tecnológico de YPF,Conferencias de prensa y entrevistas,,CFK-20151126-01,,,,No,🔍 Buscar video,,
"Recorrida por obras del centro tecnológico de YPF (Y-TEC) en Berisso ",26/11/2015,Argentina,Buenos Aires,Berisso,Centro Tecnológico de YPF,YPF,,CFK-20151126-02,,,,No,🔍 Buscar video,,
"Recorrida por el complejo tecnológico de Pilcaniyeu, de la Comisión Nacional de Energía Atómica",30/11/2015,Argentina,Río Negro,Bariloche,Complejo Tecnológico Pilcaniyeu,,,CFK-20151130-02,,,,No,🔍 Buscar video,,
Inauguración de la Planta de Enriquecimiento de Uranio en el Complejo Tecnológico Pilcaniyeu,30/11/2015,Argentina,Río Negro,Bariloche,Complejo Tecnológico Pilcaniyeu,,,CFK-20151130-01,,,,No,🔍 Buscar video,,
Inauguración de la nueva sede de la Secretaría de Derechos Humanos,02/12/2015,Argentina,Capital Federal,,Ex ESMA,,,CFK-20151202-01,,,,No,🔍 Buscar video,,
"Inauguración de la primera etapa de electrificación de la línea Roca, ramal Constitución-La Plata",05/12/2015,Argentina,Buenos Aires,Quilmes,,,,CFK-20151205-01,,,,No,🔍 Buscar video,,
Despedida en la Plaza de Mayo,09/12/2015,Argentina,Capital Federal,,Plaza de Mayo,Acto partidario,"""D:\Nueva carpeta\OneDrive\Jellyfin\2015\CFK-20151209-02.mp4""",CFK-20151209-02,,,,No,🎥 Video disponible,,
Descubrimiento del busto del ex presidente Néstor Kirchner en Casa Rosada,09/12/2015,Argentina,Capital Federal,,Casa de Gobierno - Galería de Bustos Presidenciales,Homenajes y conmemoraciones,"""D:\Nueva carpeta\OneDrive\Jellyfin\2015\CFK-20151209-01.mp4""",CFK-20151209-01,,,,No,🎥 Video disponible,,
Discurso en Comodoro Py,13/04/2016,Argentina,Capital Federal,,Comodoro Py,,,CFK-20160413-01,,,,No,🔍 Buscar video,,
Rueda de prensa en El Calafate,23/07/2016,Argentina,Santa Cruz,El Calafate,,Conferencias de prensa y entrevistas,,CFK-20160723-01,,,,No,🔍 Buscar video,,
Homenaje al comandante Hugo Chávez en el Instituto Patria,29/07/2016,Argentina,Capital Federal,,Instituto Patria,,,CFK-20160729-01,,,,No,🔍 Buscar video,,
Visita a la Facultad de Filosofía y Letras de la UBA,05/08/2016,Argentina,Capital Federal,,Universidad Nacional de Buenos Aires,,,CFK-20160805-01,,,,No,🔍 Buscar video,,
Visita a Barrio Carlos Mugica de la Villa 31,08/08/2016,Argentina,Capital Federal,,,,,CFK-20160808-01,,,,No,🔍 Buscar video,,
"Acto a Ensenada, provincia de Buenos Aires",18/08/2016,Argentina,Buenos Aires,Ensenada,,,,CFK-20160818-01,,,,No,🔍 Buscar video,,
Acto en ATE Capital,14/09/2016,Argentina,Capital Federal,,,,,CFK-20160914-01,,,,No,🔍 Buscar video,,
Discurso tras el acto de ATE Capital,14/09/2016,Argentina,Capital Federal,,Sede de ATE Capital,,,CFK-20160914-02,,,,No,🔍 Buscar video,,
"Acto junto a la Federación Universitaria de La Plata ",21/09/2016,Argentina,Buenos Aires,La Plata,Club Atenas de La Plata,,,CFK-20160921-01,,,,No,🔍 Buscar video,,
Encuentro Latinoamericano Progresista -ELAP 2016,27/09/2016,Ecuador,,Quito,,Conferencias y disertaciones,,CFK-20160927-01,,,,No,🔍 Buscar video,,
Condecoración Manuela Sáenz por parte de la Asamblea Nacional del Ecuador,29/09/2016,Ecuador,,Quito,,,,CFK-20160929-01,,,,No,🔍 Buscar video,,
Homenaje a Yrigoyen,06/10/2016,Argentina,Capital Federal,,,Homenajes y conmemoraciones,,CFK-20160610-01,,,,No,🔍 Buscar video,,
Recibimiento del Doctorado Honoris Causa de la UNQui y la UNDAV,12/10/2016,Argentina,Buenos Aires,Quilmes,Universidad Nacional de Quilmes,,,CFK-20161012-01,,,,No,🔍 Buscar video,,
Día de la Lealtad,17/10/2016,Argentina,Capital Federal,,,17 de octubre,,CFK-20161017-01,,,,No,🔍 Buscar video,,
Palabras en la Universidad Arturo Jauretche,10/11/2016,Argentina,Buenos Aires,Florencio Varela,Universidad Nacional Arturo Jauretche,,,CFK-20161110-02,,,,No,🔍 Buscar video,,
Inauguración de la carrera de Economía en la Universidad Nacional Arturo Jauretche,10/11/2016,Argentina,Buenos Aires,Florencio Varela,Universidad Nacional Arturo Jauretche,,,CFK-20161110-01,,,,No,🔍 Buscar video,,
III Encuentro Nacional de Salud,03/12/2016,Argentina,Buenos Aires,Lanús,Universidad Nacional de Lanús,,,CFK-20161203-01,,,,No,🔍 Buscar video,,
Homenaje a detenidos desaparecidos de colectividades árabe y judía,06/12/2016,Argentina,Capital Federal,,,Homenajes y conmemoraciones,,CFK-20161206-01,,,,No,🔍 Buscar video,,
Conferencia “La lucha política en América Latina” en Brasil,08/12/2016,Brasil,,San Pablo,,Conferencias y disertaciones,,CFK-20161208-01,,,,No,🔍 Buscar video,,
Intervención sobre el movimiento feminista y el formateo patriarcal en Argentina en el Parlamento Europeo,10/05/2017,Bélgica,,Bruselas,Parlamento Europeo,Conferencias y disertaciones,,CFK-20170510-06,,,,No,🔍 Buscar video,,
Entrevista luego de la reunión con Eurodiputados,10/05/2017,Bélgica,,Bruselas,,Conferencias de prensa y entrevistas,,CFK-20170510-05,,,,No,🔍 Buscar video,,
Reunión en el Parlamento Europeo con grupo de Eurodiputados GUE/NGL,10/05/2017,Bélgica,,Bruselas,Parlamento Europeo,,,CFK-20170510-01,,,,No,🔍 Buscar video,,
Conmemoración del Día de la Bandera - Presentación de Unidad Ciudadana en Avellaneda,20/06/2017,Argentina,Buenos Aires,Avellaneda,Estadio Julio Humberto Grondona,20 de junio,,CFK-20170620-01,,,,No,🔍 Buscar video,,
Encuentro con con científicos e investigadores,01/08/2017,Argentina,Buenos Aires,Malvinas Argentinas,,,,CFK-20170801-01,,,,No,🔍 Buscar video,,
Encuentro con clubes de barrio en Merlo,08/08/2017,Argentina,Buenos Aires,Merlo,,,,CFK-20170808-01,,,,No,🔍 Buscar video,,
Cierre de campaña de Unidad Ciudadana,10/08/2017,Argentina,Buenos Aires,La Matanza,,,,CFK-20170810-01,,,,No,🔍 Buscar video,,
Discurso tras las PASO,14/08/2017,Argentina,Buenos Aires,Avellaneda,,,,CFK-20170814-01,,,,No,🔍 Buscar video,,
Declaraciones a la prensa a la salida de los tribunales de Comodoro Py,26/10/2017,Argentina,Capital Federal,,Comodoro Py,,,CFK-20171026-01,,,,No,🔍 Buscar video,,
Cuestión de privilegio solicitada el 27 de diciembre de 2017 sobre la persecución política y judicial a opositores,27/12/2017,Argentina,Capital Federal,,Congreso de la Nación,,,CFK-20171227-01,,,,No,🔍 Buscar video,,
Intervención en la sesión por la Ley de Presupuesto 2018 y la Reforma Tributaria,27/12/2017,Argentina,Capital Federal,,Congreso de la Nación,,,CFK-20171227-02,,,,No,🔍 Buscar video,,
Intervención en la sesión por la Ley de Financiamiento Productivo,21/03/2018,Argentina,Capital Federal,,Congreso de la Nación,,,CFK-20180321-01,,,,No,🔍 Buscar video,,
Intervención en la sesión por la ley para frenar el tarifazo y la modificación de ley de defensa de la competencia,18/04/2018,Argentina,Capital Federal,,Congreso de la Nación,,,CFK-20180418-01,,,,No,🔍 Buscar video,,
Intervención en la sesión donde votamos la ley para ponerle un freno al Tarifazo,30/05/2018,Argentina,Capital Federal,,Congreso de la Nación,,,CFK-20180530-01,,,,No,🔍 Buscar video,,
Intervención en la sesión por la Ley de Interrupción Voluntaria del Embarazo,08/08/2018,Argentina,Capital Federal,,Congreso de la Nación,,,CFK-20180808-01,,,,No,🔍 Buscar video,,
Intervención en la sesión donde se trató el pedido de desafuero,22/08/2018,Argentina,Capital Federal,,Congreso de la Nación,,,CFK-20180822-01,,,,No,🔍 Buscar video,,
Intervención en la sesión donde debatimos el proyecto para ponerle un freno al Tarifazo,10/10/2018,Argentina,Capital Federal,,Congreso de la Nación,,,CFK-20181010-01,,,,No,🔍 Buscar video,,
Intervención en la sesión en que debatimos el proyecto de Presupuesto 2019,14/12/2018,Argentina,Capital Federal,,Congreso de la Nación,,,CFK-20181214-01,,,,No,🔍 Buscar video,,
Intervención en la sesión para la modificación de la Ley de Papel Prensa,19/12/2018,Argentina,Capital Federal,,Congreso de la Nación,,,CFK-20181219-01,,,,No,🔍 Buscar video,,
Cuestión de privilegio,27/02/2019,Argentina,Capital Federal,,Congreso de la Nación,,,CFK-20190227-01,,,,No,🔍 Buscar video,,
Presentación de Sinceramente en la Feria del Libro,10/05/2019,Argentina,Capital Federal,,,Presentación de Sinceramente,,CFK-20190510-01,,,,No,🔍 Buscar video,,
Presentación de Sinceramente en Santiago del Estero,11/06/2019,Argentina,Santiago del Estero,,,Presentación de Sinceramente,,CFK-20190611-01,,,,No,🔍 Buscar video,,
Conmemoración del Día de la Bandera - Presentación de Sinceramente,20/06/2019,Argentina,Santa Fe,"Rosario, Santa Fe",Centro Metropolitano,20 de junio,,CFK-20190620-01,,,,No,🔍 Buscar video,,
Presentación de Sinceramente en Chaco,29/06/2019,Argentina,Chaco,Resistencia,,Presentación de Sinceramente,,CFK-20190629-01,,,,No,🔍 Buscar video,,
"Presentación de Sinceramente en Río Gallegos, Santa Cruz",13/07/2019,Argentina,Santa Cruz,Río Gallegos,,Presentación de Sinceramente,,CFK-20190713-01,,,,No,🔍 Buscar video,,
Presentación de Sinceramente en Mar del Plata,19/07/2019,Argentina,Buenos Aires,Mar del Plata,,Presentación de Sinceramente,,CFK-20190719-01,,,,No,🔍 Buscar video,,
Presentación de Sinceramente en Mendoza,27/07/2019,Argentina,Mendoza,Mendoza,,Presentación de Sinceramente,,CFK-20190727-01,,,,No,🔍 Buscar video,,
Presentación de Sinceramente en Malvinas Argentinas,03/08/2019,Argentina,Buenos Aires,Malvinas Argentinas,,Presentación de Sinceramente,,CFK-20190803-01,,,,No,🔍 Buscar video,,
Presentación de Sinceramente en La Plata,31/08/2019,Argentina,Buenos Aires,La Plata,,Presentación de Sinceramente,,CFK-20190831-01,,,,No,🔍 Buscar video,,
Presentación de Sinceramente en Misiones,07/09/2019,Argentina,Misiones,Posadas,,Presentación de Sinceramente,,CFK-20190907-01,,,,No,🔍 Buscar video,,
Presentación de Sinceramente en La Matanza,21/09/2019,Argentina,Buenos Aires,La Matanza,,Presentación de Sinceramente,,CFK-20190921-01,,,,No,🔍 Buscar video,,
"Presentación de Sinceramente en El Calafate, Santa Cruz",14/10/2019,Argentina,Santa Cruz,El Calafate,,Presentación de Sinceramente,,CFK-20191014-01,,,,No,🔍 Buscar video,,
Discurso en la Plaza de Mayo despues de asumir como vicepresidenta,10/12/2019,Argentina,Capital Federal,,Plaza de Mayo,Acto partidario,,CFK-20191210-01,,,,No,🔍 Buscar video,,
Discurso en el anuncio de obras de viviendas y escuelas en la ciudad de La Plata,18/12/2020,Argentina,Buenos Aires,La Plata,,,,CFK-20201218-01,,,,No,🔍 Buscar video,,
Presentación del programa «Conectar Igualdad Lomas»,01/07/2021,Argentina,Buenos Aires,Lomas de Zamora,,,,CFK-20210701-01,,,,No,🔍 Buscar video,,
Intervención completa en la audiencia judicial de la causa Memorándum con Irán,16/07/2021,Argentina,Capital Federal,,Congreso de la Nación,,,CFK-20210716-01,,,,No,🔍 Buscar video,,
Presentación de candidatos y candidatas del Frente de Todos,24/07/2021,Argentina,Buenos Aires,Escobar,,,,CFK-20210724-01,,,,No,🔍 Buscar video,,
Cierre de campaña del Frente de Todos en Tecnópolis,09/09/2021,Argentina,Buenos Aires,Vicente López,Tecnópolis,,,CFK-20210909-01,,,,No,🔍 Buscar video,,
Día de la Democracia y de los Derechos Humanos en Plaza de Mayo,10/12/2021,Argentina,Capital Federal,,Plaza de Mayo,Día de los Derechos Humanos,,CFK-20211210-01,,,,No,🔍 Buscar video,,
Conferencia en la Universidad Nacional Autónoma de Honduras: «Los pueblos siempre vuelven»,26/01/2022,Honduras,,Tegucigalpa,Universidad Nacional Autónoma de Honduras,Conferencias y disertaciones,,CFK-20220126-01,,,,No,🔍 Buscar video,,
Día del veterano y de los caídos en la guerra de Malvinas,02/04/2022,Argentina,Capital Federal,,Congreso de la Nación,Malvinas,,CFK-20220402-01,,,,No,🔍 Buscar video,,
Discurso en la apertura de la decimocuarta sesión plenaria de Eurolat en el Centro Cultural Kirchner,13/04/2022,Argentina,Capital Federal,,Centro Cultural Kirchner,Conferencias y disertaciones,,CFK-20220413-01,,,,No,🔍 Buscar video,,
"Conferencia «Estado, Poder y Sociedad: la insatisfacción democrática» en la entrega del Doctorado Honoris Causa de la UNCAUS",06/05/2022,Argentina,Chaco,Roque Sáenz Peña,Universidad Nacional del Chaco Austral,Conferencias y disertaciones,,CFK-20220605-01,,,,No,🔍 Buscar video,,
Discurso completo en el acto por los 100 años de YPF y los 10 de su recuperación,03/06/2022,Argentina,Buenos Aires,Vicente López,Tecnópolis,YPF,,CFK-20220603-01,,,,No,🔍 Buscar video,,
Discurso completo en el plenario de la CTA en Avellaneda,20/06/2022,Argentina,Buenos Aires,Avellaneda,,,,CFK-20220620-01,,,,No,🔍 Buscar video,,
"“A 48 años del fallecimiento de Perón: Argentina, política y economía”",01/07/2022,Argentina,Buenos Aires,Ensenada,,Conferencias y disertaciones,,CFK-20220701-01,,,,No,🔍 Buscar video,,
Inauguración del Cine Teatro Municipal y firma de convenios universitarios para El Calafate,08/07/2022,Argentina,Santa Cruz,El Calafate,,,,CFK-20220708-01,,,,No,🔍 Buscar video,,
Derecho de defensa en la Causa Vialidad,24/08/2022,Argentina,Capital Federal,,Congreso de la Nación,,,CFK-20220824-01,,,,No,🔍 Buscar video,,
Palabras en la esquina de Juncal y Uruguay,28/08/2022,Argentina,Capital Federal,,Juncal y Uruguay,,,CFK-20220828-01,,,,No,🔍 Buscar video,,
Encuentro en el Congreso de la Nación con senadores y diputados del Frente de Todos,30/08/2022,Argentina,Capital Federal,,Congreso de la Nación,,,CFK-20220830-01,,,,No,🔍 Buscar video,,
"Encuentro con Curas villeros, Curas en Opción por los pobres y hermanas, religiosas y laicas",15/09/2022,Argentina,Capital Federal,,Congreso de la Nación,,,CFK-20220915-01,,,,No,🔍 Buscar video,,
Defensa en la causa vialidad,23/09/2022,Argentina,Capital Federal,,Congreso de la Nación,,,CFK-20220923-01,,,,No,🔍 Buscar video,,
Plenario de la UOM,04/11/2022,Argentina,Buenos Aires,Pilar,,,,CFK-20221104-01,,,,No,🔍 Buscar video,,
Día de la Militancia en el Estadio Diego Armando Maradona de La Plata,17/11/2022,Argentina,Buenos Aires,La Plata,Estadio Diego Armando Maradona,,,CFK-20221117-01,,,,No,🔍 Buscar video,,
“Últimas palabras” en la Causa Vialidad,29/11/2022,Argentina,Capital Federal,,Congreso de la Nación,,,CFK-20221129-01,,,,No,🔍 Buscar video,,
¿Lawfare? ¿Partido Judicial? Mafia y Estado paralelo. Transmisión post sentencia.,06/12/2022,Argentina,Capital Federal,,Congreso de la Nación,,,CFK-20221206-01,,,,No,🔍 Buscar video,,
Inauguración del Polideportivo Diego Armando Maradona de Avellaneda,27/12/2022,Argentina,Buenos Aires,Avellaneda,Polideportivo Diego Armando Maradona,,,CFK-20221227-01,,,,No,🔍 Buscar video,,
Entrega de la distinción «Juana Azurduy» del Senado a las Abuelas de Plaza de Mayo,07/03/2023,Argentina,Capital Federal,,Congreso de la Nación,,,CFK-20230307-01,,,,No,🔍 Buscar video,,
"Conferencia: «¿Hegemonía o consenso? Ruptura del pacto democrático en una economía bimonetaria: inflación y FMI, crisis de deuda y fragmentación política».",10/03/2023,Argentina,Río Negro,Viedma,Universidad Nacional de Río Negro,Conferencias y disertaciones,,CFK-20230310-01,,,,No,🔍 Buscar video,,
"Encuentro del Grupo de Puebla “Voluntad popular y democracia. Del partido militar al partido judicial, las amenazas a la Democracia”.",22/03/2023,Argentina,Capital Federal,,Centro Cultural Kirchner,Conferencias y disertaciones,,CFK-20230322-01,,,,No,🔍 Buscar video,,
Lanzamiento de la Escuela Justicialista Néstor Kirchner en La Plata,27/04/2023,Argentina,Buenos Aires,La Plata,,,,CFK-20230427-01,,,,No,🔍 Buscar video,,
213º aniversario de la revolución de mayo y 20 años de la asunción de Néstor Kirchner,25/05/2023,Argentina,Capital Federal,,Plaza de Mayo,Revolución de mayo,,CFK-20230525-01,,,,No,🔍 Buscar video,,
Inauguración de la ampliación del Hospital de Río Gallegos.,15/06/2023,Argentina,Santa Cruz,Río Gallegos,,,,CFK-20230615-01,,,,No,🔍 Buscar video,,
Acto de recuperación del avión de los «Vuelos de la Muerte»,26/06/2023,Argentina,Capital Federal,,,,,CFK-20230626-01,,,,No,🔍 Buscar video,,
Inauguración del Gasoducto Presidente Néstor Kirchner,09/07/2023,Argentina,Buenos Aires,Salliqueló,,,,CFK-20230709-01,,,,No,🔍 Buscar video,,
A 15 años de la recuperación de Aerolíneas Argentinas,17/07/2023,Argentina,Buenos Aires,Ezeiza,,Aerolíneas Argentinas,,CFK-20230717-01,,,,No,🔍 Buscar video,,
Presentación de la reedición de «Después del derrumbe”,23/09/2023,Argentina,Capital Federal,,Universidad Metropolitana para la Educación y el Trabajo,Conferencias y disertaciones,,CFK-20230923-01,,,,No,🔍 Buscar video,,
Inauguración del Microestadio Presidente Néstor Kirchner en Quilmes,27/04/2024,Argentina,Buenos Aires,Quilmes,Microestadio Presidente Néstor Kirchner,,,CFK-20240427-01,,,,No,🔍 Buscar video,,
Inauguración del Salón de las Mujeres del Bicentenario del Instituto Patria,07/05/2024,Argentina,Capital Federal,,Instituto Patria,,,CFK-20240507-01,,,,No,🔍 Buscar video,,
"A 50 años del martirio del Padre Mugica, entronización de la Virgen de Luján en el Salón de las Mujeres del Bicentenario del Instituto Patria",11/05/2024,Argentina,Capital Federal,,Instituto Patria,,,CFK-20240511-01,,,,No,🔍 Buscar video,,
Cerre del curso «Realidad política y electoral de América Latina» en la ciudad de México,03/08/2024,México,,,,Conferencias y disertaciones,,CFK-20240803-01,,,,No,🔍 Buscar video,,
"Sigue siendo la economía bimonetaria, estúpido.",13/09/2024,Argentina,Buenos Aires,Merlo,,Conferencias y disertaciones,,CFK-20240913-01,,,,No,🔍 Buscar video,,
Día de la Militancia en Santiago del Estero,17/11/2024,Argentina,Santiago del Estero,,,,,CFK-20241117-01,,,,No,🔍 Buscar video,,
11º Encuentro Nacional de Salud en la Universidad Nacional de Rosario,23/11/2024,Argentina,Santa Fe,"Rosario, Santa Fe",Universidad Nacional de Rosario,Conferencias y disertaciones,,CFK-20241123-01,,,,No,🔍 Buscar video,,
Discurso de asunción como presidenta del Partido Justicialista,11/12/2024,Argentina,Capital Federal,,Universidad Metropolitana para la Educación y el Trabajo,Acto partidario,,CFK-20241211-01,,,,No,🔍 Buscar video,,
Participación en el Congreso Nacional Educativo «Imaginar y transformar»,22/03/2025,Argentina,Capital Federal,,Universidad Nacional de Buenos Aires,Conferencias y disertaciones,,CFK-20250322-01,,,,No,🔍 Buscar video,,
215º aniversario de la revolución de mayo en el Encuentro de la Cultura Popular,25/05/2025,Argentina,Capital Federal,,Polo Cultural y Deportivo Saldías,Revolución de mayo,,CFK-20250525-01,,,,No,🔍 Buscar video,,
Presentación de la lista del peronismo en Corrientes,07/06/2025,Argentina,Corrientes,Paso de los Libres,,,,CFK-20250607-01,,,,No,🔍 Buscar video,,
Acto por el Día de la Resistencia Peronista. Cristina le habla a la militancia afuera de la sede del Partido Justicialista,09/06/2025,Argentina,Capital Federal,,Sede del Partido Justicialista,Homenajes y conmemoraciones,,CFK-20250609-01,,,,No,🔍 Buscar video,,
"Acto por el Día de la Resistencia Peronista en el Partido Justicialista, a 69 años de los fusilamientos de José León Suárez",09/06/2025,Argentina,Capital Federal,,Sede del Partido Justicialista,Homenajes y conmemoraciones,,CFK-20250609-02,,,,No,🔍 Buscar video,,
Mensaje a mis compatriotas luego del fallo de la Corte Suprema,10/06/2025,Argentina,Capital Federal,,Sede del Partido Justicialista,,,CFK-20250610-01,,,,No,🔍 Buscar video,,
18 de junio. Mensaje en la Plaza de Mayo,18/06/2025,Argentina,Capital Federal,,San José 1111,,,CFK-20250618-01,,,,No,🔍 Buscar video,,
Conmemoración del Día de la Bandera,20/06/2025,Argentina,Capital Federal,,San José 1111,20 de junio,,CFK-20250620-01,,,,No,🔍 Buscar video,,
Mensaje a los compañeros y compañeras de La Bancaria en el 52º Congreso del gremio,26/06/2025,Argentina,Capital Federal,,San José 1111,,,CFK-20250626-01,,,,No,🔍 Buscar video,,
Marcha de antorchas en homenaje a Evita. Mensaje a mis compañeros y compañeras en Moreno,26/07/2025,Argentina,Capital Federal,,San José 1111,Evita,,CFK-20250726-01,,,,No,🔍 Buscar video,,